2026-09-28 10:22:58.153 +05:45 [INF] User profile is available. Using 'C:\Users\samshrestha\AppData\Local\ASP.NET\DataProtection-Keys' as key repository and Windows DPAPI to encrypt keys at rest.
2026-09-28 10:22:58.516 +05:45 [INF] Now listening on: http://localhost:5145
2026-09-28 10:22:58.521 +05:45 [INF] Application started. Press Ctrl+C to shut down.
2026-09-28 10:22:58.523 +05:45 [INF] Hosting environment: Development
2026-09-28 10:22:58.525 +05:45 [INF] Content root path: C:\Users\samshrestha\RiderProjects\PollAndVotingSystem\PollAndVotingSystem
2026-09-28 10:23:00.688 +05:45 [INF] Executed DbCommand (87ms) [Parameters=[], CommandType='"Text"', CommandTimeout='0']
SELECT [e].[Id], [e].[CreatedByUserId], [e].[DepartmentId], [e].[Description], [e].[EndDate], [e].[IsLocked], [e].[MinTenureYears], [e].[StartDate], [e].[Status], [e].[Title], [d].[Id], [d].[Name]
FROM [Elections] AS [e]
INNER JOIN [Departments] AS [d] ON [e].[DepartmentId] = [d].[Id]
ORDER BY [e].[StartDate] DESC
2026-09-28 10:23:00.988 +05:45 [INF] Executed DbCommand (31ms) [Parameters=[@electionId='?' (DbType = Int32), @type='?' (DbType = Int32)], CommandType='"Text"', CommandTimeout='0']
SELECT CASE
    WHEN EXISTS (
        SELECT 1
        FROM [Notifications] AS [n]
        WHERE [n].[ElectionId] = @electionId AND [n].[Type] = @type) THEN CAST(1 AS bit)
    ELSE CAST(0 AS bit)
END
2026-09-28 10:23:48.937 +05:45 [INF] Application is shutting down...
2026-09-28 10:39:15.752 +05:45 [INF] User profile is available. Using 'C:\Users\samshrestha\AppData\Local\ASP.NET\DataProtection-Keys' as key repository and Windows DPAPI to encrypt keys at rest.
2026-09-28 10:39:15.973 +05:45 [INF] Now listening on: http://localhost:5145
2026-09-28 10:39:15.978 +05:45 [INF] Application started. Press Ctrl+C to shut down.
2026-09-28 10:39:15.980 +05:45 [INF] Hosting environment: Development
2026-09-28 10:39:15.982 +05:45 [INF] Content root path: C:\Users\samshrestha\RiderProjects\PollAndVotingSystem\PollAndVotingSystem
2026-09-28 10:39:18.071 +05:45 [INF] Executed DbCommand (65ms) [Parameters=[], CommandType='"Text"', CommandTimeout='0']
SELECT [e].[Id], [e].[CreatedByUserId], [e].[DepartmentId], [e].[Description], [e].[EndDate], [e].[IsLocked], [e].[MinTenureYears], [e].[StartDate], [e].[Status], [e].[Title], [d].[Id], [d].[Name]
FROM [Elections] AS [e]
INNER JOIN [Departments] AS [d] ON [e].[DepartmentId] = [d].[Id]
ORDER BY [e].[StartDate] DESC
2026-09-28 10:39:18.443 +05:45 [INF] Executed DbCommand (31ms) [Parameters=[@electionId='?' (DbType = Int32), @type='?' (DbType = Int32)], CommandType='"Text"', CommandTimeout='0']
SELECT CASE
    WHEN EXISTS (
        SELECT 1
        FROM [Notifications] AS [n]
        WHERE [n].[ElectionId] = @electionId AND [n].[Type] = @type) THEN CAST(1 AS bit)
    ELSE CAST(0 AS bit)
END
2026-09-28 10:39:18.497 +05:45 [INF] Executed DbCommand (5ms) [Parameters=[@departmentId='?' (DbType = Int32)], CommandType='"Text"', CommandTimeout='0']
SELECT [u].[Id]
FROM [Users] AS [u]
WHERE [u].[DepartmentId] = @departmentId
2026-09-28 10:39:18.818 +05:45 [INF] Executed DbCommand (39ms) [Parameters=[@p0='?' (DbType = DateTime2), @p1='?' (DbType = Int32), @p2='?' (DbType = Boolean), @p3='?' (Size = 4000), @p4='?' (DbType = Int32), @p5='?' (DbType = Int32), @p6='?' (DbType = DateTime2), @p7='?' (DbType = Int32), @p8='?' (DbType = Boolean), @p9='?' (Size = 4000), @p10='?' (DbType = Int32), @p11='?' (DbType = Int32), @p12='?' (DbType = DateTime2), @p13='?' (DbType = Int32), @p14='?' (DbType = Boolean), @p15='?' (Size = 4000), @p16='?' (DbType = Int32), @p17='?' (DbType = Int32), @p18='?' (DbType = DateTime2), @p19='?' (DbType = Int32), @p20='?' (DbType = Boolean), @p21='?' (Size = 4000), @p22='?' (DbType = Int32), @p23='?' (DbType = Int32), @p24='?' (DbType = DateTime2), @p25='?' (DbType = Int32), @p26='?' (DbType = Boolean), @p27='?' (Size = 4000), @p28='?' (DbType = Int32), @p29='?' (DbType = Int32), @p30='?' (DbType = DateTime2), @p31='?' (DbType = Int32), @p32='?' (DbType = Boolean), @p33='?' (Size = 4000), @p34='?' (DbType = Int32), @p35='?' (DbType = Int32), @p36='?' (DbType = DateTime2), @p37='?' (DbType = Int32), @p38='?' (DbType = Boolean), @p39='?' (Size = 4000), @p40='?' (DbType = Int32), @p41='?' (DbType = Int32), @p42='?' (DbType = DateTime2), @p43='?' (DbType = Int32), @p44='?' (DbType = Boolean), @p45='?' (Size = 4000), @p46='?' (DbType = Int32), @p47='?' (DbType = Int32), @p48='?' (DbType = DateTime2), @p49='?' (DbType = Int32), @p50='?' (DbType = Boolean), @p51='?' (Size = 4000), @p52='?' (DbType = Int32), @p53='?' (DbType = Int32), @p54='?' (DbType = DateTime2), @p55='?' (DbType = Int32), @p56='?' (DbType = Boolean), @p57='?' (Size = 4000), @p58='?' (DbType = Int32), @p59='?' (DbType = Int32), @p60='?' (DbType = DateTime2), @p61='?' (DbType = Int32), @p62='?' (DbType = Boolean), @p63='?' (Size = 4000), @p64='?' (DbType = Int32), @p65='?' (DbType = Int32), @p66='?' (DbType = DateTime2), @p67='?' (DbType = Int32), @p68='?' (DbType = Boolean), @p69='?' (Size = 4000), @p70='?' (DbType = Int32), @p71='?' (DbType = Int32), @p72='?' (DbType = DateTime2), @p73='?' (DbType = Int32), @p74='?' (DbType = Boolean), @p75='?' (Size = 4000), @p76='?' (DbType = Int32), @p77='?' (DbType = Int32), @p78='?' (DbType = DateTime2), @p79='?' (DbType = Int32), @p80='?' (DbType = Boolean), @p81='?' (Size = 4000), @p82='?' (DbType = Int32), @p83='?' (DbType = Int32), @p84='?' (DbType = DateTime2), @p85='?' (DbType = Int32), @p86='?' (DbType = Boolean), @p87='?' (Size = 4000), @p88='?' (DbType = Int32), @p89='?' (DbType = Int32), @p90='?' (DbType = DateTime2), @p91='?' (DbType = Int32), @p92='?' (DbType = Boolean), @p93='?' (Size = 4000), @p94='?' (DbType = Int32), @p95='?' (DbType = Int32), @p96='?' (DbType = DateTime2), @p97='?' (DbType = Int32), @p98='?' (DbType = Boolean), @p99='?' (Size = 4000), @p100='?' (DbType = Int32), @p101='?' (DbType = Int32), @p102='?' (DbType = DateTime2), @p103='?' (DbType = Int32), @p104='?' (DbType = Boolean), @p105='?' (Size = 4000), @p106='?' (DbType = Int32), @p107='?' (DbType = Int32), @p108='?' (DbType = DateTime2), @p109='?' (DbType = Int32), @p110='?' (DbType = Boolean), @p111='?' (Size = 4000), @p112='?' (DbType = Int32), @p113='?' (DbType = Int32), @p114='?' (DbType = DateTime2), @p115='?' (DbType = Int32), @p116='?' (DbType = Boolean), @p117='?' (Size = 4000), @p118='?' (DbType = Int32), @p119='?' (DbType = Int32), @p120='?' (DbType = DateTime2), @p121='?' (DbType = Int32), @p122='?' (DbType = Boolean), @p123='?' (Size = 4000), @p124='?' (DbType = Int32), @p125='?' (DbType = Int32), @p126='?' (DbType = DateTime2), @p127='?' (DbType = Int32), @p128='?' (DbType = Boolean), @p129='?' (Size = 4000), @p130='?' (DbType = Int32), @p131='?' (DbType = Int32), @p132='?' (DbType = DateTime2), @p133='?' (DbType = Int32), @p134='?' (DbType = Boolean), @p135='?' (Size = 4000), @p136='?' (DbType = Int32), @p137='?' (DbType = Int32), @p138='?' (DbType = DateTime2), @p139='?' (DbType = Int32), @p140='?' (DbType = Boolean), @p141='?' (Size = 4000), @p142='?' (DbType = Int32), @p143='?' (DbType = Int32)], CommandType='"Text"', CommandTimeout='0']
SET IMPLICIT_TRANSACTIONS OFF;
SET NOCOUNT ON;
MERGE [Notifications] USING (
VALUES (@p0, @p1, @p2, @p3, @p4, @p5, 0),
(@p6, @p7, @p8, @p9, @p10, @p11, 1),
(@p12, @p13, @p14, @p15, @p16, @p17, 2),
(@p18, @p19, @p20, @p21, @p22, @p23, 3),
(@p24, @p25, @p26, @p27, @p28, @p29, 4),
(@p30, @p31, @p32, @p33, @p34, @p35, 5),
(@p36, @p37, @p38, @p39, @p40, @p41, 6),
(@p42, @p43, @p44, @p45, @p46, @p47, 7),
(@p48, @p49, @p50, @p51, @p52, @p53, 8),
(@p54, @p55, @p56, @p57, @p58, @p59, 9),
(@p60, @p61, @p62, @p63, @p64, @p65, 10),
(@p66, @p67, @p68, @p69, @p70, @p71, 11),
(@p72, @p73, @p74, @p75, @p76, @p77, 12),
(@p78, @p79, @p80, @p81, @p82, @p83, 13),
(@p84, @p85, @p86, @p87, @p88, @p89, 14),
(@p90, @p91, @p92, @p93, @p94, @p95, 15),
(@p96, @p97, @p98, @p99, @p100, @p101, 16),
(@p102, @p103, @p104, @p105, @p106, @p107, 17),
(@p108, @p109, @p110, @p111, @p112, @p113, 18),
(@p114, @p115, @p116, @p117, @p118, @p119, 19),
(@p120, @p121, @p122, @p123, @p124, @p125, 20),
(@p126, @p127, @p128, @p129, @p130, @p131, 21),
(@p132, @p133, @p134, @p135, @p136, @p137, 22),
(@p138, @p139, @p140, @p141, @p142, @p143, 23)) AS i ([CreatedAt], [ElectionId], [IsRead], [Message], [Type], [UserId], _Position) ON 1=0
WHEN NOT MATCHED THEN
INSERT ([CreatedAt], [ElectionId], [IsRead], [Message], [Type], [UserId])
VALUES (i.[CreatedAt], i.[ElectionId], i.[IsRead], i.[Message], i.[Type], i.[UserId])
OUTPUT INSERTED.[Id], i._Position;
2026-09-28 10:39:18.870 +05:45 [INF] Executed DbCommand (1ms) [Parameters=[@electionId='?' (DbType = Int32), @type='?' (DbType = Int32)], CommandType='"Text"', CommandTimeout='0']
SELECT CASE
    WHEN EXISTS (
        SELECT 1
        FROM [Notifications] AS [n]
        WHERE [n].[ElectionId] = @electionId AND [n].[Type] = @type) THEN CAST(1 AS bit)
    ELSE CAST(0 AS bit)
END
2026-09-28 10:39:18.882 +05:45 [INF] Executed DbCommand (1ms) [Parameters=[@departmentId='?' (DbType = Int32)], CommandType='"Text"', CommandTimeout='0']
SELECT [u].[Id]
FROM [Users] AS [u]
WHERE [u].[DepartmentId] = @departmentId
2026-09-28 10:39:18.909 +05:45 [INF] Executed DbCommand (4ms) [Parameters=[@p0='?' (DbType = DateTime2), @p1='?' (DbType = Int32), @p2='?' (DbType = Boolean), @p3='?' (Size = 4000), @p4='?' (DbType = Int32), @p5='?' (DbType = Int32), @p6='?' (DbType = DateTime2), @p7='?' (DbType = Int32), @p8='?' (DbType = Boolean), @p9='?' (Size = 4000), @p10='?' (DbType = Int32), @p11='?' (DbType = Int32), @p12='?' (DbType = DateTime2), @p13='?' (DbType = Int32), @p14='?' (DbType = Boolean), @p15='?' (Size = 4000), @p16='?' (DbType = Int32), @p17='?' (DbType = Int32), @p18='?' (DbType = DateTime2), @p19='?' (DbType = Int32), @p20='?' (DbType = Boolean), @p21='?' (Size = 4000), @p22='?' (DbType = Int32), @p23='?' (DbType = Int32), @p24='?' (DbType = DateTime2), @p25='?' (DbType = Int32), @p26='?' (DbType = Boolean), @p27='?' (Size = 4000), @p28='?' (DbType = Int32), @p29='?' (DbType = Int32), @p30='?' (DbType = DateTime2), @p31='?' (DbType = Int32), @p32='?' (DbType = Boolean), @p33='?' (Size = 4000), @p34='?' (DbType = Int32), @p35='?' (DbType = Int32), @p36='?' (DbType = DateTime2), @p37='?' (DbType = Int32), @p38='?' (DbType = Boolean), @p39='?' (Size = 4000), @p40='?' (DbType = Int32), @p41='?' (DbType = Int32), @p42='?' (DbType = DateTime2), @p43='?' (DbType = Int32), @p44='?' (DbType = Boolean), @p45='?' (Size = 4000), @p46='?' (DbType = Int32), @p47='?' (DbType = Int32), @p48='?' (DbType = DateTime2), @p49='?' (DbType = Int32), @p50='?' (DbType = Boolean), @p51='?' (Size = 4000), @p52='?' (DbType = Int32), @p53='?' (DbType = Int32), @p54='?' (DbType = DateTime2), @p55='?' (DbType = Int32), @p56='?' (DbType = Boolean), @p57='?' (Size = 4000), @p58='?' (DbType = Int32), @p59='?' (DbType = Int32), @p60='?' (DbType = DateTime2), @p61='?' (DbType = Int32), @p62='?' (DbType = Boolean), @p63='?' (Size = 4000), @p64='?' (DbType = Int32), @p65='?' (DbType = Int32), @p66='?' (DbType = DateTime2), @p67='?' (DbType = Int32), @p68='?' (DbType = Boolean), @p69='?' (Size = 4000), @p70='?' (DbType = Int32), @p71='?' (DbType = Int32), @p72='?' (DbType = DateTime2), @p73='?' (DbType = Int32), @p74='?' (DbType = Boolean), @p75='?' (Size = 4000), @p76='?' (DbType = Int32), @p77='?' (DbType = Int32), @p78='?' (DbType = DateTime2), @p79='?' (DbType = Int32), @p80='?' (DbType = Boolean), @p81='?' (Size = 4000), @p82='?' (DbType = Int32), @p83='?' (DbType = Int32), @p84='?' (DbType = DateTime2), @p85='?' (DbType = Int32), @p86='?' (DbType = Boolean), @p87='?' (Size = 4000), @p88='?' (DbType = Int32), @p89='?' (DbType = Int32), @p90='?' (DbType = DateTime2), @p91='?' (DbType = Int32), @p92='?' (DbType = Boolean), @p93='?' (Size = 4000), @p94='?' (DbType = Int32), @p95='?' (DbType = Int32), @p96='?' (DbType = DateTime2), @p97='?' (DbType = Int32), @p98='?' (DbType = Boolean), @p99='?' (Size = 4000), @p100='?' (DbType = Int32), @p101='?' (DbType = Int32), @p102='?' (DbType = DateTime2), @p103='?' (DbType = Int32), @p104='?' (DbType = Boolean), @p105='?' (Size = 4000), @p106='?' (DbType = Int32), @p107='?' (DbType = Int32), @p108='?' (DbType = DateTime2), @p109='?' (DbType = Int32), @p110='?' (DbType = Boolean), @p111='?' (Size = 4000), @p112='?' (DbType = Int32), @p113='?' (DbType = Int32), @p114='?' (DbType = DateTime2), @p115='?' (DbType = Int32), @p116='?' (DbType = Boolean), @p117='?' (Size = 4000), @p118='?' (DbType = Int32), @p119='?' (DbType = Int32), @p120='?' (DbType = DateTime2), @p121='?' (DbType = Int32), @p122='?' (DbType = Boolean), @p123='?' (Size = 4000), @p124='?' (DbType = Int32), @p125='?' (DbType = Int32), @p126='?' (DbType = DateTime2), @p127='?' (DbType = Int32), @p128='?' (DbType = Boolean), @p129='?' (Size = 4000), @p130='?' (DbType = Int32), @p131='?' (DbType = Int32), @p132='?' (DbType = DateTime2), @p133='?' (DbType = Int32), @p134='?' (DbType = Boolean), @p135='?' (Size = 4000), @p136='?' (DbType = Int32), @p137='?' (DbType = Int32), @p138='?' (DbType = DateTime2), @p139='?' (DbType = Int32), @p140='?' (DbType = Boolean), @p141='?' (Size = 4000), @p142='?' (DbType = Int32), @p143='?' (DbType = Int32)], CommandType='"Text"', CommandTimeout='0']
SET IMPLICIT_TRANSACTIONS OFF;
SET NOCOUNT ON;
MERGE [Notifications] USING (
VALUES (@p0, @p1, @p2, @p3, @p4, @p5, 0),
(@p6, @p7, @p8, @p9, @p10, @p11, 1),
(@p12, @p13, @p14, @p15, @p16, @p17, 2),
(@p18, @p19, @p20, @p21, @p22, @p23, 3),
(@p24, @p25, @p26, @p27, @p28, @p29, 4),
(@p30, @p31, @p32, @p33, @p34, @p35, 5),
(@p36, @p37, @p38, @p39, @p40, @p41, 6),
(@p42, @p43, @p44, @p45, @p46, @p47, 7),
(@p48, @p49, @p50, @p51, @p52, @p53, 8),
(@p54, @p55, @p56, @p57, @p58, @p59, 9),
(@p60, @p61, @p62, @p63, @p64, @p65, 10),
(@p66, @p67, @p68, @p69, @p70, @p71, 11),
(@p72, @p73, @p74, @p75, @p76, @p77, 12),
(@p78, @p79, @p80, @p81, @p82, @p83, 13),
(@p84, @p85, @p86, @p87, @p88, @p89, 14),
(@p90, @p91, @p92, @p93, @p94, @p95, 15),
(@p96, @p97, @p98, @p99, @p100, @p101, 16),
(@p102, @p103, @p104, @p105, @p106, @p107, 17),
(@p108, @p109, @p110, @p111, @p112, @p113, 18),
(@p114, @p115, @p116, @p117, @p118, @p119, 19),
(@p120, @p121, @p122, @p123, @p124, @p125, 20),
(@p126, @p127, @p128, @p129, @p130, @p131, 21),
(@p132, @p133, @p134, @p135, @p136, @p137, 22),
(@p138, @p139, @p140, @p141, @p142, @p143, 23)) AS i ([CreatedAt], [ElectionId], [IsRead], [Message], [Type], [UserId], _Position) ON 1=0
WHEN NOT MATCHED THEN
INSERT ([CreatedAt], [ElectionId], [IsRead], [Message], [Type], [UserId])
VALUES (i.[CreatedAt], i.[ElectionId], i.[IsRead], i.[Message], i.[Type], i.[UserId])
OUTPUT INSERTED.[Id], i._Position;
2026-09-28 10:39:18.921 +05:45 [INF] Executed DbCommand (1ms) [Parameters=[@electionId='?' (DbType = Int32), @type='?' (DbType = Int32)], CommandType='"Text"', CommandTimeout='0']
SELECT CASE
    WHEN EXISTS (
        SELECT 1
        FROM [Notifications] AS [n]
        WHERE [n].[ElectionId] = @electionId AND [n].[Type] = @type) THEN CAST(1 AS bit)
    ELSE CAST(0 AS bit)
END
2026-09-28 10:39:18.931 +05:45 [INF] Executed DbCommand (0ms) [Parameters=[@departmentId='?' (DbType = Int32)], CommandType='"Text"', CommandTimeout='0']
SELECT [u].[Id]
FROM [Users] AS [u]
WHERE [u].[DepartmentId] = @departmentId
2026-09-28 10:39:18.946 +05:45 [INF] Executed DbCommand (2ms) [Parameters=[@p0='?' (DbType = DateTime2), @p1='?' (DbType = Int32), @p2='?' (DbType = Boolean), @p3='?' (Size = 4000), @p4='?' (DbType = Int32), @p5='?' (DbType = Int32), @p6='?' (DbType = DateTime2), @p7='?' (DbType = Int32), @p8='?' (DbType = Boolean), @p9='?' (Size = 4000), @p10='?' (DbType = Int32), @p11='?' (DbType = Int32), @p12='?' (DbType = DateTime2), @p13='?' (DbType = Int32), @p14='?' (DbType = Boolean), @p15='?' (Size = 4000), @p16='?' (DbType = Int32), @p17='?' (DbType = Int32), @p18='?' (DbType = DateTime2), @p19='?' (DbType = Int32), @p20='?' (DbType = Boolean), @p21='?' (Size = 4000), @p22='?' (DbType = Int32), @p23='?' (DbType = Int32), @p24='?' (DbType = DateTime2), @p25='?' (DbType = Int32), @p26='?' (DbType = Boolean), @p27='?' (Size = 4000), @p28='?' (DbType = Int32), @p29='?' (DbType = Int32), @p30='?' (DbType = DateTime2), @p31='?' (DbType = Int32), @p32='?' (DbType = Boolean), @p33='?' (Size = 4000), @p34='?' (DbType = Int32), @p35='?' (DbType = Int32), @p36='?' (DbType = DateTime2), @p37='?' (DbType = Int32), @p38='?' (DbType = Boolean), @p39='?' (Size = 4000), @p40='?' (DbType = Int32), @p41='?' (DbType = Int32), @p42='?' (DbType = DateTime2), @p43='?' (DbType = Int32), @p44='?' (DbType = Boolean), @p45='?' (Size = 4000), @p46='?' (DbType = Int32), @p47='?' (DbType = Int32), @p48='?' (DbType = DateTime2), @p49='?' (DbType = Int32), @p50='?' (DbType = Boolean), @p51='?' (Size = 4000), @p52='?' (DbType = Int32), @p53='?' (DbType = Int32), @p54='?' (DbType = DateTime2), @p55='?' (DbType = Int32), @p56='?' (DbType = Boolean), @p57='?' (Size = 4000), @p58='?' (DbType = Int32), @p59='?' (DbType = Int32), @p60='?' (DbType = DateTime2), @p61='?' (DbType = Int32), @p62='?' (DbType = Boolean), @p63='?' (Size = 4000), @p64='?' (DbType = Int32), @p65='?' (DbType = Int32), @p66='?' (DbType = DateTime2), @p67='?' (DbType = Int32), @p68='?' (DbType = Boolean), @p69='?' (Size = 4000), @p70='?' (DbType = Int32), @p71='?' (DbType = Int32), @p72='?' (DbType = DateTime2), @p73='?' (DbType = Int32), @p74='?' (DbType = Boolean), @p75='?' (Size = 4000), @p76='?' (DbType = Int32), @p77='?' (DbType = Int32), @p78='?' (DbType = DateTime2), @p79='?' (DbType = Int32), @p80='?' (DbType = Boolean), @p81='?' (Size = 4000), @p82='?' (DbType = Int32), @p83='?' (DbType = Int32), @p84='?' (DbType = DateTime2), @p85='?' (DbType = Int32), @p86='?' (DbType = Boolean), @p87='?' (Size = 4000), @p88='?' (DbType = Int32), @p89='?' (DbType = Int32), @p90='?' (DbType = DateTime2), @p91='?' (DbType = Int32), @p92='?' (DbType = Boolean), @p93='?' (Size = 4000), @p94='?' (DbType = Int32), @p95='?' (DbType = Int32), @p96='?' (DbType = DateTime2), @p97='?' (DbType = Int32), @p98='?' (DbType = Boolean), @p99='?' (Size = 4000), @p100='?' (DbType = Int32), @p101='?' (DbType = Int32), @p102='?' (DbType = DateTime2), @p103='?' (DbType = Int32), @p104='?' (DbType = Boolean), @p105='?' (Size = 4000), @p106='?' (DbType = Int32), @p107='?' (DbType = Int32), @p108='?' (DbType = DateTime2), @p109='?' (DbType = Int32), @p110='?' (DbType = Boolean), @p111='?' (Size = 4000), @p112='?' (DbType = Int32), @p113='?' (DbType = Int32), @p114='?' (DbType = DateTime2), @p115='?' (DbType = Int32), @p116='?' (DbType = Boolean), @p117='?' (Size = 4000), @p118='?' (DbType = Int32), @p119='?' (DbType = Int32), @p120='?' (DbType = DateTime2), @p121='?' (DbType = Int32), @p122='?' (DbType = Boolean), @p123='?' (Size = 4000), @p124='?' (DbType = Int32), @p125='?' (DbType = Int32), @p126='?' (DbType = DateTime2), @p127='?' (DbType = Int32), @p128='?' (DbType = Boolean), @p129='?' (Size = 4000), @p130='?' (DbType = Int32), @p131='?' (DbType = Int32), @p132='?' (DbType = DateTime2), @p133='?' (DbType = Int32), @p134='?' (DbType = Boolean), @p135='?' (Size = 4000), @p136='?' (DbType = Int32), @p137='?' (DbType = Int32), @p138='?' (DbType = DateTime2), @p139='?' (DbType = Int32), @p140='?' (DbType = Boolean), @p141='?' (Size = 4000), @p142='?' (DbType = Int32), @p143='?' (DbType = Int32)], CommandType='"Text"', CommandTimeout='0']
SET IMPLICIT_TRANSACTIONS OFF;
SET NOCOUNT ON;
MERGE [Notifications] USING (
VALUES (@p0, @p1, @p2, @p3, @p4, @p5, 0),
(@p6, @p7, @p8, @p9, @p10, @p11, 1),
(@p12, @p13, @p14, @p15, @p16, @p17, 2),
(@p18, @p19, @p20, @p21, @p22, @p23, 3),
(@p24, @p25, @p26, @p27, @p28, @p29, 4),
(@p30, @p31, @p32, @p33, @p34, @p35, 5),
(@p36, @p37, @p38, @p39, @p40, @p41, 6),
(@p42, @p43, @p44, @p45, @p46, @p47, 7),
(@p48, @p49, @p50, @p51, @p52, @p53, 8),
(@p54, @p55, @p56, @p57, @p58, @p59, 9),
(@p60, @p61, @p62, @p63, @p64, @p65, 10),
(@p66, @p67, @p68, @p69, @p70, @p71, 11),
(@p72, @p73, @p74, @p75, @p76, @p77, 12),
(@p78, @p79, @p80, @p81, @p82, @p83, 13),
(@p84, @p85, @p86, @p87, @p88, @p89, 14),
(@p90, @p91, @p92, @p93, @p94, @p95, 15),
(@p96, @p97, @p98, @p99, @p100, @p101, 16),
(@p102, @p103, @p104, @p105, @p106, @p107, 17),
(@p108, @p109, @p110, @p111, @p112, @p113, 18),
(@p114, @p115, @p116, @p117, @p118, @p119, 19),
(@p120, @p121, @p122, @p123, @p124, @p125, 20),
(@p126, @p127, @p128, @p129, @p130, @p131, 21),
(@p132, @p133, @p134, @p135, @p136, @p137, 22),
(@p138, @p139, @p140, @p141, @p142, @p143, 23)) AS i ([CreatedAt], [ElectionId], [IsRead], [Message], [Type], [UserId], _Position) ON 1=0
WHEN NOT MATCHED THEN
INSERT ([CreatedAt], [ElectionId], [IsRead], [Message], [Type], [UserId])
VALUES (i.[CreatedAt], i.[ElectionId], i.[IsRead], i.[Message], i.[Type], i.[UserId])
OUTPUT INSERTED.[Id], i._Position;
2026-09-28 10:40:19.208 +05:45 [INF] Request starting HTTP/1.1 OPTIONS http://localhost:5145/api/elections - null null
2026-09-28 10:40:19.337 +05:45 [WRN] Failed to determine the https port for redirect.
2026-09-28 10:40:19.340 +05:45 [INF] CORS policy execution successful.
2026-09-28 10:40:19.353 +05:45 [INF] Request finished HTTP/1.1 OPTIONS http://localhost:5145/api/elections - 204 null null 156.2737ms
2026-09-28 10:40:19.363 +05:45 [INF] Request starting HTTP/1.1 GET http://localhost:5145/api/elections - null null
2026-09-28 10:40:19.380 +05:45 [INF] CORS policy execution successful.
2026-09-28 10:40:19.578 +05:45 [INF] Failed to validate the token.
Microsoft.IdentityModel.Tokens.SecurityTokenExpiredException: IDX10223: Lifetime validation failed. The token is expired. ValidTo (UTC): '9/27/2026 5:38:23 PM', Current time (UTC): '9/28/2026 4:55:19 AM'.
   at Microsoft.IdentityModel.Tokens.ValidatorUtilities.ValidateLifetime(Nullable`1 notBefore, Nullable`1 expires, SecurityToken securityToken, TokenValidationParameters validationParameters)
   at Microsoft.IdentityModel.Tokens.Validators.ValidateLifetime(Nullable`1 notBefore, Nullable`1 expires, SecurityToken securityToken, TokenValidationParameters validationParameters)
   at Microsoft.IdentityModel.JsonWebTokens.JsonWebTokenHandler.ValidateTokenPayloadAsync(JsonWebToken jsonWebToken, TokenValidationParameters validationParameters, BaseConfiguration configuration)
   at Microsoft.IdentityModel.JsonWebTokens.JsonWebTokenHandler.ValidateJWSAsync(JsonWebToken jsonWebToken, TokenValidationParameters validationParameters, BaseConfiguration configuration)
2026-09-28 10:40:19.605 +05:45 [INF] Bearer was not authenticated. Failure message: IDX10223: Lifetime validation failed. The token is expired. ValidTo (UTC): '9/27/2026 5:38:23 PM', Current time (UTC): '9/28/2026 4:55:19 AM'.
2026-09-28 10:40:19.614 +05:45 [INF] Authorization failed. These requirements were not met:
DenyAnonymousAuthorizationRequirement: Requires an authenticated user.
2026-09-28 10:40:19.625 +05:45 [INF] AuthenticationScheme: Bearer was challenged.
2026-09-28 10:40:19.629 +05:45 [INF] Request finished HTTP/1.1 GET http://localhost:5145/api/elections - 401 0 null 265.8918ms
2026-09-28 10:41:34.580 +05:45 [INF] Request starting HTTP/1.1 OPTIONS http://localhost:5145/api/auth/login - null null
2026-09-28 10:41:34.591 +05:45 [INF] CORS policy execution successful.
2026-09-28 10:41:34.593 +05:45 [INF] Request finished HTTP/1.1 OPTIONS http://localhost:5145/api/auth/login - 204 null null 13.4749ms
2026-09-28 10:41:34.600 +05:45 [INF] Request starting HTTP/1.1 POST http://localhost:5145/api/auth/login - application/json 55
2026-09-28 10:41:34.607 +05:45 [INF] CORS policy execution successful.
2026-09-28 10:41:34.614 +05:45 [INF] Executing endpoint 'PollAndVotingSystem.Controllers.AuthController.Login (PollAndVotingSystem)'
2026-09-28 10:41:34.651 +05:45 [INF] Route matched with {action = "Login", controller = "Auth"}. Executing controller action with signature System.Threading.Tasks.Task`1[Microsoft.AspNetCore.Mvc.IActionResult] Login(PollAndVotingSystem.DTOs.Auth.LoginRequestDto) on controller PollAndVotingSystem.Controllers.AuthController (PollAndVotingSystem).
2026-09-28 10:41:34.724 +05:45 [INF] Executing action method PollAndVotingSystem.Controllers.AuthController.Login (PollAndVotingSystem) - Validation state: "Valid"
2026-09-28 10:41:34.843 +05:45 [INF] Executed DbCommand (4ms) [Parameters=[@ToLower='?' (Size = 450)], CommandType='"Text"', CommandTimeout='0']
SELECT TOP(1) [u].[Id], [u].[DateJoined], [u].[DepartmentId], [u].[Email], [u].[Name], [u].[OtpCode], [u].[OtpExpiresAt], [u].[PasswordHash], [u].[Role], [u].[TokenVersion]
FROM [Users] AS [u]
WHERE LOWER([u].[Email]) = @ToLower
2026-09-28 10:41:34.964 +05:45 [INF] Executed action method PollAndVotingSystem.Controllers.AuthController.Login (PollAndVotingSystem), returned result Microsoft.AspNetCore.Mvc.UnauthorizedObjectResult in 231.7141ms.
2026-09-28 10:41:34.977 +05:45 [INF] Executing UnauthorizedObjectResult, writing value of type '<>f__AnonymousType1`1[[System.String, System.Private.CoreLib, Version=10.0.0.0, Culture=neutral, PublicKeyToken=7cec85d7bea7798e]]'.
2026-09-28 10:41:35.001 +05:45 [INF] Executed action PollAndVotingSystem.Controllers.AuthController.Login (PollAndVotingSystem) in 339.374ms
2026-09-28 10:41:35.006 +05:45 [INF] Executed endpoint 'PollAndVotingSystem.Controllers.AuthController.Login (PollAndVotingSystem)'
2026-09-28 10:41:35.021 +05:45 [INF] Request finished HTTP/1.1 POST http://localhost:5145/api/auth/login - 401 null application/json; charset=utf-8 421.4537ms
2026-09-28 10:41:39.162 +05:45 [INF] Request starting HTTP/1.1 POST http://localhost:5145/api/auth/login - application/json 55
2026-09-28 10:41:39.168 +05:45 [INF] CORS policy execution successful.
2026-09-28 10:41:39.172 +05:45 [INF] Executing endpoint 'PollAndVotingSystem.Controllers.AuthController.Login (PollAndVotingSystem)'
2026-09-28 10:41:39.176 +05:45 [INF] Route matched with {action = "Login", controller = "Auth"}. Executing controller action with signature System.Threading.Tasks.Task`1[Microsoft.AspNetCore.Mvc.IActionResult] Login(PollAndVotingSystem.DTOs.Auth.LoginRequestDto) on controller PollAndVotingSystem.Controllers.AuthController (PollAndVotingSystem).
2026-09-28 10:41:39.181 +05:45 [INF] Executing action method PollAndVotingSystem.Controllers.AuthController.Login (PollAndVotingSystem) - Validation state: "Valid"
2026-09-28 10:41:39.203 +05:45 [INF] Executed DbCommand (1ms) [Parameters=[@ToLower='?' (Size = 450)], CommandType='"Text"', CommandTimeout='0']
SELECT TOP(1) [u].[Id], [u].[DateJoined], [u].[DepartmentId], [u].[Email], [u].[Name], [u].[OtpCode], [u].[OtpExpiresAt], [u].[PasswordHash], [u].[Role], [u].[TokenVersion]
FROM [Users] AS [u]
WHERE LOWER([u].[Email]) = @ToLower
2026-09-28 10:41:39.286 +05:45 [INF] Executed action method PollAndVotingSystem.Controllers.AuthController.Login (PollAndVotingSystem), returned result Microsoft.AspNetCore.Mvc.UnauthorizedObjectResult in 103.3931ms.
2026-09-28 10:41:39.291 +05:45 [INF] Executing UnauthorizedObjectResult, writing value of type '<>f__AnonymousType1`1[[System.String, System.Private.CoreLib, Version=10.0.0.0, Culture=neutral, PublicKeyToken=7cec85d7bea7798e]]'.
2026-09-28 10:41:39.295 +05:45 [INF] Executed action PollAndVotingSystem.Controllers.AuthController.Login (PollAndVotingSystem) in 115.7371ms
2026-09-28 10:41:39.298 +05:45 [INF] Executed endpoint 'PollAndVotingSystem.Controllers.AuthController.Login (PollAndVotingSystem)'
2026-09-28 10:41:39.301 +05:45 [INF] Request finished HTTP/1.1 POST http://localhost:5145/api/auth/login - 401 null application/json; charset=utf-8 138.9576ms
2026-09-28 10:41:52.699 +05:45 [INF] Request starting HTTP/1.1 OPTIONS http://localhost:5145/api/auth/login - null null
2026-09-28 10:41:52.707 +05:45 [INF] CORS policy execution successful.
2026-09-28 10:41:52.708 +05:45 [INF] Request finished HTTP/1.1 OPTIONS http://localhost:5145/api/auth/login - 204 null null 9.1973ms
2026-09-28 10:41:52.714 +05:45 [INF] Request starting HTTP/1.1 POST http://localhost:5145/api/auth/login - application/json 58
2026-09-28 10:41:52.720 +05:45 [INF] CORS policy execution successful.
2026-09-28 10:41:52.723 +05:45 [INF] Executing endpoint 'PollAndVotingSystem.Controllers.AuthController.Login (PollAndVotingSystem)'
2026-09-28 10:41:52.726 +05:45 [INF] Route matched with {action = "Login", controller = "Auth"}. Executing controller action with signature System.Threading.Tasks.Task`1[Microsoft.AspNetCore.Mvc.IActionResult] Login(PollAndVotingSystem.DTOs.Auth.LoginRequestDto) on controller PollAndVotingSystem.Controllers.AuthController (PollAndVotingSystem).
2026-09-28 10:41:52.733 +05:45 [INF] Executing action method PollAndVotingSystem.Controllers.AuthController.Login (PollAndVotingSystem) - Validation state: "Valid"
2026-09-28 10:41:52.744 +05:45 [INF] Executed DbCommand (1ms) [Parameters=[@ToLower='?' (Size = 450)], CommandType='"Text"', CommandTimeout='0']
SELECT TOP(1) [u].[Id], [u].[DateJoined], [u].[DepartmentId], [u].[Email], [u].[Name], [u].[OtpCode], [u].[OtpExpiresAt], [u].[PasswordHash], [u].[Role], [u].[TokenVersion]
FROM [Users] AS [u]
WHERE LOWER([u].[Email]) = @ToLower
2026-09-28 10:41:52.864 +05:45 [INF] Executed action method PollAndVotingSystem.Controllers.AuthController.Login (PollAndVotingSystem), returned result Microsoft.AspNetCore.Mvc.UnauthorizedObjectResult in 127.5557ms.
2026-09-28 10:41:52.868 +05:45 [INF] Executing UnauthorizedObjectResult, writing value of type '<>f__AnonymousType1`1[[System.String, System.Private.CoreLib, Version=10.0.0.0, Culture=neutral, PublicKeyToken=7cec85d7bea7798e]]'.
2026-09-28 10:41:52.875 +05:45 [INF] Executed action PollAndVotingSystem.Controllers.AuthController.Login (PollAndVotingSystem) in 145.5628ms
2026-09-28 10:41:52.880 +05:45 [INF] Executed endpoint 'PollAndVotingSystem.Controllers.AuthController.Login (PollAndVotingSystem)'
2026-09-28 10:41:52.884 +05:45 [INF] Request finished HTTP/1.1 POST http://localhost:5145/api/auth/login - 401 null application/json; charset=utf-8 170.0098ms
2026-09-28 10:42:07.966 +05:45 [INF] Request starting HTTP/1.1 OPTIONS http://localhost:5145/api/auth/login - null null
2026-09-28 10:42:07.973 +05:45 [INF] CORS policy execution successful.
2026-09-28 10:42:07.975 +05:45 [INF] Request finished HTTP/1.1 OPTIONS http://localhost:5145/api/auth/login - 204 null null 8.7874ms
2026-09-28 10:42:07.985 +05:45 [INF] Request starting HTTP/1.1 POST http://localhost:5145/api/auth/login - application/json 55
2026-09-28 10:42:07.993 +05:45 [INF] CORS policy execution successful.
2026-09-28 10:42:07.996 +05:45 [INF] Executing endpoint 'PollAndVotingSystem.Controllers.AuthController.Login (PollAndVotingSystem)'
2026-09-28 10:42:07.999 +05:45 [INF] Route matched with {action = "Login", controller = "Auth"}. Executing controller action with signature System.Threading.Tasks.Task`1[Microsoft.AspNetCore.Mvc.IActionResult] Login(PollAndVotingSystem.DTOs.Auth.LoginRequestDto) on controller PollAndVotingSystem.Controllers.AuthController (PollAndVotingSystem).
2026-09-28 10:42:08.006 +05:45 [INF] Executing action method PollAndVotingSystem.Controllers.AuthController.Login (PollAndVotingSystem) - Validation state: "Valid"
2026-09-28 10:42:08.022 +05:45 [INF] Executed DbCommand (5ms) [Parameters=[@ToLower='?' (Size = 450)], CommandType='"Text"', CommandTimeout='0']
SELECT TOP(1) [u].[Id], [u].[DateJoined], [u].[DepartmentId], [u].[Email], [u].[Name], [u].[OtpCode], [u].[OtpExpiresAt], [u].[PasswordHash], [u].[Role], [u].[TokenVersion]
FROM [Users] AS [u]
WHERE LOWER([u].[Email]) = @ToLower
2026-09-28 10:42:08.241 +05:45 [INF] Executed action method PollAndVotingSystem.Controllers.AuthController.Login (PollAndVotingSystem), returned result Microsoft.AspNetCore.Mvc.OkObjectResult in 231.5106ms.
2026-09-28 10:42:08.251 +05:45 [INF] Executing OkObjectResult, writing value of type 'PollAndVotingSystem.DTOs.Auth.AuthResponseDto'.
2026-09-28 10:42:08.274 +05:45 [INF] Executed action PollAndVotingSystem.Controllers.AuthController.Login (PollAndVotingSystem) in 268.2762ms
2026-09-28 10:42:08.280 +05:45 [INF] Executed endpoint 'PollAndVotingSystem.Controllers.AuthController.Login (PollAndVotingSystem)'
2026-09-28 10:42:08.287 +05:45 [INF] Request finished HTTP/1.1 POST http://localhost:5145/api/auth/login - 200 null application/json; charset=utf-8 301.5169ms
2026-09-28 10:42:08.319 +05:45 [INF] Request starting HTTP/1.1 OPTIONS http://localhost:5145/api/elections - null null
2026-09-28 10:42:08.327 +05:45 [INF] CORS policy execution successful.
2026-09-28 10:42:08.328 +05:45 [INF] Request finished HTTP/1.1 OPTIONS http://localhost:5145/api/elections - 204 null null 9.4911ms
2026-09-28 10:42:08.336 +05:45 [INF] Request starting HTTP/1.1 GET http://localhost:5145/api/elections - null null
2026-09-28 10:42:08.342 +05:45 [INF] CORS policy execution successful.
2026-09-28 10:42:08.406 +05:45 [INF] Executed DbCommand (3ms) [Parameters=[@p='?' (DbType = Int32)], CommandType='"Text"', CommandTimeout='0']
SELECT TOP(1) [u].[Id], [u].[DateJoined], [u].[DepartmentId], [u].[Email], [u].[Name], [u].[OtpCode], [u].[OtpExpiresAt], [u].[PasswordHash], [u].[Role], [u].[TokenVersion]
FROM [Users] AS [u]
WHERE [u].[Id] = @p
2026-09-28 10:42:08.426 +05:45 [INF] Executing endpoint 'PollAndVotingSystem.Controllers.ElectionsController.GetAll (PollAndVotingSystem)'
2026-09-28 10:42:08.446 +05:45 [INF] Route matched with {action = "GetAll", controller = "Elections"}. Executing controller action with signature System.Threading.Tasks.Task`1[Microsoft.AspNetCore.Mvc.IActionResult] GetAll() on controller PollAndVotingSystem.Controllers.ElectionsController (PollAndVotingSystem).
2026-09-28 10:42:08.463 +05:45 [INF] Executing action method PollAndVotingSystem.Controllers.ElectionsController.GetAll (PollAndVotingSystem) - Validation state: "Valid"
2026-09-28 10:42:08.500 +05:45 [INF] Executed DbCommand (4ms) [Parameters=[@departmentId='?' (DbType = Int32)], CommandType='"Text"', CommandTimeout='0']
SELECT [e].[Id], [e].[CreatedByUserId], [e].[DepartmentId], [e].[Description], [e].[EndDate], [e].[IsLocked], [e].[MinTenureYears], [e].[StartDate], [e].[Status], [e].[Title], [d].[Id], [d].[Name]
FROM [Elections] AS [e]
INNER JOIN [Departments] AS [d] ON [e].[DepartmentId] = [d].[Id]
WHERE [e].[DepartmentId] = @departmentId
ORDER BY [e].[StartDate] DESC
2026-09-28 10:42:08.511 +05:45 [INF] Executed action method PollAndVotingSystem.Controllers.ElectionsController.GetAll (PollAndVotingSystem), returned result Microsoft.AspNetCore.Mvc.OkObjectResult in 41.4937ms.
2026-09-28 10:42:08.514 +05:45 [INF] Executing OkObjectResult, writing value of type 'System.Collections.Generic.List`1[[PollAndVotingSystem.DTOs.Election.ElectionResponseDto, PollAndVotingSystem, Version=1.0.0.0, Culture=neutral, PublicKeyToken=null]]'.
2026-09-28 10:42:08.539 +05:45 [INF] Executed action PollAndVotingSystem.Controllers.ElectionsController.GetAll (PollAndVotingSystem) in 82.9007ms
2026-09-28 10:42:08.542 +05:45 [INF] Executed endpoint 'PollAndVotingSystem.Controllers.ElectionsController.GetAll (PollAndVotingSystem)'
2026-09-28 10:42:08.544 +05:45 [INF] Request finished HTTP/1.1 GET http://localhost:5145/api/elections - 200 null application/json; charset=utf-8 208.366ms
2026-09-28 10:42:08.555 +05:45 [INF] Request starting HTTP/1.1 OPTIONS http://localhost:5145/api/votes/election/1/results - null null
2026-09-28 10:42:08.563 +05:45 [INF] CORS policy execution successful.
2026-09-28 10:42:08.566 +05:45 [INF] Request finished HTTP/1.1 OPTIONS http://localhost:5145/api/votes/election/1/results - 204 null null 10.7408ms
2026-09-28 10:42:08.575 +05:45 [INF] Request starting HTTP/1.1 GET http://localhost:5145/api/votes/election/1/results - null null
2026-09-28 10:42:08.583 +05:45 [INF] CORS policy execution successful.
2026-09-28 10:42:08.596 +05:45 [INF] Executed DbCommand (1ms) [Parameters=[@p='?' (DbType = Int32)], CommandType='"Text"', CommandTimeout='0']
SELECT TOP(1) [u].[Id], [u].[DateJoined], [u].[DepartmentId], [u].[Email], [u].[Name], [u].[OtpCode], [u].[OtpExpiresAt], [u].[PasswordHash], [u].[Role], [u].[TokenVersion]
FROM [Users] AS [u]
WHERE [u].[Id] = @p
2026-09-28 10:42:08.604 +05:45 [INF] Executing endpoint 'PollAndVotingSystem.Controllers.VotesController.GetResults (PollAndVotingSystem)'
2026-09-28 10:42:08.618 +05:45 [INF] Route matched with {action = "GetResults", controller = "Votes"}. Executing controller action with signature System.Threading.Tasks.Task`1[Microsoft.AspNetCore.Mvc.IActionResult] GetResults(Int32) on controller PollAndVotingSystem.Controllers.VotesController (PollAndVotingSystem).
2026-09-28 10:42:08.624 +05:45 [INF] Executing action method PollAndVotingSystem.Controllers.VotesController.GetResults (PollAndVotingSystem) - Validation state: "Valid"
2026-09-28 10:42:08.652 +05:45 [INF] Executed DbCommand (1ms) [Parameters=[@p='?' (DbType = Int32)], CommandType='"Text"', CommandTimeout='0']
SELECT TOP(1) [e].[Id], [e].[CreatedByUserId], [e].[DepartmentId], [e].[Description], [e].[EndDate], [e].[IsLocked], [e].[MinTenureYears], [e].[StartDate], [e].[Status], [e].[Title]
FROM [Elections] AS [e]
WHERE [e].[Id] = @p
2026-09-28 10:42:08.702 +05:45 [INF] Executed DbCommand (6ms) [Parameters=[@electionId='?' (DbType = Int32)], CommandType='"Text"', CommandTimeout='0']
SELECT [v].[Id], [v].[CandidateId], [v].[ElectionId], [v].[Timestamp], [v].[VoterId], [c].[Id], [c].[ApplicationId], [c].[ElectionId], [c].[UserId], [u].[Id], [u].[DateJoined], [u].[DepartmentId], [u].[Email], [u].[Name], [u].[OtpCode], [u].[OtpExpiresAt], [u].[PasswordHash], [u].[Role], [u].[TokenVersion]
FROM [Votes] AS [v]
INNER JOIN [Candidates] AS [c] ON [v].[CandidateId] = [c].[Id]
INNER JOIN [Users] AS [u] ON [c].[UserId] = [u].[Id]
WHERE [v].[ElectionId] = @electionId
2026-09-28 10:42:08.754 +05:45 [INF] Executed action method PollAndVotingSystem.Controllers.VotesController.GetResults (PollAndVotingSystem), returned result Microsoft.AspNetCore.Mvc.OkObjectResult in 125.912ms.
2026-09-28 10:42:08.758 +05:45 [INF] Executing OkObjectResult, writing value of type 'PollAndVotingSystem.DTOs.Vote.ElectionResultsResponseDto'.
2026-09-28 10:42:08.766 +05:45 [INF] Executed action PollAndVotingSystem.Controllers.VotesController.GetResults (PollAndVotingSystem) in 143.0764ms
2026-09-28 10:42:08.769 +05:45 [INF] Executed endpoint 'PollAndVotingSystem.Controllers.VotesController.GetResults (PollAndVotingSystem)'
2026-09-28 10:42:08.772 +05:45 [INF] Request finished HTTP/1.1 GET http://localhost:5145/api/votes/election/1/results - 200 null application/json; charset=utf-8 196.5818ms
2026-09-28 10:42:08.783 +05:45 [INF] Request starting HTTP/1.1 OPTIONS http://localhost:5145/hubs/election-results/negotiate?negotiateVersion=1 - null null
2026-09-28 10:42:08.794 +05:45 [INF] CORS policy execution successful.
2026-09-28 10:42:08.796 +05:45 [INF] Request finished HTTP/1.1 OPTIONS http://localhost:5145/hubs/election-results/negotiate?negotiateVersion=1 - 204 null null 12.6994ms
2026-09-28 10:42:08.800 +05:45 [INF] Request starting HTTP/1.1 POST http://localhost:5145/hubs/election-results/negotiate?negotiateVersion=1 - null 0
2026-09-28 10:42:08.813 +05:45 [INF] CORS policy execution successful.
2026-09-28 10:42:08.823 +05:45 [INF] Executed DbCommand (1ms) [Parameters=[@p='?' (DbType = Int32)], CommandType='"Text"', CommandTimeout='0']
SELECT TOP(1) [u].[Id], [u].[DateJoined], [u].[DepartmentId], [u].[Email], [u].[Name], [u].[OtpCode], [u].[OtpExpiresAt], [u].[PasswordHash], [u].[Role], [u].[TokenVersion]
FROM [Users] AS [u]
WHERE [u].[Id] = @p
2026-09-28 10:42:08.830 +05:45 [INF] Executing endpoint '/hubs/election-results/negotiate'
2026-09-28 10:42:08.848 +05:45 [INF] Executed endpoint '/hubs/election-results/negotiate'
2026-09-28 10:42:08.852 +05:45 [INF] Request finished HTTP/1.1 POST http://localhost:5145/hubs/election-results/negotiate?negotiateVersion=1 - 200 316 application/json 52.4874ms
2026-09-28 10:42:08.854 +05:45 [INF] Request starting HTTP/1.1 GET http://localhost:5145/hubs/election-results?id=ZS4Gmi8KzIYtLm6gHEM9jQ&access_token=eyJhbGciOiJIUzI1NiIsInR5cCI6IkpXVCJ9.eyJodHRwOi8vc2NoZW1hcy54bWxzb2FwLm9yZy93cy8yMDA1LzA1L2lkZW50aXR5L2NsYWltcy9uYW1laWRlbnRpZmllciI6IjEiLCJodHRwOi8vc2NoZW1hcy54bWxzb2FwLm9yZy93cy8yMDA1LzA1L2lkZW50aXR5L2NsYWltcy9lbWFpbGFkZHJlc3MiOiJhYXJhdi5lbmdAa3RtdGVjaC5jb20iLCJodHRwOi8vc2NoZW1hcy5taWNyb3NvZnQuY29tL3dzLzIwMDgvMDYvaWRlbnRpdHkvY2xhaW1zL3JvbGUiOiJBZG1pbiIsImRlcGFydG1lbnRJZCI6IjEiLCJ0b2tlblZlcnNpb24iOiIxIiwiZXhwIjoxNzkwNTc1MDI4LCJpc3MiOiJQb2xsQW5kVm90aW5nU3lzdGVtIiwiYXVkIjoiUG9sbEFuZFZvdGluZ1N5c3RlbUNsaWVudCJ9.3pfBZmIqslmRnbEpkmvAoDq4PW8NYw0RYKAVnxja5lc - null null
2026-09-28 10:42:08.871 +05:45 [INF] CORS policy execution successful.
2026-09-28 10:42:08.876 +05:45 [INF] Authorization failed. These requirements were not met:
RolesAuthorizationRequirement:User.IsInRole must be true for one of the following roles: (Admin)
2026-09-28 10:42:08.879 +05:45 [INF] AuthenticationScheme: Bearer was challenged.
2026-09-28 10:42:08.883 +05:45 [INF] Request finished HTTP/1.1 GET http://localhost:5145/hubs/election-results?id=ZS4Gmi8KzIYtLm6gHEM9jQ&access_token=eyJhbGciOiJIUzI1NiIsInR5cCI6IkpXVCJ9.eyJodHRwOi8vc2NoZW1hcy54bWxzb2FwLm9yZy93cy8yMDA1LzA1L2lkZW50aXR5L2NsYWltcy9uYW1laWRlbnRpZmllciI6IjEiLCJodHRwOi8vc2NoZW1hcy54bWxzb2FwLm9yZy93cy8yMDA1LzA1L2lkZW50aXR5L2NsYWltcy9lbWFpbGFkZHJlc3MiOiJhYXJhdi5lbmdAa3RtdGVjaC5jb20iLCJodHRwOi8vc2NoZW1hcy5taWNyb3NvZnQuY29tL3dzLzIwMDgvMDYvaWRlbnRpdHkvY2xhaW1zL3JvbGUiOiJBZG1pbiIsImRlcGFydG1lbnRJZCI6IjEiLCJ0b2tlblZlcnNpb24iOiIxIiwiZXhwIjoxNzkwNTc1MDI4LCJpc3MiOiJQb2xsQW5kVm90aW5nU3lzdGVtIiwiYXVkIjoiUG9sbEFuZFZvdGluZ1N5c3RlbUNsaWVudCJ9.3pfBZmIqslmRnbEpkmvAoDq4PW8NYw0RYKAVnxja5lc - 401 0 null 29.182ms
2026-09-28 10:42:08.887 +05:45 [INF] Request starting HTTP/1.1 OPTIONS http://localhost:5145/hubs/election-results/negotiate?negotiateVersion=1 - null null
2026-09-28 10:42:08.902 +05:45 [INF] CORS policy execution successful.
2026-09-28 10:42:08.905 +05:45 [INF] Request finished HTTP/1.1 OPTIONS http://localhost:5145/hubs/election-results/negotiate?negotiateVersion=1 - 204 null null 18.1143ms
2026-09-28 10:42:08.906 +05:45 [INF] Request starting HTTP/1.1 POST http://localhost:5145/hubs/election-results/negotiate?negotiateVersion=1 - null 0
2026-09-28 10:42:08.921 +05:45 [INF] CORS policy execution successful.
2026-09-28 10:42:08.937 +05:45 [INF] Executed DbCommand (1ms) [Parameters=[@p='?' (DbType = Int32)], CommandType='"Text"', CommandTimeout='0']
SELECT TOP(1) [u].[Id], [u].[DateJoined], [u].[DepartmentId], [u].[Email], [u].[Name], [u].[OtpCode], [u].[OtpExpiresAt], [u].[PasswordHash], [u].[Role], [u].[TokenVersion]
FROM [Users] AS [u]
WHERE [u].[Id] = @p
2026-09-28 10:42:08.946 +05:45 [INF] Executing endpoint '/hubs/election-results/negotiate'
2026-09-28 10:42:08.952 +05:45 [INF] Executed endpoint '/hubs/election-results/negotiate'
2026-09-28 10:42:08.956 +05:45 [INF] Request finished HTTP/1.1 POST http://localhost:5145/hubs/election-results/negotiate?negotiateVersion=1 - 200 316 application/json 49.6307ms
2026-09-28 10:42:08.967 +05:45 [INF] Request starting HTTP/1.1 GET http://localhost:5145/hubs/election-results?id=gtVTxOVAZV494RY9LQwQ_A&access_token=eyJhbGciOiJIUzI1NiIsInR5cCI6IkpXVCJ9.eyJodHRwOi8vc2NoZW1hcy54bWxzb2FwLm9yZy93cy8yMDA1LzA1L2lkZW50aXR5L2NsYWltcy9uYW1laWRlbnRpZmllciI6IjEiLCJodHRwOi8vc2NoZW1hcy54bWxzb2FwLm9yZy93cy8yMDA1LzA1L2lkZW50aXR5L2NsYWltcy9lbWFpbGFkZHJlc3MiOiJhYXJhdi5lbmdAa3RtdGVjaC5jb20iLCJodHRwOi8vc2NoZW1hcy5taWNyb3NvZnQuY29tL3dzLzIwMDgvMDYvaWRlbnRpdHkvY2xhaW1zL3JvbGUiOiJBZG1pbiIsImRlcGFydG1lbnRJZCI6IjEiLCJ0b2tlblZlcnNpb24iOiIxIiwiZXhwIjoxNzkwNTc1MDI4LCJpc3MiOiJQb2xsQW5kVm90aW5nU3lzdGVtIiwiYXVkIjoiUG9sbEFuZFZvdGluZ1N5c3RlbUNsaWVudCJ9.3pfBZmIqslmRnbEpkmvAoDq4PW8NYw0RYKAVnxja5lc - null null
2026-09-28 10:42:08.976 +05:45 [INF] CORS policy execution successful.
2026-09-28 10:42:08.979 +05:45 [INF] Authorization failed. These requirements were not met:
RolesAuthorizationRequirement:User.IsInRole must be true for one of the following roles: (Admin)
2026-09-28 10:42:08.983 +05:45 [INF] AuthenticationScheme: Bearer was challenged.
2026-09-28 10:42:08.986 +05:45 [INF] Request finished HTTP/1.1 GET http://localhost:5145/hubs/election-results?id=gtVTxOVAZV494RY9LQwQ_A&access_token=eyJhbGciOiJIUzI1NiIsInR5cCI6IkpXVCJ9.eyJodHRwOi8vc2NoZW1hcy54bWxzb2FwLm9yZy93cy8yMDA1LzA1L2lkZW50aXR5L2NsYWltcy9uYW1laWRlbnRpZmllciI6IjEiLCJodHRwOi8vc2NoZW1hcy54bWxzb2FwLm9yZy93cy8yMDA1LzA1L2lkZW50aXR5L2NsYWltcy9lbWFpbGFkZHJlc3MiOiJhYXJhdi5lbmdAa3RtdGVjaC5jb20iLCJodHRwOi8vc2NoZW1hcy5taWNyb3NvZnQuY29tL3dzLzIwMDgvMDYvaWRlbnRpdHkvY2xhaW1zL3JvbGUiOiJBZG1pbiIsImRlcGFydG1lbnRJZCI6IjEiLCJ0b2tlblZlcnNpb24iOiIxIiwiZXhwIjoxNzkwNTc1MDI4LCJpc3MiOiJQb2xsQW5kVm90aW5nU3lzdGVtIiwiYXVkIjoiUG9sbEFuZFZvdGluZ1N5c3RlbUNsaWVudCJ9.3pfBZmIqslmRnbEpkmvAoDq4PW8NYw0RYKAVnxja5lc - 401 0 null 18.3159ms
2026-09-28 10:42:08.988 +05:45 [INF] Request starting HTTP/1.1 OPTIONS http://localhost:5145/hubs/election-results/negotiate?negotiateVersion=1 - null null
2026-09-28 10:42:09.001 +05:45 [INF] CORS policy execution successful.
2026-09-28 10:42:09.003 +05:45 [INF] Request finished HTTP/1.1 OPTIONS http://localhost:5145/hubs/election-results/negotiate?negotiateVersion=1 - 204 null null 15.1736ms
2026-09-28 10:42:09.005 +05:45 [INF] Request starting HTTP/1.1 POST http://localhost:5145/hubs/election-results/negotiate?negotiateVersion=1 - null 0
2026-09-28 10:42:09.018 +05:45 [INF] CORS policy execution successful.
2026-09-28 10:42:09.029 +05:45 [INF] Executed DbCommand (1ms) [Parameters=[@p='?' (DbType = Int32)], CommandType='"Text"', CommandTimeout='0']
SELECT TOP(1) [u].[Id], [u].[DateJoined], [u].[DepartmentId], [u].[Email], [u].[Name], [u].[OtpCode], [u].[OtpExpiresAt], [u].[PasswordHash], [u].[Role], [u].[TokenVersion]
FROM [Users] AS [u]
WHERE [u].[Id] = @p
2026-09-28 10:42:09.036 +05:45 [INF] Executing endpoint '/hubs/election-results/negotiate'
2026-09-28 10:42:09.055 +05:45 [INF] Executed endpoint '/hubs/election-results/negotiate'
2026-09-28 10:42:09.058 +05:45 [INF] Request starting HTTP/1.1 OPTIONS http://localhost:5145/hubs/election-results?id=4t5lgGzKYgK7Odkhea5faQ&_=1790571429057 - null null
2026-09-28 10:42:09.059 +05:45 [INF] Request finished HTTP/1.1 POST http://localhost:5145/hubs/election-results/negotiate?negotiateVersion=1 - 200 316 application/json 54.0487ms
2026-09-28 10:42:09.064 +05:45 [INF] CORS policy execution successful.
2026-09-28 10:42:09.074 +05:45 [INF] Request finished HTTP/1.1 OPTIONS http://localhost:5145/hubs/election-results?id=4t5lgGzKYgK7Odkhea5faQ&_=1790571429057 - 204 null null 15.5683ms
2026-09-28 10:42:09.076 +05:45 [INF] Request starting HTTP/1.1 GET http://localhost:5145/hubs/election-results?id=4t5lgGzKYgK7Odkhea5faQ&_=1790571429057 - null null
2026-09-28 10:42:09.089 +05:45 [INF] CORS policy execution successful.
2026-09-28 10:42:09.098 +05:45 [INF] Executed DbCommand (1ms) [Parameters=[@p='?' (DbType = Int32)], CommandType='"Text"', CommandTimeout='0']
SELECT TOP(1) [u].[Id], [u].[DateJoined], [u].[DepartmentId], [u].[Email], [u].[Name], [u].[OtpCode], [u].[OtpExpiresAt], [u].[PasswordHash], [u].[Role], [u].[TokenVersion]
FROM [Users] AS [u]
WHERE [u].[Id] = @p
2026-09-28 10:42:09.103 +05:45 [INF] Executing endpoint '/hubs/election-results'
2026-09-28 10:42:09.137 +05:45 [INF] Executed endpoint '/hubs/election-results'
2026-09-28 10:42:09.141 +05:45 [INF] Request starting HTTP/1.1 OPTIONS http://localhost:5145/hubs/election-results?id=4t5lgGzKYgK7Odkhea5faQ&_=1790571429139 - null null
2026-09-28 10:42:09.143 +05:45 [INF] Request starting HTTP/1.1 OPTIONS http://localhost:5145/hubs/election-results?id=4t5lgGzKYgK7Odkhea5faQ - null null
2026-09-28 10:42:09.144 +05:45 [INF] Request finished HTTP/1.1 GET http://localhost:5145/hubs/election-results?id=4t5lgGzKYgK7Odkhea5faQ&_=1790571429057 - 200 0 application/octet-stream 68.247ms
2026-09-28 10:42:09.154 +05:45 [INF] CORS policy execution successful.
2026-09-28 10:42:09.160 +05:45 [INF] CORS policy execution successful.
2026-09-28 10:42:09.177 +05:45 [INF] Request finished HTTP/1.1 OPTIONS http://localhost:5145/hubs/election-results?id=4t5lgGzKYgK7Odkhea5faQ&_=1790571429139 - 204 null null 36.0065ms
2026-09-28 10:42:09.179 +05:45 [INF] Request starting HTTP/1.1 GET http://localhost:5145/hubs/election-results?id=4t5lgGzKYgK7Odkhea5faQ&_=1790571429139 - null null
2026-09-28 10:42:09.179 +05:45 [INF] Request finished HTTP/1.1 OPTIONS http://localhost:5145/hubs/election-results?id=4t5lgGzKYgK7Odkhea5faQ - 204 null null 36.5641ms
2026-09-28 10:42:09.182 +05:45 [INF] Request starting HTTP/1.1 POST http://localhost:5145/hubs/election-results?id=4t5lgGzKYgK7Odkhea5faQ - text/plain;charset=UTF-8 32
2026-09-28 10:42:09.193 +05:45 [INF] CORS policy execution successful.
2026-09-28 10:42:09.216 +05:45 [INF] CORS policy execution successful.
2026-09-28 10:42:09.232 +05:45 [INF] Executed DbCommand (1ms) [Parameters=[@p='?' (DbType = Int32)], CommandType='"Text"', CommandTimeout='0']
SELECT TOP(1) [u].[Id], [u].[DateJoined], [u].[DepartmentId], [u].[Email], [u].[Name], [u].[OtpCode], [u].[OtpExpiresAt], [u].[PasswordHash], [u].[Role], [u].[TokenVersion]
FROM [Users] AS [u]
WHERE [u].[Id] = @p
2026-09-28 10:42:09.233 +05:45 [INF] Executed DbCommand (3ms) [Parameters=[@p='?' (DbType = Int32)], CommandType='"Text"', CommandTimeout='0']
SELECT TOP(1) [u].[Id], [u].[DateJoined], [u].[DepartmentId], [u].[Email], [u].[Name], [u].[OtpCode], [u].[OtpExpiresAt], [u].[PasswordHash], [u].[Role], [u].[TokenVersion]
FROM [Users] AS [u]
WHERE [u].[Id] = @p
2026-09-28 10:42:09.240 +05:45 [INF] Executing endpoint '/hubs/election-results'
2026-09-28 10:42:09.251 +05:45 [INF] Executing endpoint '/hubs/election-results'
2026-09-28 10:42:09.259 +05:45 [INF] Executed endpoint '/hubs/election-results'
2026-09-28 10:42:09.268 +05:45 [INF] Request finished HTTP/1.1 POST http://localhost:5145/hubs/election-results?id=4t5lgGzKYgK7Odkhea5faQ - 200 0 text/plain 85.3749ms
2026-09-28 10:42:09.273 +05:45 [INF] Request starting HTTP/1.1 OPTIONS http://localhost:5145/hubs/election-results?id=4t5lgGzKYgK7Odkhea5faQ&_=1790571429271 - null null
2026-09-28 10:42:09.273 +05:45 [INF] Request starting HTTP/1.1 OPTIONS http://localhost:5145/hubs/election-results?id=4t5lgGzKYgK7Odkhea5faQ - null null
2026-09-28 10:42:09.274 +05:45 [INF] Executed endpoint '/hubs/election-results'
2026-09-28 10:42:09.299 +05:45 [INF] CORS policy execution successful.
2026-09-28 10:42:09.306 +05:45 [INF] CORS policy execution successful.
2026-09-28 10:42:09.310 +05:45 [INF] Request finished HTTP/1.1 GET http://localhost:5145/hubs/election-results?id=4t5lgGzKYgK7Odkhea5faQ&_=1790571429139 - 200 3 application/octet-stream 130.7635ms
2026-09-28 10:42:09.314 +05:45 [INF] Request finished HTTP/1.1 OPTIONS http://localhost:5145/hubs/election-results?id=4t5lgGzKYgK7Odkhea5faQ&_=1790571429271 - 204 null null 41.5212ms
2026-09-28 10:42:09.317 +05:45 [INF] Request finished HTTP/1.1 OPTIONS http://localhost:5145/hubs/election-results?id=4t5lgGzKYgK7Odkhea5faQ - 204 null null 43.5808ms
2026-09-28 10:42:09.318 +05:45 [INF] Request starting HTTP/1.1 POST http://localhost:5145/hubs/election-results?id=4t5lgGzKYgK7Odkhea5faQ - text/plain;charset=UTF-8 75
2026-09-28 10:42:09.329 +05:45 [INF] Request starting HTTP/1.1 GET http://localhost:5145/hubs/election-results?id=4t5lgGzKYgK7Odkhea5faQ&_=1790571429271 - null null
2026-09-28 10:42:09.356 +05:45 [INF] CORS policy execution successful.
2026-09-28 10:42:09.366 +05:45 [INF] CORS policy execution successful.
2026-09-28 10:42:09.376 +05:45 [INF] Executed DbCommand (1ms) [Parameters=[@p='?' (DbType = Int32)], CommandType='"Text"', CommandTimeout='0']
SELECT TOP(1) [u].[Id], [u].[DateJoined], [u].[DepartmentId], [u].[Email], [u].[Name], [u].[OtpCode], [u].[OtpExpiresAt], [u].[PasswordHash], [u].[Role], [u].[TokenVersion]
FROM [Users] AS [u]
WHERE [u].[Id] = @p
2026-09-28 10:42:09.378 +05:45 [INF] Executed DbCommand (1ms) [Parameters=[@p='?' (DbType = Int32)], CommandType='"Text"', CommandTimeout='0']
SELECT TOP(1) [u].[Id], [u].[DateJoined], [u].[DepartmentId], [u].[Email], [u].[Name], [u].[OtpCode], [u].[OtpExpiresAt], [u].[PasswordHash], [u].[Role], [u].[TokenVersion]
FROM [Users] AS [u]
WHERE [u].[Id] = @p
2026-09-28 10:42:09.382 +05:45 [INF] Executing endpoint '/hubs/election-results'
2026-09-28 10:42:09.389 +05:45 [INF] Executing endpoint '/hubs/election-results'
2026-09-28 10:42:09.391 +05:45 [INF] Executed endpoint '/hubs/election-results'
2026-09-28 10:42:09.399 +05:45 [INF] Request finished HTTP/1.1 POST http://localhost:5145/hubs/election-results?id=4t5lgGzKYgK7Odkhea5faQ - 200 0 text/plain 80.8547ms
2026-09-28 10:42:09.420 +05:45 [INF] Executed DbCommand (1ms) [Parameters=[@p='?' (DbType = Int32)], CommandType='"Text"', CommandTimeout='0']
SELECT TOP(1) [e].[Id], [e].[CreatedByUserId], [e].[DepartmentId], [e].[Description], [e].[EndDate], [e].[IsLocked], [e].[MinTenureYears], [e].[StartDate], [e].[Status], [e].[Title]
FROM [Elections] AS [e]
WHERE [e].[Id] = @p
2026-09-28 10:42:09.440 +05:45 [INF] Executed endpoint '/hubs/election-results'
2026-09-28 10:42:09.443 +05:45 [INF] Request starting HTTP/1.1 OPTIONS http://localhost:5145/hubs/election-results?id=4t5lgGzKYgK7Odkhea5faQ&_=1790571429442 - null null
2026-09-28 10:42:09.444 +05:45 [INF] Request finished HTTP/1.1 GET http://localhost:5145/hubs/election-results?id=4t5lgGzKYgK7Odkhea5faQ&_=1790571429271 - 200 44 application/octet-stream 114.5843ms
2026-09-28 10:42:09.455 +05:45 [INF] CORS policy execution successful.
2026-09-28 10:42:09.473 +05:45 [INF] Request finished HTTP/1.1 OPTIONS http://localhost:5145/hubs/election-results?id=4t5lgGzKYgK7Odkhea5faQ&_=1790571429442 - 204 null null 30.432ms
2026-09-28 10:42:09.475 +05:45 [INF] Request starting HTTP/1.1 GET http://localhost:5145/hubs/election-results?id=4t5lgGzKYgK7Odkhea5faQ&_=1790571429442 - null null
2026-09-28 10:42:09.499 +05:45 [INF] CORS policy execution successful.
2026-09-28 10:42:09.515 +05:45 [INF] Executed DbCommand (1ms) [Parameters=[@p='?' (DbType = Int32)], CommandType='"Text"', CommandTimeout='0']
SELECT TOP(1) [u].[Id], [u].[DateJoined], [u].[DepartmentId], [u].[Email], [u].[Name], [u].[OtpCode], [u].[OtpExpiresAt], [u].[PasswordHash], [u].[Role], [u].[TokenVersion]
FROM [Users] AS [u]
WHERE [u].[Id] = @p
2026-09-28 10:42:09.527 +05:45 [INF] Executing endpoint '/hubs/election-results'
2026-09-28 10:42:18.087 +05:45 [INF] Request starting HTTP/1.1 OPTIONS http://localhost:5145/hubs/election-results?id=4t5lgGzKYgK7Odkhea5faQ - null null
2026-09-28 10:42:18.087 +05:45 [INF] Request starting HTTP/1.1 OPTIONS http://localhost:5145/hubs/election-results?id=4t5lgGzKYgK7Odkhea5faQ - null null
2026-09-28 10:42:18.093 +05:45 [INF] Request starting HTTP/1.1 OPTIONS http://localhost:5145/api/auditlogs - null null
2026-09-28 10:42:18.095 +05:45 [INF] Executed endpoint '/hubs/election-results'
2026-09-28 10:42:18.099 +05:45 [INF] CORS policy execution successful.
2026-09-28 10:42:18.102 +05:45 [INF] CORS policy execution successful.
2026-09-28 10:42:18.109 +05:45 [INF] CORS policy execution successful.
2026-09-28 10:42:18.111 +05:45 [INF] Request finished HTTP/1.1 GET http://localhost:5145/hubs/election-results?id=4t5lgGzKYgK7Odkhea5faQ&_=1790571429442 - 499 null null 8635.6812ms
2026-09-28 10:42:18.113 +05:45 [INF] Request finished HTTP/1.1 OPTIONS http://localhost:5145/hubs/election-results?id=4t5lgGzKYgK7Odkhea5faQ - 204 null null 25.7983ms
2026-09-28 10:42:18.114 +05:45 [INF] Request finished HTTP/1.1 OPTIONS http://localhost:5145/hubs/election-results?id=4t5lgGzKYgK7Odkhea5faQ - 204 null null 27.2308ms
2026-09-28 10:42:18.116 +05:45 [INF] Request starting HTTP/1.1 POST http://localhost:5145/hubs/election-results?id=4t5lgGzKYgK7Odkhea5faQ - text/plain;charset=UTF-8 11
2026-09-28 10:42:18.116 +05:45 [INF] Request finished HTTP/1.1 OPTIONS http://localhost:5145/api/auditlogs - 204 null null 23.3413ms
2026-09-28 10:42:18.118 +05:45 [INF] Request starting HTTP/1.1 DELETE http://localhost:5145/hubs/election-results?id=4t5lgGzKYgK7Odkhea5faQ - null null
2026-09-28 10:42:18.146 +05:45 [INF] Request starting HTTP/1.1 GET http://localhost:5145/api/auditlogs - null null
2026-09-28 10:42:18.151 +05:45 [INF] CORS policy execution successful.
2026-09-28 10:42:18.155 +05:45 [INF] CORS policy execution successful.
2026-09-28 10:42:18.161 +05:45 [INF] CORS policy execution successful.
2026-09-28 10:42:18.172 +05:45 [INF] Executed DbCommand (1ms) [Parameters=[@p='?' (DbType = Int32)], CommandType='"Text"', CommandTimeout='0']
SELECT TOP(1) [u].[Id], [u].[DateJoined], [u].[DepartmentId], [u].[Email], [u].[Name], [u].[OtpCode], [u].[OtpExpiresAt], [u].[PasswordHash], [u].[Role], [u].[TokenVersion]
FROM [Users] AS [u]
WHERE [u].[Id] = @p
2026-09-28 10:42:18.172 +05:45 [INF] Executed DbCommand (1ms) [Parameters=[@p='?' (DbType = Int32)], CommandType='"Text"', CommandTimeout='0']
SELECT TOP(1) [u].[Id], [u].[DateJoined], [u].[DepartmentId], [u].[Email], [u].[Name], [u].[OtpCode], [u].[OtpExpiresAt], [u].[PasswordHash], [u].[Role], [u].[TokenVersion]
FROM [Users] AS [u]
WHERE [u].[Id] = @p
2026-09-28 10:42:18.172 +05:45 [INF] Executed DbCommand (0ms) [Parameters=[@p='?' (DbType = Int32)], CommandType='"Text"', CommandTimeout='0']
SELECT TOP(1) [u].[Id], [u].[DateJoined], [u].[DepartmentId], [u].[Email], [u].[Name], [u].[OtpCode], [u].[OtpExpiresAt], [u].[PasswordHash], [u].[Role], [u].[TokenVersion]
FROM [Users] AS [u]
WHERE [u].[Id] = @p
2026-09-28 10:42:18.177 +05:45 [INF] Executing endpoint '/hubs/election-results'
2026-09-28 10:42:18.180 +05:45 [INF] Executing endpoint '/hubs/election-results'
2026-09-28 10:42:18.185 +05:45 [INF] Executing endpoint 'PollAndVotingSystem.Controllers.AuditLogsController.GetAll (PollAndVotingSystem)'
2026-09-28 10:42:18.187 +05:45 [INF] Executed endpoint '/hubs/election-results'
2026-09-28 10:42:18.196 +05:45 [INF] Request finished HTTP/1.1 POST http://localhost:5145/hubs/election-results?id=4t5lgGzKYgK7Odkhea5faQ - 200 0 text/plain 80.3174ms
2026-09-28 10:42:18.199 +05:45 [INF] Executed endpoint '/hubs/election-results'
2026-09-28 10:42:18.203 +05:45 [INF] Route matched with {action = "GetAll", controller = "AuditLogs"}. Executing controller action with signature System.Threading.Tasks.Task`1[Microsoft.AspNetCore.Mvc.IActionResult] GetAll(System.String, System.Nullable`1[System.Int32]) on controller PollAndVotingSystem.Controllers.AuditLogsController (PollAndVotingSystem).
2026-09-28 10:42:18.208 +05:45 [INF] Request finished HTTP/1.1 DELETE http://localhost:5145/hubs/election-results?id=4t5lgGzKYgK7Odkhea5faQ - 202 0 text/plain 89.8886ms
2026-09-28 10:42:18.212 +05:45 [INF] Executing action method PollAndVotingSystem.Controllers.AuditLogsController.GetAll (PollAndVotingSystem) - Validation state: "Valid"
2026-09-28 10:42:18.251 +05:45 [INF] Executed DbCommand (5ms) [Parameters=[], CommandType='"Text"', CommandTimeout='0']
SELECT [a].[Id], [a].[Action], [a].[Details], [a].[EntityId], [a].[EntityType], [a].[Timestamp], [a].[UserId]
FROM [AuditLogs] AS [a]
ORDER BY [a].[Timestamp] DESC
2026-09-28 10:42:18.306 +05:45 [INF] Executed DbCommand (1ms) [Parameters=[@p='?' (DbType = Int32)], CommandType='"Text"', CommandTimeout='0']
SELECT TOP(1) [u].[Id], [u].[DateJoined], [u].[DepartmentId], [u].[Email], [u].[Name], [u].[OtpCode], [u].[OtpExpiresAt], [u].[PasswordHash], [u].[Role], [u].[TokenVersion]
FROM [Users] AS [u]
WHERE [u].[Id] = @p
2026-09-28 10:42:18.330 +05:45 [INF] Executed DbCommand (1ms) [Parameters=[@p='?' (DbType = Int32)], CommandType='"Text"', CommandTimeout='0']
SELECT TOP(1) [u].[Id], [u].[DateJoined], [u].[DepartmentId], [u].[Email], [u].[Name], [u].[OtpCode], [u].[OtpExpiresAt], [u].[PasswordHash], [u].[Role], [u].[TokenVersion]
FROM [Users] AS [u]
WHERE [u].[Id] = @p
2026-09-28 10:42:18.347 +05:45 [INF] Executed DbCommand (1ms) [Parameters=[@p='?' (DbType = Int32)], CommandType='"Text"', CommandTimeout='0']
SELECT TOP(1) [u].[Id], [u].[DateJoined], [u].[DepartmentId], [u].[Email], [u].[Name], [u].[OtpCode], [u].[OtpExpiresAt], [u].[PasswordHash], [u].[Role], [u].[TokenVersion]
FROM [Users] AS [u]
WHERE [u].[Id] = @p
2026-09-28 10:42:18.358 +05:45 [INF] Executed DbCommand (1ms) [Parameters=[@p='?' (DbType = Int32)], CommandType='"Text"', CommandTimeout='0']
SELECT TOP(1) [u].[Id], [u].[DateJoined], [u].[DepartmentId], [u].[Email], [u].[Name], [u].[OtpCode], [u].[OtpExpiresAt], [u].[PasswordHash], [u].[Role], [u].[TokenVersion]
FROM [Users] AS [u]
WHERE [u].[Id] = @p
2026-09-28 10:42:18.369 +05:45 [INF] Executed DbCommand (1ms) [Parameters=[@p='?' (DbType = Int32)], CommandType='"Text"', CommandTimeout='0']
SELECT TOP(1) [u].[Id], [u].[DateJoined], [u].[DepartmentId], [u].[Email], [u].[Name], [u].[OtpCode], [u].[OtpExpiresAt], [u].[PasswordHash], [u].[Role], [u].[TokenVersion]
FROM [Users] AS [u]
WHERE [u].[Id] = @p
2026-09-28 10:42:18.382 +05:45 [INF] Executed DbCommand (1ms) [Parameters=[@p='?' (DbType = Int32)], CommandType='"Text"', CommandTimeout='0']
SELECT TOP(1) [u].[Id], [u].[DateJoined], [u].[DepartmentId], [u].[Email], [u].[Name], [u].[OtpCode], [u].[OtpExpiresAt], [u].[PasswordHash], [u].[Role], [u].[TokenVersion]
FROM [Users] AS [u]
WHERE [u].[Id] = @p
2026-09-28 10:42:18.395 +05:45 [INF] Executed DbCommand (1ms) [Parameters=[@p='?' (DbType = Int32)], CommandType='"Text"', CommandTimeout='0']
SELECT TOP(1) [u].[Id], [u].[DateJoined], [u].[DepartmentId], [u].[Email], [u].[Name], [u].[OtpCode], [u].[OtpExpiresAt], [u].[PasswordHash], [u].[Role], [u].[TokenVersion]
FROM [Users] AS [u]
WHERE [u].[Id] = @p
2026-09-28 10:42:18.405 +05:45 [INF] Executed DbCommand (1ms) [Parameters=[@p='?' (DbType = Int32)], CommandType='"Text"', CommandTimeout='0']
SELECT TOP(1) [u].[Id], [u].[DateJoined], [u].[DepartmentId], [u].[Email], [u].[Name], [u].[OtpCode], [u].[OtpExpiresAt], [u].[PasswordHash], [u].[Role], [u].[TokenVersion]
FROM [Users] AS [u]
WHERE [u].[Id] = @p
2026-09-28 10:42:18.420 +05:45 [INF] Executed DbCommand (2ms) [Parameters=[@p='?' (DbType = Int32)], CommandType='"Text"', CommandTimeout='0']
SELECT TOP(1) [u].[Id], [u].[DateJoined], [u].[DepartmentId], [u].[Email], [u].[Name], [u].[OtpCode], [u].[OtpExpiresAt], [u].[PasswordHash], [u].[Role], [u].[TokenVersion]
FROM [Users] AS [u]
WHERE [u].[Id] = @p
2026-09-28 10:42:18.436 +05:45 [INF] Executed DbCommand (1ms) [Parameters=[@p='?' (DbType = Int32)], CommandType='"Text"', CommandTimeout='0']
SELECT TOP(1) [u].[Id], [u].[DateJoined], [u].[DepartmentId], [u].[Email], [u].[Name], [u].[OtpCode], [u].[OtpExpiresAt], [u].[PasswordHash], [u].[Role], [u].[TokenVersion]
FROM [Users] AS [u]
WHERE [u].[Id] = @p
2026-09-28 10:42:18.451 +05:45 [INF] Executed DbCommand (1ms) [Parameters=[@p='?' (DbType = Int32)], CommandType='"Text"', CommandTimeout='0']
SELECT TOP(1) [u].[Id], [u].[DateJoined], [u].[DepartmentId], [u].[Email], [u].[Name], [u].[OtpCode], [u].[OtpExpiresAt], [u].[PasswordHash], [u].[Role], [u].[TokenVersion]
FROM [Users] AS [u]
WHERE [u].[Id] = @p
2026-09-28 10:42:18.466 +05:45 [INF] Executed DbCommand (1ms) [Parameters=[@p='?' (DbType = Int32)], CommandType='"Text"', CommandTimeout='0']
SELECT TOP(1) [u].[Id], [u].[DateJoined], [u].[DepartmentId], [u].[Email], [u].[Name], [u].[OtpCode], [u].[OtpExpiresAt], [u].[PasswordHash], [u].[Role], [u].[TokenVersion]
FROM [Users] AS [u]
WHERE [u].[Id] = @p
2026-09-28 10:42:18.493 +05:45 [INF] Executed DbCommand (1ms) [Parameters=[@p='?' (DbType = Int32)], CommandType='"Text"', CommandTimeout='0']
SELECT TOP(1) [u].[Id], [u].[DateJoined], [u].[DepartmentId], [u].[Email], [u].[Name], [u].[OtpCode], [u].[OtpExpiresAt], [u].[PasswordHash], [u].[Role], [u].[TokenVersion]
FROM [Users] AS [u]
WHERE [u].[Id] = @p
2026-09-28 10:42:18.506 +05:45 [INF] Executed DbCommand (1ms) [Parameters=[@p='?' (DbType = Int32)], CommandType='"Text"', CommandTimeout='0']
SELECT TOP(1) [u].[Id], [u].[DateJoined], [u].[DepartmentId], [u].[Email], [u].[Name], [u].[OtpCode], [u].[OtpExpiresAt], [u].[PasswordHash], [u].[Role], [u].[TokenVersion]
FROM [Users] AS [u]
WHERE [u].[Id] = @p
2026-09-28 10:42:18.515 +05:45 [INF] Executed DbCommand (1ms) [Parameters=[@p='?' (DbType = Int32)], CommandType='"Text"', CommandTimeout='0']
SELECT TOP(1) [u].[Id], [u].[DateJoined], [u].[DepartmentId], [u].[Email], [u].[Name], [u].[OtpCode], [u].[OtpExpiresAt], [u].[PasswordHash], [u].[Role], [u].[TokenVersion]
FROM [Users] AS [u]
WHERE [u].[Id] = @p
2026-09-28 10:42:18.533 +05:45 [INF] Executed DbCommand (7ms) [Parameters=[@p='?' (DbType = Int32)], CommandType='"Text"', CommandTimeout='0']
SELECT TOP(1) [u].[Id], [u].[DateJoined], [u].[DepartmentId], [u].[Email], [u].[Name], [u].[OtpCode], [u].[OtpExpiresAt], [u].[PasswordHash], [u].[Role], [u].[TokenVersion]
FROM [Users] AS [u]
WHERE [u].[Id] = @p
2026-09-28 10:42:18.546 +05:45 [INF] Executed DbCommand (1ms) [Parameters=[@p='?' (DbType = Int32)], CommandType='"Text"', CommandTimeout='0']
SELECT TOP(1) [u].[Id], [u].[DateJoined], [u].[DepartmentId], [u].[Email], [u].[Name], [u].[OtpCode], [u].[OtpExpiresAt], [u].[PasswordHash], [u].[Role], [u].[TokenVersion]
FROM [Users] AS [u]
WHERE [u].[Id] = @p
2026-09-28 10:42:18.560 +05:45 [INF] Executed DbCommand (1ms) [Parameters=[@p='?' (DbType = Int32)], CommandType='"Text"', CommandTimeout='0']
SELECT TOP(1) [u].[Id], [u].[DateJoined], [u].[DepartmentId], [u].[Email], [u].[Name], [u].[OtpCode], [u].[OtpExpiresAt], [u].[PasswordHash], [u].[Role], [u].[TokenVersion]
FROM [Users] AS [u]
WHERE [u].[Id] = @p
2026-09-28 10:42:18.576 +05:45 [INF] Executed DbCommand (1ms) [Parameters=[@p='?' (DbType = Int32)], CommandType='"Text"', CommandTimeout='0']
SELECT TOP(1) [u].[Id], [u].[DateJoined], [u].[DepartmentId], [u].[Email], [u].[Name], [u].[OtpCode], [u].[OtpExpiresAt], [u].[PasswordHash], [u].[Role], [u].[TokenVersion]
FROM [Users] AS [u]
WHERE [u].[Id] = @p
2026-09-28 10:42:18.588 +05:45 [INF] Executed DbCommand (1ms) [Parameters=[@p='?' (DbType = Int32)], CommandType='"Text"', CommandTimeout='0']
SELECT TOP(1) [u].[Id], [u].[DateJoined], [u].[DepartmentId], [u].[Email], [u].[Name], [u].[OtpCode], [u].[OtpExpiresAt], [u].[PasswordHash], [u].[Role], [u].[TokenVersion]
FROM [Users] AS [u]
WHERE [u].[Id] = @p
2026-09-28 10:42:18.601 +05:45 [INF] Executed DbCommand (1ms) [Parameters=[@p='?' (DbType = Int32)], CommandType='"Text"', CommandTimeout='0']
SELECT TOP(1) [u].[Id], [u].[DateJoined], [u].[DepartmentId], [u].[Email], [u].[Name], [u].[OtpCode], [u].[OtpExpiresAt], [u].[PasswordHash], [u].[Role], [u].[TokenVersion]
FROM [Users] AS [u]
WHERE [u].[Id] = @p
2026-09-28 10:42:18.614 +05:45 [INF] Executed DbCommand (1ms) [Parameters=[@p='?' (DbType = Int32)], CommandType='"Text"', CommandTimeout='0']
SELECT TOP(1) [u].[Id], [u].[DateJoined], [u].[DepartmentId], [u].[Email], [u].[Name], [u].[OtpCode], [u].[OtpExpiresAt], [u].[PasswordHash], [u].[Role], [u].[TokenVersion]
FROM [Users] AS [u]
WHERE [u].[Id] = @p
2026-09-28 10:42:18.630 +05:45 [INF] Executed DbCommand (1ms) [Parameters=[@p='?' (DbType = Int32)], CommandType='"Text"', CommandTimeout='0']
SELECT TOP(1) [u].[Id], [u].[DateJoined], [u].[DepartmentId], [u].[Email], [u].[Name], [u].[OtpCode], [u].[OtpExpiresAt], [u].[PasswordHash], [u].[Role], [u].[TokenVersion]
FROM [Users] AS [u]
WHERE [u].[Id] = @p
2026-09-28 10:42:18.645 +05:45 [INF] Executed DbCommand (1ms) [Parameters=[@p='?' (DbType = Int32)], CommandType='"Text"', CommandTimeout='0']
SELECT TOP(1) [u].[Id], [u].[DateJoined], [u].[DepartmentId], [u].[Email], [u].[Name], [u].[OtpCode], [u].[OtpExpiresAt], [u].[PasswordHash], [u].[Role], [u].[TokenVersion]
FROM [Users] AS [u]
WHERE [u].[Id] = @p
2026-09-28 10:42:18.660 +05:45 [INF] Executed DbCommand (1ms) [Parameters=[@p='?' (DbType = Int32)], CommandType='"Text"', CommandTimeout='0']
SELECT TOP(1) [u].[Id], [u].[DateJoined], [u].[DepartmentId], [u].[Email], [u].[Name], [u].[OtpCode], [u].[OtpExpiresAt], [u].[PasswordHash], [u].[Role], [u].[TokenVersion]
FROM [Users] AS [u]
WHERE [u].[Id] = @p
2026-09-28 10:42:18.683 +05:45 [INF] Executed DbCommand (1ms) [Parameters=[@p='?' (DbType = Int32)], CommandType='"Text"', CommandTimeout='0']
SELECT TOP(1) [u].[Id], [u].[DateJoined], [u].[DepartmentId], [u].[Email], [u].[Name], [u].[OtpCode], [u].[OtpExpiresAt], [u].[PasswordHash], [u].[Role], [u].[TokenVersion]
FROM [Users] AS [u]
WHERE [u].[Id] = @p
2026-09-28 10:42:18.696 +05:45 [INF] Executed action method PollAndVotingSystem.Controllers.AuditLogsController.GetAll (PollAndVotingSystem), returned result Microsoft.AspNetCore.Mvc.OkObjectResult in 473.0035ms.
2026-09-28 10:42:18.705 +05:45 [INF] Executing OkObjectResult, writing value of type 'System.Collections.Generic.List`1[[PollAndVotingSystem.DTOs.AuditLog.AuditLogResponseDto, PollAndVotingSystem, Version=1.0.0.0, Culture=neutral, PublicKeyToken=null]]'.
2026-09-28 10:42:18.730 +05:45 [INF] Executed action PollAndVotingSystem.Controllers.AuditLogsController.GetAll (PollAndVotingSystem) in 518.6408ms
2026-09-28 10:42:18.737 +05:45 [INF] Executed endpoint 'PollAndVotingSystem.Controllers.AuditLogsController.GetAll (PollAndVotingSystem)'
2026-09-28 10:42:18.742 +05:45 [INF] Request finished HTTP/1.1 GET http://localhost:5145/api/auditlogs - 200 null application/json; charset=utf-8 596.3616ms
2026-09-28 10:44:19.008 +05:45 [INF] Executed DbCommand (7ms) [Parameters=[], CommandType='"Text"', CommandTimeout='0']
SELECT [e].[Id], [e].[CreatedByUserId], [e].[DepartmentId], [e].[Description], [e].[EndDate], [e].[IsLocked], [e].[MinTenureYears], [e].[StartDate], [e].[Status], [e].[Title], [d].[Id], [d].[Name]
FROM [Elections] AS [e]
INNER JOIN [Departments] AS [d] ON [e].[DepartmentId] = [d].[Id]
ORDER BY [e].[StartDate] DESC
2026-09-28 10:44:19.034 +05:45 [INF] Executed DbCommand (9ms) [Parameters=[@electionId='?' (DbType = Int32), @type='?' (DbType = Int32)], CommandType='"Text"', CommandTimeout='0']
SELECT CASE
    WHEN EXISTS (
        SELECT 1
        FROM [Notifications] AS [n]
        WHERE [n].[ElectionId] = @electionId AND [n].[Type] = @type) THEN CAST(1 AS bit)
    ELSE CAST(0 AS bit)
END
2026-09-28 10:44:19.061 +05:45 [INF] Executed DbCommand (9ms) [Parameters=[@electionId='?' (DbType = Int32), @type='?' (DbType = Int32)], CommandType='"Text"', CommandTimeout='0']
SELECT CASE
    WHEN EXISTS (
        SELECT 1
        FROM [Notifications] AS [n]
        WHERE [n].[ElectionId] = @electionId AND [n].[Type] = @type) THEN CAST(1 AS bit)
    ELSE CAST(0 AS bit)
END
2026-09-28 10:45:26.327 +05:45 [INF] Request starting HTTP/1.1 OPTIONS http://localhost:5145/api/notifications/mine - null null
2026-09-28 10:45:26.331 +05:45 [INF] CORS policy execution successful.
2026-09-28 10:45:26.333 +05:45 [INF] Request finished HTTP/1.1 OPTIONS http://localhost:5145/api/notifications/mine - 204 null null 6.3962ms
2026-09-28 10:45:26.340 +05:45 [INF] Request starting HTTP/1.1 GET http://localhost:5145/api/notifications/mine - null null
2026-09-28 10:45:26.345 +05:45 [INF] CORS policy execution successful.
2026-09-28 10:45:26.347 +05:45 [INF] Failed to validate the token.
Microsoft.IdentityModel.Tokens.SecurityTokenExpiredException: IDX10223: Lifetime validation failed. The token is expired. ValidTo (UTC): '9/27/2026 5:38:23 PM', Current time (UTC): '9/28/2026 5:00:26 AM'.
   at Microsoft.IdentityModel.Tokens.ValidatorUtilities.ValidateLifetime(Nullable`1 notBefore, Nullable`1 expires, SecurityToken securityToken, TokenValidationParameters validationParameters)
   at Microsoft.IdentityModel.Tokens.Validators.ValidateLifetime(Nullable`1 notBefore, Nullable`1 expires, SecurityToken securityToken, TokenValidationParameters validationParameters)
   at Microsoft.IdentityModel.JsonWebTokens.JsonWebTokenHandler.ValidateTokenPayloadAsync(JsonWebToken jsonWebToken, TokenValidationParameters validationParameters, BaseConfiguration configuration)
   at Microsoft.IdentityModel.JsonWebTokens.JsonWebTokenHandler.ValidateJWSAsync(JsonWebToken jsonWebToken, TokenValidationParameters validationParameters, BaseConfiguration configuration)
2026-09-28 10:45:26.351 +05:45 [INF] Bearer was not authenticated. Failure message: IDX10223: Lifetime validation failed. The token is expired. ValidTo (UTC): '9/27/2026 5:38:23 PM', Current time (UTC): '9/28/2026 5:00:26 AM'.
2026-09-28 10:45:26.354 +05:45 [INF] Authorization failed. These requirements were not met:
DenyAnonymousAuthorizationRequirement: Requires an authenticated user.
2026-09-28 10:45:26.359 +05:45 [INF] AuthenticationScheme: Bearer was challenged.
2026-09-28 10:45:26.362 +05:45 [INF] Request finished HTTP/1.1 GET http://localhost:5145/api/notifications/mine - 401 0 null 21.7115ms
2026-09-28 10:45:48.755 +05:45 [INF] Request starting HTTP/1.1 OPTIONS http://localhost:5145/api/notifications/mine - null null
2026-09-28 10:45:48.763 +05:45 [INF] CORS policy execution successful.
2026-09-28 10:45:48.764 +05:45 [INF] Request finished HTTP/1.1 OPTIONS http://localhost:5145/api/notifications/mine - 204 null null 9.4686ms
2026-09-28 10:45:48.770 +05:45 [INF] Request starting HTTP/1.1 GET http://localhost:5145/api/notifications/mine - null null
2026-09-28 10:45:48.777 +05:45 [INF] CORS policy execution successful.
2026-09-28 10:45:48.790 +05:45 [INF] Executed DbCommand (5ms) [Parameters=[@p='?' (DbType = Int32)], CommandType='"Text"', CommandTimeout='0']
SELECT TOP(1) [u].[Id], [u].[DateJoined], [u].[DepartmentId], [u].[Email], [u].[Name], [u].[OtpCode], [u].[OtpExpiresAt], [u].[PasswordHash], [u].[Role], [u].[TokenVersion]
FROM [Users] AS [u]
WHERE [u].[Id] = @p
2026-09-28 10:45:48.796 +05:45 [INF] Executing endpoint 'PollAndVotingSystem.Controllers.NotificationsController.GetMine (PollAndVotingSystem)'
2026-09-28 10:45:48.812 +05:45 [INF] Route matched with {action = "GetMine", controller = "Notifications"}. Executing controller action with signature System.Threading.Tasks.Task`1[Microsoft.AspNetCore.Mvc.IActionResult] GetMine() on controller PollAndVotingSystem.Controllers.NotificationsController (PollAndVotingSystem).
2026-09-28 10:45:48.824 +05:45 [INF] Executing action method PollAndVotingSystem.Controllers.NotificationsController.GetMine (PollAndVotingSystem) - Validation state: "Valid"
2026-09-28 10:45:48.882 +05:45 [INF] Executed DbCommand (7ms) [Parameters=[@userId='?' (DbType = Int32)], CommandType='"Text"', CommandTimeout='0']
SELECT [n].[Id], [n].[CreatedAt], [n].[ElectionId], [n].[IsRead], [n].[Message], [n].[Type], [n].[UserId], [e].[Id], [e].[CreatedByUserId], [e].[DepartmentId], [e].[Description], [e].[EndDate], [e].[IsLocked], [e].[MinTenureYears], [e].[StartDate], [e].[Status], [e].[Title]
FROM [Notifications] AS [n]
INNER JOIN [Elections] AS [e] ON [n].[ElectionId] = [e].[Id]
WHERE [n].[UserId] = @userId
ORDER BY [n].[CreatedAt] DESC
2026-09-28 10:45:48.902 +05:45 [INF] Executed action method PollAndVotingSystem.Controllers.NotificationsController.GetMine (PollAndVotingSystem), returned result Microsoft.AspNetCore.Mvc.OkObjectResult in 73.7821ms.
2026-09-28 10:45:48.910 +05:45 [INF] Executing OkObjectResult, writing value of type 'System.Collections.Generic.List`1[[PollAndVotingSystem.DTOs.Notification.NotificationResponseDto, PollAndVotingSystem, Version=1.0.0.0, Culture=neutral, PublicKeyToken=null]]'.
2026-09-28 10:45:48.926 +05:45 [INF] Executed action PollAndVotingSystem.Controllers.NotificationsController.GetMine (PollAndVotingSystem) in 108.3171ms
2026-09-28 10:45:48.932 +05:45 [INF] Executed endpoint 'PollAndVotingSystem.Controllers.NotificationsController.GetMine (PollAndVotingSystem)'
2026-09-28 10:45:48.936 +05:45 [INF] Request finished HTTP/1.1 GET http://localhost:5145/api/notifications/mine - 200 null application/json; charset=utf-8 166.341ms
2026-09-28 10:45:55.245 +05:45 [INF] Request starting HTTP/1.1 OPTIONS http://localhost:5145/api/notifications/mine - null null
2026-09-28 10:45:55.251 +05:45 [INF] CORS policy execution successful.
2026-09-28 10:45:55.253 +05:45 [INF] Request finished HTTP/1.1 OPTIONS http://localhost:5145/api/notifications/mine - 204 null null 7.9409ms
2026-09-28 10:45:55.260 +05:45 [INF] Request starting HTTP/1.1 GET http://localhost:5145/api/notifications/mine - null null
2026-09-28 10:45:55.267 +05:45 [INF] CORS policy execution successful.
2026-09-28 10:45:55.278 +05:45 [INF] Executed DbCommand (1ms) [Parameters=[@p='?' (DbType = Int32)], CommandType='"Text"', CommandTimeout='0']
SELECT TOP(1) [u].[Id], [u].[DateJoined], [u].[DepartmentId], [u].[Email], [u].[Name], [u].[OtpCode], [u].[OtpExpiresAt], [u].[PasswordHash], [u].[Role], [u].[TokenVersion]
FROM [Users] AS [u]
WHERE [u].[Id] = @p
2026-09-28 10:45:55.284 +05:45 [INF] Executing endpoint 'PollAndVotingSystem.Controllers.NotificationsController.GetMine (PollAndVotingSystem)'
2026-09-28 10:45:55.287 +05:45 [INF] Route matched with {action = "GetMine", controller = "Notifications"}. Executing controller action with signature System.Threading.Tasks.Task`1[Microsoft.AspNetCore.Mvc.IActionResult] GetMine() on controller PollAndVotingSystem.Controllers.NotificationsController (PollAndVotingSystem).
2026-09-28 10:45:55.293 +05:45 [INF] Executing action method PollAndVotingSystem.Controllers.NotificationsController.GetMine (PollAndVotingSystem) - Validation state: "Valid"
2026-09-28 10:45:55.307 +05:45 [INF] Executed DbCommand (2ms) [Parameters=[@userId='?' (DbType = Int32)], CommandType='"Text"', CommandTimeout='0']
SELECT [n].[Id], [n].[CreatedAt], [n].[ElectionId], [n].[IsRead], [n].[Message], [n].[Type], [n].[UserId], [e].[Id], [e].[CreatedByUserId], [e].[DepartmentId], [e].[Description], [e].[EndDate], [e].[IsLocked], [e].[MinTenureYears], [e].[StartDate], [e].[Status], [e].[Title]
FROM [Notifications] AS [n]
INNER JOIN [Elections] AS [e] ON [n].[ElectionId] = [e].[Id]
WHERE [n].[UserId] = @userId
ORDER BY [n].[CreatedAt] DESC
2026-09-28 10:45:55.313 +05:45 [INF] Executed action method PollAndVotingSystem.Controllers.NotificationsController.GetMine (PollAndVotingSystem), returned result Microsoft.AspNetCore.Mvc.OkObjectResult in 14.485ms.
2026-09-28 10:45:55.319 +05:45 [INF] Executing OkObjectResult, writing value of type 'System.Collections.Generic.List`1[[PollAndVotingSystem.DTOs.Notification.NotificationResponseDto, PollAndVotingSystem, Version=1.0.0.0, Culture=neutral, PublicKeyToken=null]]'.
2026-09-28 10:45:55.324 +05:45 [INF] Executed action PollAndVotingSystem.Controllers.NotificationsController.GetMine (PollAndVotingSystem) in 31.6325ms
2026-09-28 10:45:55.329 +05:45 [INF] Executed endpoint 'PollAndVotingSystem.Controllers.NotificationsController.GetMine (PollAndVotingSystem)'
2026-09-28 10:45:55.335 +05:45 [INF] Request finished HTTP/1.1 GET http://localhost:5145/api/notifications/mine - 200 null application/json; charset=utf-8 74.6838ms
2026-09-28 10:45:59.624 +05:45 [INF] Request starting HTTP/1.1 GET http://localhost:5145/api/notifications/mine - null null
2026-09-28 10:45:59.633 +05:45 [INF] CORS policy execution successful.
2026-09-28 10:45:59.644 +05:45 [INF] Executed DbCommand (1ms) [Parameters=[@p='?' (DbType = Int32)], CommandType='"Text"', CommandTimeout='0']
SELECT TOP(1) [u].[Id], [u].[DateJoined], [u].[DepartmentId], [u].[Email], [u].[Name], [u].[OtpCode], [u].[OtpExpiresAt], [u].[PasswordHash], [u].[Role], [u].[TokenVersion]
FROM [Users] AS [u]
WHERE [u].[Id] = @p
2026-09-28 10:45:59.649 +05:45 [INF] Executing endpoint 'PollAndVotingSystem.Controllers.NotificationsController.GetMine (PollAndVotingSystem)'
2026-09-28 10:45:59.651 +05:45 [INF] Route matched with {action = "GetMine", controller = "Notifications"}. Executing controller action with signature System.Threading.Tasks.Task`1[Microsoft.AspNetCore.Mvc.IActionResult] GetMine() on controller PollAndVotingSystem.Controllers.NotificationsController (PollAndVotingSystem).
2026-09-28 10:45:59.656 +05:45 [INF] Executing action method PollAndVotingSystem.Controllers.NotificationsController.GetMine (PollAndVotingSystem) - Validation state: "Valid"
2026-09-28 10:45:59.665 +05:45 [INF] Executed DbCommand (1ms) [Parameters=[@userId='?' (DbType = Int32)], CommandType='"Text"', CommandTimeout='0']
SELECT [n].[Id], [n].[CreatedAt], [n].[ElectionId], [n].[IsRead], [n].[Message], [n].[Type], [n].[UserId], [e].[Id], [e].[CreatedByUserId], [e].[DepartmentId], [e].[Description], [e].[EndDate], [e].[IsLocked], [e].[MinTenureYears], [e].[StartDate], [e].[Status], [e].[Title]
FROM [Notifications] AS [n]
INNER JOIN [Elections] AS [e] ON [n].[ElectionId] = [e].[Id]
WHERE [n].[UserId] = @userId
ORDER BY [n].[CreatedAt] DESC
2026-09-28 10:45:59.674 +05:45 [INF] Executed action method PollAndVotingSystem.Controllers.NotificationsController.GetMine (PollAndVotingSystem), returned result Microsoft.AspNetCore.Mvc.OkObjectResult in 14.0692ms.
2026-09-28 10:45:59.679 +05:45 [INF] Executing OkObjectResult, writing value of type 'System.Collections.Generic.List`1[[PollAndVotingSystem.DTOs.Notification.NotificationResponseDto, PollAndVotingSystem, Version=1.0.0.0, Culture=neutral, PublicKeyToken=null]]'.
2026-09-28 10:45:59.685 +05:45 [INF] Executed action PollAndVotingSystem.Controllers.NotificationsController.GetMine (PollAndVotingSystem) in 29.1214ms
2026-09-28 10:45:59.690 +05:45 [INF] Executed endpoint 'PollAndVotingSystem.Controllers.NotificationsController.GetMine (PollAndVotingSystem)'
2026-09-28 10:45:59.695 +05:45 [INF] Request finished HTTP/1.1 GET http://localhost:5145/api/notifications/mine - 200 null application/json; charset=utf-8 70.6457ms
2026-09-28 10:46:00.826 +05:45 [INF] Request starting HTTP/1.1 OPTIONS http://localhost:5145/api/auditlogs - null null
2026-09-28 10:46:00.833 +05:45 [INF] CORS policy execution successful.
2026-09-28 10:46:00.836 +05:45 [INF] Request finished HTTP/1.1 OPTIONS http://localhost:5145/api/auditlogs - 204 null null 9.8451ms
2026-09-28 10:46:00.843 +05:45 [INF] Request starting HTTP/1.1 GET http://localhost:5145/api/auditlogs - null null
2026-09-28 10:46:00.849 +05:45 [INF] CORS policy execution successful.
2026-09-28 10:46:00.860 +05:45 [INF] Executed DbCommand (1ms) [Parameters=[@p='?' (DbType = Int32)], CommandType='"Text"', CommandTimeout='0']
SELECT TOP(1) [u].[Id], [u].[DateJoined], [u].[DepartmentId], [u].[Email], [u].[Name], [u].[OtpCode], [u].[OtpExpiresAt], [u].[PasswordHash], [u].[Role], [u].[TokenVersion]
FROM [Users] AS [u]
WHERE [u].[Id] = @p
2026-09-28 10:46:00.865 +05:45 [INF] Executing endpoint 'PollAndVotingSystem.Controllers.AuditLogsController.GetAll (PollAndVotingSystem)'
2026-09-28 10:46:00.869 +05:45 [INF] Route matched with {action = "GetAll", controller = "AuditLogs"}. Executing controller action with signature System.Threading.Tasks.Task`1[Microsoft.AspNetCore.Mvc.IActionResult] GetAll(System.String, System.Nullable`1[System.Int32]) on controller PollAndVotingSystem.Controllers.AuditLogsController (PollAndVotingSystem).
2026-09-28 10:46:00.875 +05:45 [INF] Executing action method PollAndVotingSystem.Controllers.AuditLogsController.GetAll (PollAndVotingSystem) - Validation state: "Valid"
2026-09-28 10:46:00.888 +05:45 [INF] Executed DbCommand (2ms) [Parameters=[], CommandType='"Text"', CommandTimeout='0']
SELECT [a].[Id], [a].[Action], [a].[Details], [a].[EntityId], [a].[EntityType], [a].[Timestamp], [a].[UserId]
FROM [AuditLogs] AS [a]
ORDER BY [a].[Timestamp] DESC
2026-09-28 10:46:00.899 +05:45 [INF] Executed DbCommand (0ms) [Parameters=[@p='?' (DbType = Int32)], CommandType='"Text"', CommandTimeout='0']
SELECT TOP(1) [u].[Id], [u].[DateJoined], [u].[DepartmentId], [u].[Email], [u].[Name], [u].[OtpCode], [u].[OtpExpiresAt], [u].[PasswordHash], [u].[Role], [u].[TokenVersion]
FROM [Users] AS [u]
WHERE [u].[Id] = @p
2026-09-28 10:46:00.908 +05:45 [INF] Executed DbCommand (0ms) [Parameters=[@p='?' (DbType = Int32)], CommandType='"Text"', CommandTimeout='0']
SELECT TOP(1) [u].[Id], [u].[DateJoined], [u].[DepartmentId], [u].[Email], [u].[Name], [u].[OtpCode], [u].[OtpExpiresAt], [u].[PasswordHash], [u].[Role], [u].[TokenVersion]
FROM [Users] AS [u]
WHERE [u].[Id] = @p
2026-09-28 10:46:00.922 +05:45 [INF] Executed DbCommand (0ms) [Parameters=[@p='?' (DbType = Int32)], CommandType='"Text"', CommandTimeout='0']
SELECT TOP(1) [u].[Id], [u].[DateJoined], [u].[DepartmentId], [u].[Email], [u].[Name], [u].[OtpCode], [u].[OtpExpiresAt], [u].[PasswordHash], [u].[Role], [u].[TokenVersion]
FROM [Users] AS [u]
WHERE [u].[Id] = @p
2026-09-28 10:46:00.934 +05:45 [INF] Executed DbCommand (1ms) [Parameters=[@p='?' (DbType = Int32)], CommandType='"Text"', CommandTimeout='0']
SELECT TOP(1) [u].[Id], [u].[DateJoined], [u].[DepartmentId], [u].[Email], [u].[Name], [u].[OtpCode], [u].[OtpExpiresAt], [u].[PasswordHash], [u].[Role], [u].[TokenVersion]
FROM [Users] AS [u]
WHERE [u].[Id] = @p
2026-09-28 10:46:00.953 +05:45 [INF] Executed DbCommand (1ms) [Parameters=[@p='?' (DbType = Int32)], CommandType='"Text"', CommandTimeout='0']
SELECT TOP(1) [u].[Id], [u].[DateJoined], [u].[DepartmentId], [u].[Email], [u].[Name], [u].[OtpCode], [u].[OtpExpiresAt], [u].[PasswordHash], [u].[Role], [u].[TokenVersion]
FROM [Users] AS [u]
WHERE [u].[Id] = @p
2026-09-28 10:46:00.965 +05:45 [INF] Executed DbCommand (0ms) [Parameters=[@p='?' (DbType = Int32)], CommandType='"Text"', CommandTimeout='0']
SELECT TOP(1) [u].[Id], [u].[DateJoined], [u].[DepartmentId], [u].[Email], [u].[Name], [u].[OtpCode], [u].[OtpExpiresAt], [u].[PasswordHash], [u].[Role], [u].[TokenVersion]
FROM [Users] AS [u]
WHERE [u].[Id] = @p
2026-09-28 10:46:00.977 +05:45 [INF] Executed DbCommand (1ms) [Parameters=[@p='?' (DbType = Int32)], CommandType='"Text"', CommandTimeout='0']
SELECT TOP(1) [u].[Id], [u].[DateJoined], [u].[DepartmentId], [u].[Email], [u].[Name], [u].[OtpCode], [u].[OtpExpiresAt], [u].[PasswordHash], [u].[Role], [u].[TokenVersion]
FROM [Users] AS [u]
WHERE [u].[Id] = @p
2026-09-28 10:46:00.989 +05:45 [INF] Executed DbCommand (1ms) [Parameters=[@p='?' (DbType = Int32)], CommandType='"Text"', CommandTimeout='0']
SELECT TOP(1) [u].[Id], [u].[DateJoined], [u].[DepartmentId], [u].[Email], [u].[Name], [u].[OtpCode], [u].[OtpExpiresAt], [u].[PasswordHash], [u].[Role], [u].[TokenVersion]
FROM [Users] AS [u]
WHERE [u].[Id] = @p
2026-09-28 10:46:01.001 +05:45 [INF] Executed DbCommand (1ms) [Parameters=[@p='?' (DbType = Int32)], CommandType='"Text"', CommandTimeout='0']
SELECT TOP(1) [u].[Id], [u].[DateJoined], [u].[DepartmentId], [u].[Email], [u].[Name], [u].[OtpCode], [u].[OtpExpiresAt], [u].[PasswordHash], [u].[Role], [u].[TokenVersion]
FROM [Users] AS [u]
WHERE [u].[Id] = @p
2026-09-28 10:46:01.013 +05:45 [INF] Executed DbCommand (0ms) [Parameters=[@p='?' (DbType = Int32)], CommandType='"Text"', CommandTimeout='0']
SELECT TOP(1) [u].[Id], [u].[DateJoined], [u].[DepartmentId], [u].[Email], [u].[Name], [u].[OtpCode], [u].[OtpExpiresAt], [u].[PasswordHash], [u].[Role], [u].[TokenVersion]
FROM [Users] AS [u]
WHERE [u].[Id] = @p
2026-09-28 10:46:01.027 +05:45 [INF] Executed DbCommand (1ms) [Parameters=[@p='?' (DbType = Int32)], CommandType='"Text"', CommandTimeout='0']
SELECT TOP(1) [u].[Id], [u].[DateJoined], [u].[DepartmentId], [u].[Email], [u].[Name], [u].[OtpCode], [u].[OtpExpiresAt], [u].[PasswordHash], [u].[Role], [u].[TokenVersion]
FROM [Users] AS [u]
WHERE [u].[Id] = @p
2026-09-28 10:46:01.042 +05:45 [INF] Executed DbCommand (1ms) [Parameters=[@p='?' (DbType = Int32)], CommandType='"Text"', CommandTimeout='0']
SELECT TOP(1) [u].[Id], [u].[DateJoined], [u].[DepartmentId], [u].[Email], [u].[Name], [u].[OtpCode], [u].[OtpExpiresAt], [u].[PasswordHash], [u].[Role], [u].[TokenVersion]
FROM [Users] AS [u]
WHERE [u].[Id] = @p
2026-09-28 10:46:01.053 +05:45 [INF] Executed DbCommand (1ms) [Parameters=[@p='?' (DbType = Int32)], CommandType='"Text"', CommandTimeout='0']
SELECT TOP(1) [u].[Id], [u].[DateJoined], [u].[DepartmentId], [u].[Email], [u].[Name], [u].[OtpCode], [u].[OtpExpiresAt], [u].[PasswordHash], [u].[Role], [u].[TokenVersion]
FROM [Users] AS [u]
WHERE [u].[Id] = @p
2026-09-28 10:46:01.063 +05:45 [INF] Executed DbCommand (0ms) [Parameters=[@p='?' (DbType = Int32)], CommandType='"Text"', CommandTimeout='0']
SELECT TOP(1) [u].[Id], [u].[DateJoined], [u].[DepartmentId], [u].[Email], [u].[Name], [u].[OtpCode], [u].[OtpExpiresAt], [u].[PasswordHash], [u].[Role], [u].[TokenVersion]
FROM [Users] AS [u]
WHERE [u].[Id] = @p
2026-09-28 10:46:01.073 +05:45 [INF] Executed DbCommand (0ms) [Parameters=[@p='?' (DbType = Int32)], CommandType='"Text"', CommandTimeout='0']
SELECT TOP(1) [u].[Id], [u].[DateJoined], [u].[DepartmentId], [u].[Email], [u].[Name], [u].[OtpCode], [u].[OtpExpiresAt], [u].[PasswordHash], [u].[Role], [u].[TokenVersion]
FROM [Users] AS [u]
WHERE [u].[Id] = @p
2026-09-28 10:46:01.085 +05:45 [INF] Executed DbCommand (2ms) [Parameters=[@p='?' (DbType = Int32)], CommandType='"Text"', CommandTimeout='0']
SELECT TOP(1) [u].[Id], [u].[DateJoined], [u].[DepartmentId], [u].[Email], [u].[Name], [u].[OtpCode], [u].[OtpExpiresAt], [u].[PasswordHash], [u].[Role], [u].[TokenVersion]
FROM [Users] AS [u]
WHERE [u].[Id] = @p
2026-09-28 10:46:01.096 +05:45 [INF] Executed DbCommand (0ms) [Parameters=[@p='?' (DbType = Int32)], CommandType='"Text"', CommandTimeout='0']
SELECT TOP(1) [u].[Id], [u].[DateJoined], [u].[DepartmentId], [u].[Email], [u].[Name], [u].[OtpCode], [u].[OtpExpiresAt], [u].[PasswordHash], [u].[Role], [u].[TokenVersion]
FROM [Users] AS [u]
WHERE [u].[Id] = @p
2026-09-28 10:46:01.109 +05:45 [INF] Executed DbCommand (1ms) [Parameters=[@p='?' (DbType = Int32)], CommandType='"Text"', CommandTimeout='0']
SELECT TOP(1) [u].[Id], [u].[DateJoined], [u].[DepartmentId], [u].[Email], [u].[Name], [u].[OtpCode], [u].[OtpExpiresAt], [u].[PasswordHash], [u].[Role], [u].[TokenVersion]
FROM [Users] AS [u]
WHERE [u].[Id] = @p
2026-09-28 10:46:01.124 +05:45 [INF] Executed DbCommand (1ms) [Parameters=[@p='?' (DbType = Int32)], CommandType='"Text"', CommandTimeout='0']
SELECT TOP(1) [u].[Id], [u].[DateJoined], [u].[DepartmentId], [u].[Email], [u].[Name], [u].[OtpCode], [u].[OtpExpiresAt], [u].[PasswordHash], [u].[Role], [u].[TokenVersion]
FROM [Users] AS [u]
WHERE [u].[Id] = @p
2026-09-28 10:46:01.140 +05:45 [INF] Executed DbCommand (1ms) [Parameters=[@p='?' (DbType = Int32)], CommandType='"Text"', CommandTimeout='0']
SELECT TOP(1) [u].[Id], [u].[DateJoined], [u].[DepartmentId], [u].[Email], [u].[Name], [u].[OtpCode], [u].[OtpExpiresAt], [u].[PasswordHash], [u].[Role], [u].[TokenVersion]
FROM [Users] AS [u]
WHERE [u].[Id] = @p
2026-09-28 10:46:01.159 +05:45 [INF] Executed DbCommand (1ms) [Parameters=[@p='?' (DbType = Int32)], CommandType='"Text"', CommandTimeout='0']
SELECT TOP(1) [u].[Id], [u].[DateJoined], [u].[DepartmentId], [u].[Email], [u].[Name], [u].[OtpCode], [u].[OtpExpiresAt], [u].[PasswordHash], [u].[Role], [u].[TokenVersion]
FROM [Users] AS [u]
WHERE [u].[Id] = @p
2026-09-28 10:46:01.183 +05:45 [INF] Executed DbCommand (1ms) [Parameters=[@p='?' (DbType = Int32)], CommandType='"Text"', CommandTimeout='0']
SELECT TOP(1) [u].[Id], [u].[DateJoined], [u].[DepartmentId], [u].[Email], [u].[Name], [u].[OtpCode], [u].[OtpExpiresAt], [u].[PasswordHash], [u].[Role], [u].[TokenVersion]
FROM [Users] AS [u]
WHERE [u].[Id] = @p
2026-09-28 10:46:01.206 +05:45 [INF] Executed DbCommand (1ms) [Parameters=[@p='?' (DbType = Int32)], CommandType='"Text"', CommandTimeout='0']
SELECT TOP(1) [u].[Id], [u].[DateJoined], [u].[DepartmentId], [u].[Email], [u].[Name], [u].[OtpCode], [u].[OtpExpiresAt], [u].[PasswordHash], [u].[Role], [u].[TokenVersion]
FROM [Users] AS [u]
WHERE [u].[Id] = @p
2026-09-28 10:46:01.228 +05:45 [INF] Executed DbCommand (2ms) [Parameters=[@p='?' (DbType = Int32)], CommandType='"Text"', CommandTimeout='0']
SELECT TOP(1) [u].[Id], [u].[DateJoined], [u].[DepartmentId], [u].[Email], [u].[Name], [u].[OtpCode], [u].[OtpExpiresAt], [u].[PasswordHash], [u].[Role], [u].[TokenVersion]
FROM [Users] AS [u]
WHERE [u].[Id] = @p
2026-09-28 10:46:01.249 +05:45 [INF] Executed DbCommand (1ms) [Parameters=[@p='?' (DbType = Int32)], CommandType='"Text"', CommandTimeout='0']
SELECT TOP(1) [u].[Id], [u].[DateJoined], [u].[DepartmentId], [u].[Email], [u].[Name], [u].[OtpCode], [u].[OtpExpiresAt], [u].[PasswordHash], [u].[Role], [u].[TokenVersion]
FROM [Users] AS [u]
WHERE [u].[Id] = @p
2026-09-28 10:46:01.270 +05:45 [INF] Executed DbCommand (1ms) [Parameters=[@p='?' (DbType = Int32)], CommandType='"Text"', CommandTimeout='0']
SELECT TOP(1) [u].[Id], [u].[DateJoined], [u].[DepartmentId], [u].[Email], [u].[Name], [u].[OtpCode], [u].[OtpExpiresAt], [u].[PasswordHash], [u].[Role], [u].[TokenVersion]
FROM [Users] AS [u]
WHERE [u].[Id] = @p
2026-09-28 10:46:01.278 +05:45 [INF] Executed action method PollAndVotingSystem.Controllers.AuditLogsController.GetAll (PollAndVotingSystem), returned result Microsoft.AspNetCore.Mvc.OkObjectResult in 400.8952ms.
2026-09-28 10:46:01.284 +05:45 [INF] Executing OkObjectResult, writing value of type 'System.Collections.Generic.List`1[[PollAndVotingSystem.DTOs.AuditLog.AuditLogResponseDto, PollAndVotingSystem, Version=1.0.0.0, Culture=neutral, PublicKeyToken=null]]'.
2026-09-28 10:46:01.291 +05:45 [INF] Executed action PollAndVotingSystem.Controllers.AuditLogsController.GetAll (PollAndVotingSystem) in 416.4289ms
2026-09-28 10:46:01.294 +05:45 [INF] Executed endpoint 'PollAndVotingSystem.Controllers.AuditLogsController.GetAll (PollAndVotingSystem)'
2026-09-28 10:46:01.297 +05:45 [INF] Request finished HTTP/1.1 GET http://localhost:5145/api/auditlogs - 200 null application/json; charset=utf-8 454.5555ms
2026-09-28 10:46:01.561 +05:45 [INF] Request starting HTTP/1.1 OPTIONS http://localhost:5145/api/elections - null null
2026-09-28 10:46:01.566 +05:45 [INF] CORS policy execution successful.
2026-09-28 10:46:01.568 +05:45 [INF] Request finished HTTP/1.1 OPTIONS http://localhost:5145/api/elections - 204 null null 6.8285ms
2026-09-28 10:46:01.577 +05:45 [INF] Request starting HTTP/1.1 GET http://localhost:5145/api/elections - null null
2026-09-28 10:46:01.581 +05:45 [INF] CORS policy execution successful.
2026-09-28 10:46:01.590 +05:45 [INF] Executed DbCommand (1ms) [Parameters=[@p='?' (DbType = Int32)], CommandType='"Text"', CommandTimeout='0']
SELECT TOP(1) [u].[Id], [u].[DateJoined], [u].[DepartmentId], [u].[Email], [u].[Name], [u].[OtpCode], [u].[OtpExpiresAt], [u].[PasswordHash], [u].[Role], [u].[TokenVersion]
FROM [Users] AS [u]
WHERE [u].[Id] = @p
2026-09-28 10:46:01.594 +05:45 [INF] Executing endpoint 'PollAndVotingSystem.Controllers.ElectionsController.GetAll (PollAndVotingSystem)'
2026-09-28 10:46:01.598 +05:45 [INF] Route matched with {action = "GetAll", controller = "Elections"}. Executing controller action with signature System.Threading.Tasks.Task`1[Microsoft.AspNetCore.Mvc.IActionResult] GetAll() on controller PollAndVotingSystem.Controllers.ElectionsController (PollAndVotingSystem).
2026-09-28 10:46:01.605 +05:45 [INF] Executing action method PollAndVotingSystem.Controllers.ElectionsController.GetAll (PollAndVotingSystem) - Validation state: "Valid"
2026-09-28 10:46:01.615 +05:45 [INF] Executed DbCommand (3ms) [Parameters=[@departmentId='?' (DbType = Int32)], CommandType='"Text"', CommandTimeout='0']
SELECT [e].[Id], [e].[CreatedByUserId], [e].[DepartmentId], [e].[Description], [e].[EndDate], [e].[IsLocked], [e].[MinTenureYears], [e].[StartDate], [e].[Status], [e].[Title], [d].[Id], [d].[Name]
FROM [Elections] AS [e]
INNER JOIN [Departments] AS [d] ON [e].[DepartmentId] = [d].[Id]
WHERE [e].[DepartmentId] = @departmentId
ORDER BY [e].[StartDate] DESC
2026-09-28 10:46:01.621 +05:45 [INF] Executed action method PollAndVotingSystem.Controllers.ElectionsController.GetAll (PollAndVotingSystem), returned result Microsoft.AspNetCore.Mvc.OkObjectResult in 13.447ms.
2026-09-28 10:46:01.625 +05:45 [INF] Executing OkObjectResult, writing value of type 'System.Collections.Generic.List`1[[PollAndVotingSystem.DTOs.Election.ElectionResponseDto, PollAndVotingSystem, Version=1.0.0.0, Culture=neutral, PublicKeyToken=null]]'.
2026-09-28 10:46:01.631 +05:45 [INF] Executed action PollAndVotingSystem.Controllers.ElectionsController.GetAll (PollAndVotingSystem) in 27.0037ms
2026-09-28 10:46:01.635 +05:45 [INF] Executed endpoint 'PollAndVotingSystem.Controllers.ElectionsController.GetAll (PollAndVotingSystem)'
2026-09-28 10:46:01.639 +05:45 [INF] Request finished HTTP/1.1 GET http://localhost:5145/api/elections - 200 null application/json; charset=utf-8 62.5273ms
2026-09-28 10:49:19.083 +05:45 [INF] Executed DbCommand (4ms) [Parameters=[], CommandType='"Text"', CommandTimeout='0']
SELECT [e].[Id], [e].[CreatedByUserId], [e].[DepartmentId], [e].[Description], [e].[EndDate], [e].[IsLocked], [e].[MinTenureYears], [e].[StartDate], [e].[Status], [e].[Title], [d].[Id], [d].[Name]
FROM [Elections] AS [e]
INNER JOIN [Departments] AS [d] ON [e].[DepartmentId] = [d].[Id]
ORDER BY [e].[StartDate] DESC
2026-09-28 10:49:19.098 +05:45 [INF] Executed DbCommand (4ms) [Parameters=[@electionId='?' (DbType = Int32), @type='?' (DbType = Int32)], CommandType='"Text"', CommandTimeout='0']
SELECT CASE
    WHEN EXISTS (
        SELECT 1
        FROM [Notifications] AS [n]
        WHERE [n].[ElectionId] = @electionId AND [n].[Type] = @type) THEN CAST(1 AS bit)
    ELSE CAST(0 AS bit)
END
2026-09-28 10:49:19.112 +05:45 [INF] Executed DbCommand (1ms) [Parameters=[@electionId='?' (DbType = Int32), @type='?' (DbType = Int32)], CommandType='"Text"', CommandTimeout='0']
SELECT CASE
    WHEN EXISTS (
        SELECT 1
        FROM [Notifications] AS [n]
        WHERE [n].[ElectionId] = @electionId AND [n].[Type] = @type) THEN CAST(1 AS bit)
    ELSE CAST(0 AS bit)
END
2026-09-28 10:52:31.799 +05:45 [INF] Request starting HTTP/1.1 OPTIONS http://localhost:5145/api/elections/2 - null null
2026-09-28 10:52:31.805 +05:45 [INF] CORS policy execution successful.
2026-09-28 10:52:31.807 +05:45 [INF] Request finished HTTP/1.1 OPTIONS http://localhost:5145/api/elections/2 - 204 null null 8.514ms
2026-09-28 10:52:31.814 +05:45 [INF] Request starting HTTP/1.1 GET http://localhost:5145/api/elections/2 - null null
2026-09-28 10:52:31.818 +05:45 [INF] CORS policy execution successful.
2026-09-28 10:52:31.828 +05:45 [INF] Executed DbCommand (2ms) [Parameters=[@p='?' (DbType = Int32)], CommandType='"Text"', CommandTimeout='0']
SELECT TOP(1) [u].[Id], [u].[DateJoined], [u].[DepartmentId], [u].[Email], [u].[Name], [u].[OtpCode], [u].[OtpExpiresAt], [u].[PasswordHash], [u].[Role], [u].[TokenVersion]
FROM [Users] AS [u]
WHERE [u].[Id] = @p
2026-09-28 10:52:31.834 +05:45 [INF] Executing endpoint 'PollAndVotingSystem.Controllers.ElectionsController.GetById (PollAndVotingSystem)'
2026-09-28 10:52:31.845 +05:45 [INF] Route matched with {action = "GetById", controller = "Elections"}. Executing controller action with signature System.Threading.Tasks.Task`1[Microsoft.AspNetCore.Mvc.IActionResult] GetById(Int32) on controller PollAndVotingSystem.Controllers.ElectionsController (PollAndVotingSystem).
2026-09-28 10:52:31.854 +05:45 [INF] Executing action method PollAndVotingSystem.Controllers.ElectionsController.GetById (PollAndVotingSystem) - Validation state: "Valid"
2026-09-28 10:52:31.890 +05:45 [INF] Executed DbCommand (4ms) [Parameters=[@id='?' (DbType = Int32)], CommandType='"Text"', CommandTimeout='0']
SELECT TOP(1) [e].[Id], [e].[CreatedByUserId], [e].[DepartmentId], [e].[Description], [e].[EndDate], [e].[IsLocked], [e].[MinTenureYears], [e].[StartDate], [e].[Status], [e].[Title], [d].[Id], [d].[Name]
FROM [Elections] AS [e]
INNER JOIN [Departments] AS [d] ON [e].[DepartmentId] = [d].[Id]
WHERE [e].[Id] = @id
2026-09-28 10:52:31.900 +05:45 [INF] Executed action method PollAndVotingSystem.Controllers.ElectionsController.GetById (PollAndVotingSystem), returned result Microsoft.AspNetCore.Mvc.OkObjectResult in 40.8685ms.
2026-09-28 10:52:31.907 +05:45 [INF] Executing OkObjectResult, writing value of type 'PollAndVotingSystem.DTOs.Election.ElectionResponseDto'.
2026-09-28 10:52:31.915 +05:45 [INF] Executed action PollAndVotingSystem.Controllers.ElectionsController.GetById (PollAndVotingSystem) in 64.6317ms
2026-09-28 10:52:31.920 +05:45 [INF] Executed endpoint 'PollAndVotingSystem.Controllers.ElectionsController.GetById (PollAndVotingSystem)'
2026-09-28 10:52:31.925 +05:45 [INF] Request finished HTTP/1.1 GET http://localhost:5145/api/elections/2 - 200 null application/json; charset=utf-8 111.7062ms
2026-09-28 10:52:31.938 +05:45 [INF] Request starting HTTP/1.1 OPTIONS http://localhost:5145/api/candidateapplications/election/2 - null null
2026-09-28 10:52:31.949 +05:45 [INF] CORS policy execution successful.
2026-09-28 10:52:31.955 +05:45 [INF] Request finished HTTP/1.1 OPTIONS http://localhost:5145/api/candidateapplications/election/2 - 204 null null 17.1328ms
2026-09-28 10:52:31.967 +05:45 [INF] Request starting HTTP/1.1 GET http://localhost:5145/api/candidateapplications/election/2 - null null
2026-09-28 10:52:31.980 +05:45 [INF] CORS policy execution successful.
2026-09-28 10:52:31.993 +05:45 [INF] Executed DbCommand (0ms) [Parameters=[@p='?' (DbType = Int32)], CommandType='"Text"', CommandTimeout='0']
SELECT TOP(1) [u].[Id], [u].[DateJoined], [u].[DepartmentId], [u].[Email], [u].[Name], [u].[OtpCode], [u].[OtpExpiresAt], [u].[PasswordHash], [u].[Role], [u].[TokenVersion]
FROM [Users] AS [u]
WHERE [u].[Id] = @p
2026-09-28 10:52:32.001 +05:45 [INF] Executing endpoint 'PollAndVotingSystem.Controllers.CandidateApplicationsController.GetByElection (PollAndVotingSystem)'
2026-09-28 10:52:32.023 +05:45 [INF] Route matched with {action = "GetByElection", controller = "CandidateApplications"}. Executing controller action with signature System.Threading.Tasks.Task`1[Microsoft.AspNetCore.Mvc.IActionResult] GetByElection(Int32) on controller PollAndVotingSystem.Controllers.CandidateApplicationsController (PollAndVotingSystem).
2026-09-28 10:52:32.035 +05:45 [INF] Executing action method PollAndVotingSystem.Controllers.CandidateApplicationsController.GetByElection (PollAndVotingSystem) - Validation state: "Valid"
2026-09-28 10:52:32.125 +05:45 [INF] Executed DbCommand (11ms) [Parameters=[@electionId='?' (DbType = Int32)], CommandType='"Text"', CommandTimeout='0']
SELECT [c].[Id], [c].[ElectionId], [c].[RejectionReason], [c].[ReviewedAt], [c].[ReviewedByUserId], [c].[Statement], [c].[Status], [c].[UserId], [u].[Id], [u].[DateJoined], [u].[DepartmentId], [u].[Email], [u].[Name], [u].[OtpCode], [u].[OtpExpiresAt], [u].[PasswordHash], [u].[Role], [u].[TokenVersion]
FROM [CandidateApplications] AS [c]
INNER JOIN [Users] AS [u] ON [c].[UserId] = [u].[Id]
WHERE [c].[ElectionId] = @electionId
2026-09-28 10:52:32.208 +05:45 [INF] Executed action method PollAndVotingSystem.Controllers.CandidateApplicationsController.GetByElection (PollAndVotingSystem), returned result Microsoft.AspNetCore.Mvc.OkObjectResult in 166.0573ms.
2026-09-28 10:52:32.214 +05:45 [INF] Executing OkObjectResult, writing value of type 'System.Collections.Generic.List`1[[PollAndVotingSystem.DTOs.CandidateApplication.CandidateApplicationResponseDto, PollAndVotingSystem, Version=1.0.0.0, Culture=neutral, PublicKeyToken=null]]'.
2026-09-28 10:52:32.256 +05:45 [INF] Executed action PollAndVotingSystem.Controllers.CandidateApplicationsController.GetByElection (PollAndVotingSystem) in 223.0738ms
2026-09-28 10:52:32.260 +05:45 [INF] Executed endpoint 'PollAndVotingSystem.Controllers.CandidateApplicationsController.GetByElection (PollAndVotingSystem)'
2026-09-28 10:52:32.264 +05:45 [INF] Request finished HTTP/1.1 GET http://localhost:5145/api/candidateapplications/election/2 - 200 null application/json; charset=utf-8 297.431ms
2026-09-28 10:52:32.274 +05:45 [INF] Request starting HTTP/1.1 OPTIONS http://localhost:5145/api/votes/election/2/results - null null
2026-09-28 10:52:32.283 +05:45 [INF] CORS policy execution successful.
2026-09-28 10:52:32.285 +05:45 [INF] Request finished HTTP/1.1 OPTIONS http://localhost:5145/api/votes/election/2/results - 204 null null 10.844ms
2026-09-28 10:52:32.295 +05:45 [INF] Request starting HTTP/1.1 GET http://localhost:5145/api/votes/election/2/results - null null
2026-09-28 10:52:32.302 +05:45 [INF] CORS policy execution successful.
2026-09-28 10:52:32.311 +05:45 [INF] Executed DbCommand (1ms) [Parameters=[@p='?' (DbType = Int32)], CommandType='"Text"', CommandTimeout='0']
SELECT TOP(1) [u].[Id], [u].[DateJoined], [u].[DepartmentId], [u].[Email], [u].[Name], [u].[OtpCode], [u].[OtpExpiresAt], [u].[PasswordHash], [u].[Role], [u].[TokenVersion]
FROM [Users] AS [u]
WHERE [u].[Id] = @p
2026-09-28 10:52:32.317 +05:45 [INF] Executing endpoint 'PollAndVotingSystem.Controllers.VotesController.GetResults (PollAndVotingSystem)'
2026-09-28 10:52:32.321 +05:45 [INF] Route matched with {action = "GetResults", controller = "Votes"}. Executing controller action with signature System.Threading.Tasks.Task`1[Microsoft.AspNetCore.Mvc.IActionResult] GetResults(Int32) on controller PollAndVotingSystem.Controllers.VotesController (PollAndVotingSystem).
2026-09-28 10:52:32.329 +05:45 [INF] Executing action method PollAndVotingSystem.Controllers.VotesController.GetResults (PollAndVotingSystem) - Validation state: "Valid"
2026-09-28 10:52:32.344 +05:45 [INF] Executed DbCommand (3ms) [Parameters=[@p='?' (DbType = Int32)], CommandType='"Text"', CommandTimeout='0']
SELECT TOP(1) [e].[Id], [e].[CreatedByUserId], [e].[DepartmentId], [e].[Description], [e].[EndDate], [e].[IsLocked], [e].[MinTenureYears], [e].[StartDate], [e].[Status], [e].[Title]
FROM [Elections] AS [e]
WHERE [e].[Id] = @p
2026-09-28 10:52:32.372 +05:45 [INF] Executed DbCommand (8ms) [Parameters=[@electionId='?' (DbType = Int32)], CommandType='"Text"', CommandTimeout='0']
SELECT [v].[Id], [v].[CandidateId], [v].[ElectionId], [v].[Timestamp], [v].[VoterId], [c].[Id], [c].[ApplicationId], [c].[ElectionId], [c].[UserId], [u].[Id], [u].[DateJoined], [u].[DepartmentId], [u].[Email], [u].[Name], [u].[OtpCode], [u].[OtpExpiresAt], [u].[PasswordHash], [u].[Role], [u].[TokenVersion]
FROM [Votes] AS [v]
INNER JOIN [Candidates] AS [c] ON [v].[CandidateId] = [c].[Id]
INNER JOIN [Users] AS [u] ON [c].[UserId] = [u].[Id]
WHERE [v].[ElectionId] = @electionId
2026-09-28 10:52:32.382 +05:45 [INF] Executed action method PollAndVotingSystem.Controllers.VotesController.GetResults (PollAndVotingSystem), returned result Microsoft.AspNetCore.Mvc.OkObjectResult in 48.8682ms.
2026-09-28 10:52:32.393 +05:45 [INF] Executing OkObjectResult, writing value of type 'PollAndVotingSystem.DTOs.Vote.ElectionResultsResponseDto'.
2026-09-28 10:52:32.401 +05:45 [INF] Executed action PollAndVotingSystem.Controllers.VotesController.GetResults (PollAndVotingSystem) in 74.796ms
2026-09-28 10:52:32.407 +05:45 [INF] Executed endpoint 'PollAndVotingSystem.Controllers.VotesController.GetResults (PollAndVotingSystem)'
2026-09-28 10:52:32.413 +05:45 [INF] Request finished HTTP/1.1 GET http://localhost:5145/api/votes/election/2/results - 200 null application/json; charset=utf-8 117.959ms
2026-09-28 10:52:41.265 +05:45 [INF] Request starting HTTP/1.1 OPTIONS http://localhost:5145/api/elections - null null
2026-09-28 10:52:41.277 +05:45 [INF] CORS policy execution successful.
2026-09-28 10:52:41.280 +05:45 [INF] Request finished HTTP/1.1 OPTIONS http://localhost:5145/api/elections - 204 null null 15.8784ms
2026-09-28 10:52:41.289 +05:45 [INF] Request starting HTTP/1.1 GET http://localhost:5145/api/elections - null null
2026-09-28 10:52:41.295 +05:45 [INF] CORS policy execution successful.
2026-09-28 10:52:41.308 +05:45 [INF] Executed DbCommand (1ms) [Parameters=[@p='?' (DbType = Int32)], CommandType='"Text"', CommandTimeout='0']
SELECT TOP(1) [u].[Id], [u].[DateJoined], [u].[DepartmentId], [u].[Email], [u].[Name], [u].[OtpCode], [u].[OtpExpiresAt], [u].[PasswordHash], [u].[Role], [u].[TokenVersion]
FROM [Users] AS [u]
WHERE [u].[Id] = @p
2026-09-28 10:52:41.316 +05:45 [INF] Executing endpoint 'PollAndVotingSystem.Controllers.ElectionsController.GetAll (PollAndVotingSystem)'
2026-09-28 10:52:41.322 +05:45 [INF] Route matched with {action = "GetAll", controller = "Elections"}. Executing controller action with signature System.Threading.Tasks.Task`1[Microsoft.AspNetCore.Mvc.IActionResult] GetAll() on controller PollAndVotingSystem.Controllers.ElectionsController (PollAndVotingSystem).
2026-09-28 10:52:41.329 +05:45 [INF] Executing action method PollAndVotingSystem.Controllers.ElectionsController.GetAll (PollAndVotingSystem) - Validation state: "Valid"
2026-09-28 10:52:41.348 +05:45 [INF] Executed DbCommand (5ms) [Parameters=[@departmentId='?' (DbType = Int32)], CommandType='"Text"', CommandTimeout='0']
SELECT [e].[Id], [e].[CreatedByUserId], [e].[DepartmentId], [e].[Description], [e].[EndDate], [e].[IsLocked], [e].[MinTenureYears], [e].[StartDate], [e].[Status], [e].[Title], [d].[Id], [d].[Name]
FROM [Elections] AS [e]
INNER JOIN [Departments] AS [d] ON [e].[DepartmentId] = [d].[Id]
WHERE [e].[DepartmentId] = @departmentId
ORDER BY [e].[StartDate] DESC
2026-09-28 10:52:41.357 +05:45 [INF] Executed action method PollAndVotingSystem.Controllers.ElectionsController.GetAll (PollAndVotingSystem), returned result Microsoft.AspNetCore.Mvc.OkObjectResult in 22.8096ms.
2026-09-28 10:52:41.366 +05:45 [INF] Executing OkObjectResult, writing value of type 'System.Collections.Generic.List`1[[PollAndVotingSystem.DTOs.Election.ElectionResponseDto, PollAndVotingSystem, Version=1.0.0.0, Culture=neutral, PublicKeyToken=null]]'.
2026-09-28 10:52:41.374 +05:45 [INF] Executed action PollAndVotingSystem.Controllers.ElectionsController.GetAll (PollAndVotingSystem) in 45.1838ms
2026-09-28 10:52:41.378 +05:45 [INF] Executed endpoint 'PollAndVotingSystem.Controllers.ElectionsController.GetAll (PollAndVotingSystem)'
2026-09-28 10:52:41.383 +05:45 [INF] Request finished HTTP/1.1 GET http://localhost:5145/api/elections - 200 null application/json; charset=utf-8 94.4157ms
2026-09-28 10:54:19.146 +05:45 [INF] Executed DbCommand (9ms) [Parameters=[], CommandType='"Text"', CommandTimeout='0']
SELECT [e].[Id], [e].[CreatedByUserId], [e].[DepartmentId], [e].[Description], [e].[EndDate], [e].[IsLocked], [e].[MinTenureYears], [e].[StartDate], [e].[Status], [e].[Title], [d].[Id], [d].[Name]
FROM [Elections] AS [e]
INNER JOIN [Departments] AS [d] ON [e].[DepartmentId] = [d].[Id]
ORDER BY [e].[StartDate] DESC
2026-09-28 10:54:19.171 +05:45 [INF] Executed DbCommand (4ms) [Parameters=[@electionId='?' (DbType = Int32), @type='?' (DbType = Int32)], CommandType='"Text"', CommandTimeout='0']
SELECT CASE
    WHEN EXISTS (
        SELECT 1
        FROM [Notifications] AS [n]
        WHERE [n].[ElectionId] = @electionId AND [n].[Type] = @type) THEN CAST(1 AS bit)
    ELSE CAST(0 AS bit)
END
2026-09-28 10:54:19.192 +05:45 [INF] Executed DbCommand (1ms) [Parameters=[@electionId='?' (DbType = Int32), @type='?' (DbType = Int32)], CommandType='"Text"', CommandTimeout='0']
SELECT CASE
    WHEN EXISTS (
        SELECT 1
        FROM [Notifications] AS [n]
        WHERE [n].[ElectionId] = @electionId AND [n].[Type] = @type) THEN CAST(1 AS bit)
    ELSE CAST(0 AS bit)
END
2026-09-28 10:59:19.218 +05:45 [INF] Executed DbCommand (8ms) [Parameters=[], CommandType='"Text"', CommandTimeout='0']
SELECT [e].[Id], [e].[CreatedByUserId], [e].[DepartmentId], [e].[Description], [e].[EndDate], [e].[IsLocked], [e].[MinTenureYears], [e].[StartDate], [e].[Status], [e].[Title], [d].[Id], [d].[Name]
FROM [Elections] AS [e]
INNER JOIN [Departments] AS [d] ON [e].[DepartmentId] = [d].[Id]
ORDER BY [e].[StartDate] DESC
2026-09-28 10:59:19.239 +05:45 [INF] Executed DbCommand (3ms) [Parameters=[@electionId='?' (DbType = Int32), @type='?' (DbType = Int32)], CommandType='"Text"', CommandTimeout='0']
SELECT CASE
    WHEN EXISTS (
        SELECT 1
        FROM [Notifications] AS [n]
        WHERE [n].[ElectionId] = @electionId AND [n].[Type] = @type) THEN CAST(1 AS bit)
    ELSE CAST(0 AS bit)
END
2026-09-28 11:04:19.263 +05:45 [INF] Executed DbCommand (9ms) [Parameters=[], CommandType='"Text"', CommandTimeout='0']
SELECT [e].[Id], [e].[CreatedByUserId], [e].[DepartmentId], [e].[Description], [e].[EndDate], [e].[IsLocked], [e].[MinTenureYears], [e].[StartDate], [e].[Status], [e].[Title], [d].[Id], [d].[Name]
FROM [Elections] AS [e]
INNER JOIN [Departments] AS [d] ON [e].[DepartmentId] = [d].[Id]
ORDER BY [e].[StartDate] DESC
2026-09-28 11:04:19.295 +05:45 [INF] Executed DbCommand (7ms) [Parameters=[@electionId='?' (DbType = Int32), @type='?' (DbType = Int32)], CommandType='"Text"', CommandTimeout='0']
SELECT CASE
    WHEN EXISTS (
        SELECT 1
        FROM [Notifications] AS [n]
        WHERE [n].[ElectionId] = @electionId AND [n].[Type] = @type) THEN CAST(1 AS bit)
    ELSE CAST(0 AS bit)
END
2026-09-28 11:09:19.315 +05:45 [INF] Executed DbCommand (5ms) [Parameters=[], CommandType='"Text"', CommandTimeout='0']
SELECT [e].[Id], [e].[CreatedByUserId], [e].[DepartmentId], [e].[Description], [e].[EndDate], [e].[IsLocked], [e].[MinTenureYears], [e].[StartDate], [e].[Status], [e].[Title], [d].[Id], [d].[Name]
FROM [Elections] AS [e]
INNER JOIN [Departments] AS [d] ON [e].[DepartmentId] = [d].[Id]
ORDER BY [e].[StartDate] DESC
2026-09-28 11:09:19.333 +05:45 [INF] Executed DbCommand (5ms) [Parameters=[@electionId='?' (DbType = Int32), @type='?' (DbType = Int32)], CommandType='"Text"', CommandTimeout='0']
SELECT CASE
    WHEN EXISTS (
        SELECT 1
        FROM [Notifications] AS [n]
        WHERE [n].[ElectionId] = @electionId AND [n].[Type] = @type) THEN CAST(1 AS bit)
    ELSE CAST(0 AS bit)
END
2026-09-28 11:14:19.382 +05:45 [INF] Executed DbCommand (16ms) [Parameters=[], CommandType='"Text"', CommandTimeout='0']
SELECT [e].[Id], [e].[CreatedByUserId], [e].[DepartmentId], [e].[Description], [e].[EndDate], [e].[IsLocked], [e].[MinTenureYears], [e].[StartDate], [e].[Status], [e].[Title], [d].[Id], [d].[Name]
FROM [Elections] AS [e]
INNER JOIN [Departments] AS [d] ON [e].[DepartmentId] = [d].[Id]
ORDER BY [e].[StartDate] DESC
2026-09-28 11:14:19.410 +05:45 [INF] Executed DbCommand (5ms) [Parameters=[@electionId='?' (DbType = Int32), @type='?' (DbType = Int32)], CommandType='"Text"', CommandTimeout='0']
SELECT CASE
    WHEN EXISTS (
        SELECT 1
        FROM [Notifications] AS [n]
        WHERE [n].[ElectionId] = @electionId AND [n].[Type] = @type) THEN CAST(1 AS bit)
    ELSE CAST(0 AS bit)
END
2026-09-28 11:19:19.447 +05:45 [INF] Executed DbCommand (17ms) [Parameters=[], CommandType='"Text"', CommandTimeout='0']
SELECT [e].[Id], [e].[CreatedByUserId], [e].[DepartmentId], [e].[Description], [e].[EndDate], [e].[IsLocked], [e].[MinTenureYears], [e].[StartDate], [e].[Status], [e].[Title], [d].[Id], [d].[Name]
FROM [Elections] AS [e]
INNER JOIN [Departments] AS [d] ON [e].[DepartmentId] = [d].[Id]
ORDER BY [e].[StartDate] DESC
2026-09-28 11:19:19.468 +05:45 [INF] Executed DbCommand (5ms) [Parameters=[@electionId='?' (DbType = Int32), @type='?' (DbType = Int32)], CommandType='"Text"', CommandTimeout='0']
SELECT CASE
    WHEN EXISTS (
        SELECT 1
        FROM [Notifications] AS [n]
        WHERE [n].[ElectionId] = @electionId AND [n].[Type] = @type) THEN CAST(1 AS bit)
    ELSE CAST(0 AS bit)
END
2026-09-28 11:24:19.505 +05:45 [INF] Executed DbCommand (12ms) [Parameters=[], CommandType='"Text"', CommandTimeout='0']
SELECT [e].[Id], [e].[CreatedByUserId], [e].[DepartmentId], [e].[Description], [e].[EndDate], [e].[IsLocked], [e].[MinTenureYears], [e].[StartDate], [e].[Status], [e].[Title], [d].[Id], [d].[Name]
FROM [Elections] AS [e]
INNER JOIN [Departments] AS [d] ON [e].[DepartmentId] = [d].[Id]
ORDER BY [e].[StartDate] DESC
2026-09-28 11:24:19.520 +05:45 [INF] Executed DbCommand (4ms) [Parameters=[@electionId='?' (DbType = Int32), @type='?' (DbType = Int32)], CommandType='"Text"', CommandTimeout='0']
SELECT CASE
    WHEN EXISTS (
        SELECT 1
        FROM [Notifications] AS [n]
        WHERE [n].[ElectionId] = @electionId AND [n].[Type] = @type) THEN CAST(1 AS bit)
    ELSE CAST(0 AS bit)
END
2026-09-28 11:29:19.559 +05:45 [INF] Executed DbCommand (15ms) [Parameters=[], CommandType='"Text"', CommandTimeout='0']
SELECT [e].[Id], [e].[CreatedByUserId], [e].[DepartmentId], [e].[Description], [e].[EndDate], [e].[IsLocked], [e].[MinTenureYears], [e].[StartDate], [e].[Status], [e].[Title], [d].[Id], [d].[Name]
FROM [Elections] AS [e]
INNER JOIN [Departments] AS [d] ON [e].[DepartmentId] = [d].[Id]
ORDER BY [e].[StartDate] DESC
2026-09-28 11:29:19.579 +05:45 [INF] Executed DbCommand (6ms) [Parameters=[@electionId='?' (DbType = Int32), @type='?' (DbType = Int32)], CommandType='"Text"', CommandTimeout='0']
SELECT CASE
    WHEN EXISTS (
        SELECT 1
        FROM [Notifications] AS [n]
        WHERE [n].[ElectionId] = @electionId AND [n].[Type] = @type) THEN CAST(1 AS bit)
    ELSE CAST(0 AS bit)
END
2026-09-28 11:34:19.617 +05:45 [INF] Executed DbCommand (15ms) [Parameters=[], CommandType='"Text"', CommandTimeout='0']
SELECT [e].[Id], [e].[CreatedByUserId], [e].[DepartmentId], [e].[Description], [e].[EndDate], [e].[IsLocked], [e].[MinTenureYears], [e].[StartDate], [e].[Status], [e].[Title], [d].[Id], [d].[Name]
FROM [Elections] AS [e]
INNER JOIN [Departments] AS [d] ON [e].[DepartmentId] = [d].[Id]
ORDER BY [e].[StartDate] DESC
2026-09-28 11:34:19.634 +05:45 [INF] Executed DbCommand (5ms) [Parameters=[@electionId='?' (DbType = Int32), @type='?' (DbType = Int32)], CommandType='"Text"', CommandTimeout='0']
SELECT CASE
    WHEN EXISTS (
        SELECT 1
        FROM [Notifications] AS [n]
        WHERE [n].[ElectionId] = @electionId AND [n].[Type] = @type) THEN CAST(1 AS bit)
    ELSE CAST(0 AS bit)
END
2026-09-28 11:39:19.660 +05:45 [INF] Executed DbCommand (9ms) [Parameters=[], CommandType='"Text"', CommandTimeout='0']
SELECT [e].[Id], [e].[CreatedByUserId], [e].[DepartmentId], [e].[Description], [e].[EndDate], [e].[IsLocked], [e].[MinTenureYears], [e].[StartDate], [e].[Status], [e].[Title], [d].[Id], [d].[Name]
FROM [Elections] AS [e]
INNER JOIN [Departments] AS [d] ON [e].[DepartmentId] = [d].[Id]
ORDER BY [e].[StartDate] DESC
2026-09-28 11:39:19.681 +05:45 [INF] Executed DbCommand (5ms) [Parameters=[@electionId='?' (DbType = Int32), @type='?' (DbType = Int32)], CommandType='"Text"', CommandTimeout='0']
SELECT CASE
    WHEN EXISTS (
        SELECT 1
        FROM [Notifications] AS [n]
        WHERE [n].[ElectionId] = @electionId AND [n].[Type] = @type) THEN CAST(1 AS bit)
    ELSE CAST(0 AS bit)
END
2026-09-28 11:44:19.703 +05:45 [INF] Executed DbCommand (14ms) [Parameters=[], CommandType='"Text"', CommandTimeout='0']
SELECT [e].[Id], [e].[CreatedByUserId], [e].[DepartmentId], [e].[Description], [e].[EndDate], [e].[IsLocked], [e].[MinTenureYears], [e].[StartDate], [e].[Status], [e].[Title], [d].[Id], [d].[Name]
FROM [Elections] AS [e]
INNER JOIN [Departments] AS [d] ON [e].[DepartmentId] = [d].[Id]
ORDER BY [e].[StartDate] DESC
2026-09-28 11:44:19.723 +05:45 [INF] Executed DbCommand (5ms) [Parameters=[@electionId='?' (DbType = Int32), @type='?' (DbType = Int32)], CommandType='"Text"', CommandTimeout='0']
SELECT CASE
    WHEN EXISTS (
        SELECT 1
        FROM [Notifications] AS [n]
        WHERE [n].[ElectionId] = @electionId AND [n].[Type] = @type) THEN CAST(1 AS bit)
    ELSE CAST(0 AS bit)
END
2026-09-28 11:49:19.788 +05:45 [INF] Executed DbCommand (38ms) [Parameters=[], CommandType='"Text"', CommandTimeout='0']
SELECT [e].[Id], [e].[CreatedByUserId], [e].[DepartmentId], [e].[Description], [e].[EndDate], [e].[IsLocked], [e].[MinTenureYears], [e].[StartDate], [e].[Status], [e].[Title], [d].[Id], [d].[Name]
FROM [Elections] AS [e]
INNER JOIN [Departments] AS [d] ON [e].[DepartmentId] = [d].[Id]
ORDER BY [e].[StartDate] DESC
2026-09-28 11:49:19.824 +05:45 [INF] Executed DbCommand (9ms) [Parameters=[@electionId='?' (DbType = Int32), @type='?' (DbType = Int32)], CommandType='"Text"', CommandTimeout='0']
SELECT CASE
    WHEN EXISTS (
        SELECT 1
        FROM [Notifications] AS [n]
        WHERE [n].[ElectionId] = @electionId AND [n].[Type] = @type) THEN CAST(1 AS bit)
    ELSE CAST(0 AS bit)
END
2026-09-28 12:18:28.215 +05:45 [INF] Executed DbCommand (7ms) [Parameters=[], CommandType='"Text"', CommandTimeout='0']
SELECT [e].[Id], [e].[CreatedByUserId], [e].[DepartmentId], [e].[Description], [e].[EndDate], [e].[IsLocked], [e].[MinTenureYears], [e].[StartDate], [e].[Status], [e].[Title], [d].[Id], [d].[Name]
FROM [Elections] AS [e]
INNER JOIN [Departments] AS [d] ON [e].[DepartmentId] = [d].[Id]
ORDER BY [e].[StartDate] DESC
2026-09-28 12:18:28.234 +05:45 [INF] Executed DbCommand (5ms) [Parameters=[@electionId='?' (DbType = Int32), @type='?' (DbType = Int32)], CommandType='"Text"', CommandTimeout='0']
SELECT CASE
    WHEN EXISTS (
        SELECT 1
        FROM [Notifications] AS [n]
        WHERE [n].[ElectionId] = @electionId AND [n].[Type] = @type) THEN CAST(1 AS bit)
    ELSE CAST(0 AS bit)
END
2026-09-28 12:23:28.282 +05:45 [INF] Executed DbCommand (15ms) [Parameters=[], CommandType='"Text"', CommandTimeout='0']
SELECT [e].[Id], [e].[CreatedByUserId], [e].[DepartmentId], [e].[Description], [e].[EndDate], [e].[IsLocked], [e].[MinTenureYears], [e].[StartDate], [e].[Status], [e].[Title], [d].[Id], [d].[Name]
FROM [Elections] AS [e]
INNER JOIN [Departments] AS [d] ON [e].[DepartmentId] = [d].[Id]
ORDER BY [e].[StartDate] DESC
2026-09-28 12:23:28.308 +05:45 [INF] Executed DbCommand (5ms) [Parameters=[@electionId='?' (DbType = Int32), @type='?' (DbType = Int32)], CommandType='"Text"', CommandTimeout='0']
SELECT CASE
    WHEN EXISTS (
        SELECT 1
        FROM [Notifications] AS [n]
        WHERE [n].[ElectionId] = @electionId AND [n].[Type] = @type) THEN CAST(1 AS bit)
    ELSE CAST(0 AS bit)
END
2026-09-28 12:28:28.363 +05:45 [INF] Executed DbCommand (18ms) [Parameters=[], CommandType='"Text"', CommandTimeout='0']
SELECT [e].[Id], [e].[CreatedByUserId], [e].[DepartmentId], [e].[Description], [e].[EndDate], [e].[IsLocked], [e].[MinTenureYears], [e].[StartDate], [e].[Status], [e].[Title], [d].[Id], [d].[Name]
FROM [Elections] AS [e]
INNER JOIN [Departments] AS [d] ON [e].[DepartmentId] = [d].[Id]
ORDER BY [e].[StartDate] DESC
2026-09-28 12:28:28.386 +05:45 [INF] Executed DbCommand (6ms) [Parameters=[@electionId='?' (DbType = Int32), @type='?' (DbType = Int32)], CommandType='"Text"', CommandTimeout='0']
SELECT CASE
    WHEN EXISTS (
        SELECT 1
        FROM [Notifications] AS [n]
        WHERE [n].[ElectionId] = @electionId AND [n].[Type] = @type) THEN CAST(1 AS bit)
    ELSE CAST(0 AS bit)
END
2026-09-28 12:33:28.421 +05:45 [INF] Executed DbCommand (15ms) [Parameters=[], CommandType='"Text"', CommandTimeout='0']
SELECT [e].[Id], [e].[CreatedByUserId], [e].[DepartmentId], [e].[Description], [e].[EndDate], [e].[IsLocked], [e].[MinTenureYears], [e].[StartDate], [e].[Status], [e].[Title], [d].[Id], [d].[Name]
FROM [Elections] AS [e]
INNER JOIN [Departments] AS [d] ON [e].[DepartmentId] = [d].[Id]
ORDER BY [e].[StartDate] DESC
2026-09-28 12:33:28.446 +05:45 [INF] Executed DbCommand (6ms) [Parameters=[@electionId='?' (DbType = Int32), @type='?' (DbType = Int32)], CommandType='"Text"', CommandTimeout='0']
SELECT CASE
    WHEN EXISTS (
        SELECT 1
        FROM [Notifications] AS [n]
        WHERE [n].[ElectionId] = @electionId AND [n].[Type] = @type) THEN CAST(1 AS bit)
    ELSE CAST(0 AS bit)
END
2026-09-28 12:38:28.486 +05:45 [INF] Executed DbCommand (12ms) [Parameters=[], CommandType='"Text"', CommandTimeout='0']
SELECT [e].[Id], [e].[CreatedByUserId], [e].[DepartmentId], [e].[Description], [e].[EndDate], [e].[IsLocked], [e].[MinTenureYears], [e].[StartDate], [e].[Status], [e].[Title], [d].[Id], [d].[Name]
FROM [Elections] AS [e]
INNER JOIN [Departments] AS [d] ON [e].[DepartmentId] = [d].[Id]
ORDER BY [e].[StartDate] DESC
2026-09-28 12:38:28.512 +05:45 [INF] Executed DbCommand (5ms) [Parameters=[@electionId='?' (DbType = Int32), @type='?' (DbType = Int32)], CommandType='"Text"', CommandTimeout='0']
SELECT CASE
    WHEN EXISTS (
        SELECT 1
        FROM [Notifications] AS [n]
        WHERE [n].[ElectionId] = @electionId AND [n].[Type] = @type) THEN CAST(1 AS bit)
    ELSE CAST(0 AS bit)
END
2026-09-28 12:43:28.540 +05:45 [INF] Executed DbCommand (13ms) [Parameters=[], CommandType='"Text"', CommandTimeout='0']
SELECT [e].[Id], [e].[CreatedByUserId], [e].[DepartmentId], [e].[Description], [e].[EndDate], [e].[IsLocked], [e].[MinTenureYears], [e].[StartDate], [e].[Status], [e].[Title], [d].[Id], [d].[Name]
FROM [Elections] AS [e]
INNER JOIN [Departments] AS [d] ON [e].[DepartmentId] = [d].[Id]
ORDER BY [e].[StartDate] DESC
2026-09-28 12:43:28.558 +05:45 [INF] Executed DbCommand (5ms) [Parameters=[@electionId='?' (DbType = Int32), @type='?' (DbType = Int32)], CommandType='"Text"', CommandTimeout='0']
SELECT CASE
    WHEN EXISTS (
        SELECT 1
        FROM [Notifications] AS [n]
        WHERE [n].[ElectionId] = @electionId AND [n].[Type] = @type) THEN CAST(1 AS bit)
    ELSE CAST(0 AS bit)
END
2026-09-28 12:48:28.611 +05:45 [INF] Executed DbCommand (23ms) [Parameters=[], CommandType='"Text"', CommandTimeout='0']
SELECT [e].[Id], [e].[CreatedByUserId], [e].[DepartmentId], [e].[Description], [e].[EndDate], [e].[IsLocked], [e].[MinTenureYears], [e].[StartDate], [e].[Status], [e].[Title], [d].[Id], [d].[Name]
FROM [Elections] AS [e]
INNER JOIN [Departments] AS [d] ON [e].[DepartmentId] = [d].[Id]
ORDER BY [e].[StartDate] DESC
2026-09-28 12:48:28.625 +05:45 [INF] Executed DbCommand (4ms) [Parameters=[@electionId='?' (DbType = Int32), @type='?' (DbType = Int32)], CommandType='"Text"', CommandTimeout='0']
SELECT CASE
    WHEN EXISTS (
        SELECT 1
        FROM [Notifications] AS [n]
        WHERE [n].[ElectionId] = @electionId AND [n].[Type] = @type) THEN CAST(1 AS bit)
    ELSE CAST(0 AS bit)
END
2026-09-28 12:53:28.667 +05:45 [INF] Executed DbCommand (16ms) [Parameters=[], CommandType='"Text"', CommandTimeout='0']
SELECT [e].[Id], [e].[CreatedByUserId], [e].[DepartmentId], [e].[Description], [e].[EndDate], [e].[IsLocked], [e].[MinTenureYears], [e].[StartDate], [e].[Status], [e].[Title], [d].[Id], [d].[Name]
FROM [Elections] AS [e]
INNER JOIN [Departments] AS [d] ON [e].[DepartmentId] = [d].[Id]
ORDER BY [e].[StartDate] DESC
2026-09-28 12:53:28.680 +05:45 [INF] Executed DbCommand (4ms) [Parameters=[@electionId='?' (DbType = Int32), @type='?' (DbType = Int32)], CommandType='"Text"', CommandTimeout='0']
SELECT CASE
    WHEN EXISTS (
        SELECT 1
        FROM [Notifications] AS [n]
        WHERE [n].[ElectionId] = @electionId AND [n].[Type] = @type) THEN CAST(1 AS bit)
    ELSE CAST(0 AS bit)
END
2026-09-28 12:58:28.732 +05:45 [INF] Executed DbCommand (12ms) [Parameters=[], CommandType='"Text"', CommandTimeout='0']
SELECT [e].[Id], [e].[CreatedByUserId], [e].[DepartmentId], [e].[Description], [e].[EndDate], [e].[IsLocked], [e].[MinTenureYears], [e].[StartDate], [e].[Status], [e].[Title], [d].[Id], [d].[Name]
FROM [Elections] AS [e]
INNER JOIN [Departments] AS [d] ON [e].[DepartmentId] = [d].[Id]
ORDER BY [e].[StartDate] DESC
2026-09-28 12:58:28.747 +05:45 [INF] Executed DbCommand (4ms) [Parameters=[@electionId='?' (DbType = Int32), @type='?' (DbType = Int32)], CommandType='"Text"', CommandTimeout='0']
SELECT CASE
    WHEN EXISTS (
        SELECT 1
        FROM [Notifications] AS [n]
        WHERE [n].[ElectionId] = @electionId AND [n].[Type] = @type) THEN CAST(1 AS bit)
    ELSE CAST(0 AS bit)
END
2026-09-28 13:03:28.789 +05:45 [INF] Executed DbCommand (16ms) [Parameters=[], CommandType='"Text"', CommandTimeout='0']
SELECT [e].[Id], [e].[CreatedByUserId], [e].[DepartmentId], [e].[Description], [e].[EndDate], [e].[IsLocked], [e].[MinTenureYears], [e].[StartDate], [e].[Status], [e].[Title], [d].[Id], [d].[Name]
FROM [Elections] AS [e]
INNER JOIN [Departments] AS [d] ON [e].[DepartmentId] = [d].[Id]
ORDER BY [e].[StartDate] DESC
2026-09-28 13:03:28.832 +05:45 [INF] Executed DbCommand (25ms) [Parameters=[@electionId='?' (DbType = Int32), @type='?' (DbType = Int32)], CommandType='"Text"', CommandTimeout='0']
SELECT CASE
    WHEN EXISTS (
        SELECT 1
        FROM [Notifications] AS [n]
        WHERE [n].[ElectionId] = @electionId AND [n].[Type] = @type) THEN CAST(1 AS bit)
    ELSE CAST(0 AS bit)
END
2026-09-28 13:08:28.880 +05:45 [INF] Executed DbCommand (14ms) [Parameters=[], CommandType='"Text"', CommandTimeout='0']
SELECT [e].[Id], [e].[CreatedByUserId], [e].[DepartmentId], [e].[Description], [e].[EndDate], [e].[IsLocked], [e].[MinTenureYears], [e].[StartDate], [e].[Status], [e].[Title], [d].[Id], [d].[Name]
FROM [Elections] AS [e]
INNER JOIN [Departments] AS [d] ON [e].[DepartmentId] = [d].[Id]
ORDER BY [e].[StartDate] DESC
2026-09-28 13:08:28.899 +05:45 [INF] Executed DbCommand (6ms) [Parameters=[@electionId='?' (DbType = Int32), @type='?' (DbType = Int32)], CommandType='"Text"', CommandTimeout='0']
SELECT CASE
    WHEN EXISTS (
        SELECT 1
        FROM [Notifications] AS [n]
        WHERE [n].[ElectionId] = @electionId AND [n].[Type] = @type) THEN CAST(1 AS bit)
    ELSE CAST(0 AS bit)
END
2026-09-28 13:13:28.944 +05:45 [INF] Executed DbCommand (19ms) [Parameters=[], CommandType='"Text"', CommandTimeout='0']
SELECT [e].[Id], [e].[CreatedByUserId], [e].[DepartmentId], [e].[Description], [e].[EndDate], [e].[IsLocked], [e].[MinTenureYears], [e].[StartDate], [e].[Status], [e].[Title], [d].[Id], [d].[Name]
FROM [Elections] AS [e]
INNER JOIN [Departments] AS [d] ON [e].[DepartmentId] = [d].[Id]
ORDER BY [e].[StartDate] DESC
2026-09-28 13:13:28.974 +05:45 [INF] Executed DbCommand (9ms) [Parameters=[@electionId='?' (DbType = Int32), @type='?' (DbType = Int32)], CommandType='"Text"', CommandTimeout='0']
SELECT CASE
    WHEN EXISTS (
        SELECT 1
        FROM [Notifications] AS [n]
        WHERE [n].[ElectionId] = @electionId AND [n].[Type] = @type) THEN CAST(1 AS bit)
    ELSE CAST(0 AS bit)
END
2026-09-28 13:20:33.387 +05:45 [INF] Executed DbCommand (12ms) [Parameters=[], CommandType='"Text"', CommandTimeout='0']
SELECT [e].[Id], [e].[CreatedByUserId], [e].[DepartmentId], [e].[Description], [e].[EndDate], [e].[IsLocked], [e].[MinTenureYears], [e].[StartDate], [e].[Status], [e].[Title], [d].[Id], [d].[Name]
FROM [Elections] AS [e]
INNER JOIN [Departments] AS [d] ON [e].[DepartmentId] = [d].[Id]
ORDER BY [e].[StartDate] DESC
2026-09-28 13:20:33.405 +05:45 [INF] Executed DbCommand (4ms) [Parameters=[@electionId='?' (DbType = Int32), @type='?' (DbType = Int32)], CommandType='"Text"', CommandTimeout='0']
SELECT CASE
    WHEN EXISTS (
        SELECT 1
        FROM [Notifications] AS [n]
        WHERE [n].[ElectionId] = @electionId AND [n].[Type] = @type) THEN CAST(1 AS bit)
    ELSE CAST(0 AS bit)
END
2026-09-28 13:25:33.456 +05:45 [INF] Executed DbCommand (18ms) [Parameters=[], CommandType='"Text"', CommandTimeout='0']
SELECT [e].[Id], [e].[CreatedByUserId], [e].[DepartmentId], [e].[Description], [e].[EndDate], [e].[IsLocked], [e].[MinTenureYears], [e].[StartDate], [e].[Status], [e].[Title], [d].[Id], [d].[Name]
FROM [Elections] AS [e]
INNER JOIN [Departments] AS [d] ON [e].[DepartmentId] = [d].[Id]
ORDER BY [e].[StartDate] DESC
2026-09-28 13:25:33.479 +05:45 [INF] Executed DbCommand (4ms) [Parameters=[@electionId='?' (DbType = Int32), @type='?' (DbType = Int32)], CommandType='"Text"', CommandTimeout='0']
SELECT CASE
    WHEN EXISTS (
        SELECT 1
        FROM [Notifications] AS [n]
        WHERE [n].[ElectionId] = @electionId AND [n].[Type] = @type) THEN CAST(1 AS bit)
    ELSE CAST(0 AS bit)
END
2026-09-28 13:32:33.043 +05:45 [INF] Executed DbCommand (16ms) [Parameters=[], CommandType='"Text"', CommandTimeout='0']
SELECT [e].[Id], [e].[CreatedByUserId], [e].[DepartmentId], [e].[Description], [e].[EndDate], [e].[IsLocked], [e].[MinTenureYears], [e].[StartDate], [e].[Status], [e].[Title], [d].[Id], [d].[Name]
FROM [Elections] AS [e]
INNER JOIN [Departments] AS [d] ON [e].[DepartmentId] = [d].[Id]
ORDER BY [e].[StartDate] DESC
2026-09-28 13:32:33.069 +05:45 [INF] Executed DbCommand (7ms) [Parameters=[@electionId='?' (DbType = Int32), @type='?' (DbType = Int32)], CommandType='"Text"', CommandTimeout='0']
SELECT CASE
    WHEN EXISTS (
        SELECT 1
        FROM [Notifications] AS [n]
        WHERE [n].[ElectionId] = @electionId AND [n].[Type] = @type) THEN CAST(1 AS bit)
    ELSE CAST(0 AS bit)
END
2026-09-28 13:37:33.117 +05:45 [INF] Executed DbCommand (12ms) [Parameters=[], CommandType='"Text"', CommandTimeout='0']
SELECT [e].[Id], [e].[CreatedByUserId], [e].[DepartmentId], [e].[Description], [e].[EndDate], [e].[IsLocked], [e].[MinTenureYears], [e].[StartDate], [e].[Status], [e].[Title], [d].[Id], [d].[Name]
FROM [Elections] AS [e]
INNER JOIN [Departments] AS [d] ON [e].[DepartmentId] = [d].[Id]
ORDER BY [e].[StartDate] DESC
2026-09-28 13:37:33.132 +05:45 [INF] Executed DbCommand (6ms) [Parameters=[@electionId='?' (DbType = Int32), @type='?' (DbType = Int32)], CommandType='"Text"', CommandTimeout='0']
SELECT CASE
    WHEN EXISTS (
        SELECT 1
        FROM [Notifications] AS [n]
        WHERE [n].[ElectionId] = @electionId AND [n].[Type] = @type) THEN CAST(1 AS bit)
    ELSE CAST(0 AS bit)
END
2026-09-28 13:39:37.497 +05:45 [INF] Request starting HTTP/1.1 OPTIONS http://localhost:5145/api/auth/login - null null
2026-09-28 13:39:37.516 +05:45 [INF] CORS policy execution successful.
2026-09-28 13:39:37.522 +05:45 [INF] Request finished HTTP/1.1 OPTIONS http://localhost:5145/api/auth/login - 204 null null 27.4515ms
2026-09-28 13:39:37.534 +05:45 [INF] Request starting HTTP/1.1 POST http://localhost:5145/api/auth/login - application/json 55
2026-09-28 13:39:37.546 +05:45 [INF] CORS policy execution successful.
2026-09-28 13:39:37.561 +05:45 [INF] Executing endpoint 'PollAndVotingSystem.Controllers.AuthController.Login (PollAndVotingSystem)'
2026-09-28 13:39:37.577 +05:45 [INF] Route matched with {action = "Login", controller = "Auth"}. Executing controller action with signature System.Threading.Tasks.Task`1[Microsoft.AspNetCore.Mvc.IActionResult] Login(PollAndVotingSystem.DTOs.Auth.LoginRequestDto) on controller PollAndVotingSystem.Controllers.AuthController (PollAndVotingSystem).
2026-09-28 13:39:37.614 +05:45 [INF] Executing action method PollAndVotingSystem.Controllers.AuthController.Login (PollAndVotingSystem) - Validation state: "Valid"
2026-09-28 13:39:37.663 +05:45 [INF] Executed DbCommand (18ms) [Parameters=[@ToLower='?' (Size = 450)], CommandType='"Text"', CommandTimeout='0']
SELECT TOP(1) [u].[Id], [u].[DateJoined], [u].[DepartmentId], [u].[Email], [u].[Name], [u].[OtpCode], [u].[OtpExpiresAt], [u].[PasswordHash], [u].[Role], [u].[TokenVersion]
FROM [Users] AS [u]
WHERE LOWER([u].[Email]) = @ToLower
2026-09-28 13:39:37.852 +05:45 [INF] Executed action method PollAndVotingSystem.Controllers.AuthController.Login (PollAndVotingSystem), returned result Microsoft.AspNetCore.Mvc.OkObjectResult in 232.8949ms.
2026-09-28 13:39:37.866 +05:45 [INF] Executing OkObjectResult, writing value of type 'PollAndVotingSystem.DTOs.Auth.AuthResponseDto'.
2026-09-28 13:39:37.874 +05:45 [INF] Executed action PollAndVotingSystem.Controllers.AuthController.Login (PollAndVotingSystem) in 292.9838ms
2026-09-28 13:39:37.881 +05:45 [INF] Executed endpoint 'PollAndVotingSystem.Controllers.AuthController.Login (PollAndVotingSystem)'
2026-09-28 13:39:37.889 +05:45 [INF] Request finished HTTP/1.1 POST http://localhost:5145/api/auth/login - 200 null application/json; charset=utf-8 355.6825ms
2026-09-28 13:39:37.933 +05:45 [INF] Request starting HTTP/1.1 OPTIONS http://localhost:5145/api/elections - null null
2026-09-28 13:39:37.950 +05:45 [INF] CORS policy execution successful.
2026-09-28 13:39:37.954 +05:45 [INF] Request finished HTTP/1.1 OPTIONS http://localhost:5145/api/elections - 204 null null 20.9409ms
2026-09-28 13:39:37.967 +05:45 [INF] Request starting HTTP/1.1 GET http://localhost:5145/api/elections - null null
2026-09-28 13:39:37.977 +05:45 [INF] CORS policy execution successful.
2026-09-28 13:39:38.005 +05:45 [INF] Executed DbCommand (3ms) [Parameters=[@p='?' (DbType = Int32)], CommandType='"Text"', CommandTimeout='0']
SELECT TOP(1) [u].[Id], [u].[DateJoined], [u].[DepartmentId], [u].[Email], [u].[Name], [u].[OtpCode], [u].[OtpExpiresAt], [u].[PasswordHash], [u].[Role], [u].[TokenVersion]
FROM [Users] AS [u]
WHERE [u].[Id] = @p
2026-09-28 13:39:38.013 +05:45 [INF] Executing endpoint 'PollAndVotingSystem.Controllers.ElectionsController.GetAll (PollAndVotingSystem)'
2026-09-28 13:39:38.016 +05:45 [INF] Route matched with {action = "GetAll", controller = "Elections"}. Executing controller action with signature System.Threading.Tasks.Task`1[Microsoft.AspNetCore.Mvc.IActionResult] GetAll() on controller PollAndVotingSystem.Controllers.ElectionsController (PollAndVotingSystem).
2026-09-28 13:39:38.020 +05:45 [INF] Executing action method PollAndVotingSystem.Controllers.ElectionsController.GetAll (PollAndVotingSystem) - Validation state: "Valid"
2026-09-28 13:39:38.037 +05:45 [INF] Executed DbCommand (7ms) [Parameters=[@departmentId='?' (DbType = Int32)], CommandType='"Text"', CommandTimeout='0']
SELECT [e].[Id], [e].[CreatedByUserId], [e].[DepartmentId], [e].[Description], [e].[EndDate], [e].[IsLocked], [e].[MinTenureYears], [e].[StartDate], [e].[Status], [e].[Title], [d].[Id], [d].[Name]
FROM [Elections] AS [e]
INNER JOIN [Departments] AS [d] ON [e].[DepartmentId] = [d].[Id]
WHERE [e].[DepartmentId] = @departmentId
ORDER BY [e].[StartDate] DESC
2026-09-28 13:39:38.048 +05:45 [INF] Executed action method PollAndVotingSystem.Controllers.ElectionsController.GetAll (PollAndVotingSystem), returned result Microsoft.AspNetCore.Mvc.OkObjectResult in 24.0966ms.
2026-09-28 13:39:38.053 +05:45 [INF] Executing OkObjectResult, writing value of type 'System.Collections.Generic.List`1[[PollAndVotingSystem.DTOs.Election.ElectionResponseDto, PollAndVotingSystem, Version=1.0.0.0, Culture=neutral, PublicKeyToken=null]]'.
2026-09-28 13:39:38.062 +05:45 [INF] Executed action PollAndVotingSystem.Controllers.ElectionsController.GetAll (PollAndVotingSystem) in 42.1355ms
2026-09-28 13:39:38.067 +05:45 [INF] Executed endpoint 'PollAndVotingSystem.Controllers.ElectionsController.GetAll (PollAndVotingSystem)'
2026-09-28 13:39:38.070 +05:45 [INF] Request finished HTTP/1.1 GET http://localhost:5145/api/elections - 200 null application/json; charset=utf-8 103.53ms
2026-09-28 13:39:38.086 +05:45 [INF] Request starting HTTP/1.1 OPTIONS http://localhost:5145/api/votes/election/1/results - null null
2026-09-28 13:39:38.097 +05:45 [INF] CORS policy execution successful.
2026-09-28 13:39:38.100 +05:45 [INF] Request finished HTTP/1.1 OPTIONS http://localhost:5145/api/votes/election/1/results - 204 null null 14.089ms
2026-09-28 13:39:38.112 +05:45 [INF] Request starting HTTP/1.1 GET http://localhost:5145/api/votes/election/1/results - null null
2026-09-28 13:39:38.120 +05:45 [INF] CORS policy execution successful.
2026-09-28 13:39:38.143 +05:45 [INF] Executed DbCommand (1ms) [Parameters=[@p='?' (DbType = Int32)], CommandType='"Text"', CommandTimeout='0']
SELECT TOP(1) [u].[Id], [u].[DateJoined], [u].[DepartmentId], [u].[Email], [u].[Name], [u].[OtpCode], [u].[OtpExpiresAt], [u].[PasswordHash], [u].[Role], [u].[TokenVersion]
FROM [Users] AS [u]
WHERE [u].[Id] = @p
2026-09-28 13:39:38.151 +05:45 [INF] Executing endpoint 'PollAndVotingSystem.Controllers.VotesController.GetResults (PollAndVotingSystem)'
2026-09-28 13:39:38.160 +05:45 [INF] Route matched with {action = "GetResults", controller = "Votes"}. Executing controller action with signature System.Threading.Tasks.Task`1[Microsoft.AspNetCore.Mvc.IActionResult] GetResults(Int32) on controller PollAndVotingSystem.Controllers.VotesController (PollAndVotingSystem).
2026-09-28 13:39:38.180 +05:45 [INF] Executing action method PollAndVotingSystem.Controllers.VotesController.GetResults (PollAndVotingSystem) - Validation state: "Valid"
2026-09-28 13:39:38.197 +05:45 [INF] Executed DbCommand (5ms) [Parameters=[@p='?' (DbType = Int32)], CommandType='"Text"', CommandTimeout='0']
SELECT TOP(1) [e].[Id], [e].[CreatedByUserId], [e].[DepartmentId], [e].[Description], [e].[EndDate], [e].[IsLocked], [e].[MinTenureYears], [e].[StartDate], [e].[Status], [e].[Title]
FROM [Elections] AS [e]
WHERE [e].[Id] = @p
2026-09-28 13:39:38.241 +05:45 [INF] Executed DbCommand (11ms) [Parameters=[@electionId='?' (DbType = Int32)], CommandType='"Text"', CommandTimeout='0']
SELECT [v].[Id], [v].[CandidateId], [v].[ElectionId], [v].[Timestamp], [v].[VoterId], [c].[Id], [c].[ApplicationId], [c].[ElectionId], [c].[UserId], [u].[Id], [u].[DateJoined], [u].[DepartmentId], [u].[Email], [u].[Name], [u].[OtpCode], [u].[OtpExpiresAt], [u].[PasswordHash], [u].[Role], [u].[TokenVersion]
FROM [Votes] AS [v]
INNER JOIN [Candidates] AS [c] ON [v].[CandidateId] = [c].[Id]
INNER JOIN [Users] AS [u] ON [c].[UserId] = [u].[Id]
WHERE [v].[ElectionId] = @electionId
2026-09-28 13:39:38.256 +05:45 [INF] Executed action method PollAndVotingSystem.Controllers.VotesController.GetResults (PollAndVotingSystem), returned result Microsoft.AspNetCore.Mvc.OkObjectResult in 72.1631ms.
2026-09-28 13:39:38.260 +05:45 [INF] Executing OkObjectResult, writing value of type 'PollAndVotingSystem.DTOs.Vote.ElectionResultsResponseDto'.
2026-09-28 13:39:38.265 +05:45 [INF] Executed action PollAndVotingSystem.Controllers.VotesController.GetResults (PollAndVotingSystem) in 97.6443ms
2026-09-28 13:39:38.269 +05:45 [INF] Executed endpoint 'PollAndVotingSystem.Controllers.VotesController.GetResults (PollAndVotingSystem)'
2026-09-28 13:39:38.273 +05:45 [INF] Request finished HTTP/1.1 GET http://localhost:5145/api/votes/election/1/results - 200 null application/json; charset=utf-8 161.3556ms
2026-09-28 13:39:38.288 +05:45 [INF] Request starting HTTP/1.1 OPTIONS http://localhost:5145/hubs/election-results/negotiate?negotiateVersion=1 - null null
2026-09-28 13:39:38.296 +05:45 [INF] CORS policy execution successful.
2026-09-28 13:39:38.299 +05:45 [INF] Request finished HTTP/1.1 OPTIONS http://localhost:5145/hubs/election-results/negotiate?negotiateVersion=1 - 204 null null 11.0604ms
2026-09-28 13:39:38.302 +05:45 [INF] Request starting HTTP/1.1 POST http://localhost:5145/hubs/election-results/negotiate?negotiateVersion=1 - null 0
2026-09-28 13:39:38.315 +05:45 [INF] CORS policy execution successful.
2026-09-28 13:39:38.326 +05:45 [INF] Executed DbCommand (0ms) [Parameters=[@p='?' (DbType = Int32)], CommandType='"Text"', CommandTimeout='0']
SELECT TOP(1) [u].[Id], [u].[DateJoined], [u].[DepartmentId], [u].[Email], [u].[Name], [u].[OtpCode], [u].[OtpExpiresAt], [u].[PasswordHash], [u].[Role], [u].[TokenVersion]
FROM [Users] AS [u]
WHERE [u].[Id] = @p
2026-09-28 13:39:38.331 +05:45 [INF] Executing endpoint '/hubs/election-results/negotiate'
2026-09-28 13:39:38.340 +05:45 [INF] Executed endpoint '/hubs/election-results/negotiate'
2026-09-28 13:39:38.343 +05:45 [INF] Request finished HTTP/1.1 POST http://localhost:5145/hubs/election-results/negotiate?negotiateVersion=1 - 200 316 application/json 41.2037ms
2026-09-28 13:39:38.346 +05:45 [INF] Request starting HTTP/1.1 GET http://localhost:5145/hubs/election-results?id=GFH5JceJGm5lnQtib9yTBQ&access_token=eyJhbGciOiJIUzI1NiIsInR5cCI6IkpXVCJ9.eyJodHRwOi8vc2NoZW1hcy54bWxzb2FwLm9yZy93cy8yMDA1LzA1L2lkZW50aXR5L2NsYWltcy9uYW1laWRlbnRpZmllciI6IjEiLCJodHRwOi8vc2NoZW1hcy54bWxzb2FwLm9yZy93cy8yMDA1LzA1L2lkZW50aXR5L2NsYWltcy9lbWFpbGFkZHJlc3MiOiJhYXJhdi5lbmdAa3RtdGVjaC5jb20iLCJodHRwOi8vc2NoZW1hcy5taWNyb3NvZnQuY29tL3dzLzIwMDgvMDYvaWRlbnRpdHkvY2xhaW1zL3JvbGUiOiJBZG1pbiIsImRlcGFydG1lbnRJZCI6IjEiLCJ0b2tlblZlcnNpb24iOiIxIiwiZXhwIjoxNzkwNTg1Njc3LCJpc3MiOiJQb2xsQW5kVm90aW5nU3lzdGVtIiwiYXVkIjoiUG9sbEFuZFZvdGluZ1N5c3RlbUNsaWVudCJ9.14GgFY0AmfAdrlhyLdhSX_aYCSvNCebM_eU6VKEj2_E - null null
2026-09-28 13:39:38.356 +05:45 [INF] CORS policy execution successful.
2026-09-28 13:39:38.359 +05:45 [INF] Authorization failed. These requirements were not met:
RolesAuthorizationRequirement:User.IsInRole must be true for one of the following roles: (Admin)
2026-09-28 13:39:38.363 +05:45 [INF] AuthenticationScheme: Bearer was challenged.
2026-09-28 13:39:38.365 +05:45 [INF] Request finished HTTP/1.1 GET http://localhost:5145/hubs/election-results?id=GFH5JceJGm5lnQtib9yTBQ&access_token=eyJhbGciOiJIUzI1NiIsInR5cCI6IkpXVCJ9.eyJodHRwOi8vc2NoZW1hcy54bWxzb2FwLm9yZy93cy8yMDA1LzA1L2lkZW50aXR5L2NsYWltcy9uYW1laWRlbnRpZmllciI6IjEiLCJodHRwOi8vc2NoZW1hcy54bWxzb2FwLm9yZy93cy8yMDA1LzA1L2lkZW50aXR5L2NsYWltcy9lbWFpbGFkZHJlc3MiOiJhYXJhdi5lbmdAa3RtdGVjaC5jb20iLCJodHRwOi8vc2NoZW1hcy5taWNyb3NvZnQuY29tL3dzLzIwMDgvMDYvaWRlbnRpdHkvY2xhaW1zL3JvbGUiOiJBZG1pbiIsImRlcGFydG1lbnRJZCI6IjEiLCJ0b2tlblZlcnNpb24iOiIxIiwiZXhwIjoxNzkwNTg1Njc3LCJpc3MiOiJQb2xsQW5kVm90aW5nU3lzdGVtIiwiYXVkIjoiUG9sbEFuZFZvdGluZ1N5c3RlbUNsaWVudCJ9.14GgFY0AmfAdrlhyLdhSX_aYCSvNCebM_eU6VKEj2_E - 401 0 null 19.3768ms
2026-09-28 13:39:38.368 +05:45 [INF] Request starting HTTP/1.1 OPTIONS http://localhost:5145/hubs/election-results/negotiate?negotiateVersion=1 - null null
2026-09-28 13:39:38.377 +05:45 [INF] CORS policy execution successful.
2026-09-28 13:39:38.379 +05:45 [INF] Request finished HTTP/1.1 OPTIONS http://localhost:5145/hubs/election-results/negotiate?negotiateVersion=1 - 204 null null 11.2406ms
2026-09-28 13:39:38.381 +05:45 [INF] Request starting HTTP/1.1 POST http://localhost:5145/hubs/election-results/negotiate?negotiateVersion=1 - null 0
2026-09-28 13:39:38.396 +05:45 [INF] CORS policy execution successful.
2026-09-28 13:39:38.404 +05:45 [INF] Executed DbCommand (1ms) [Parameters=[@p='?' (DbType = Int32)], CommandType='"Text"', CommandTimeout='0']
SELECT TOP(1) [u].[Id], [u].[DateJoined], [u].[DepartmentId], [u].[Email], [u].[Name], [u].[OtpCode], [u].[OtpExpiresAt], [u].[PasswordHash], [u].[Role], [u].[TokenVersion]
FROM [Users] AS [u]
WHERE [u].[Id] = @p
2026-09-28 13:39:38.415 +05:45 [INF] Executing endpoint '/hubs/election-results/negotiate'
2026-09-28 13:39:38.420 +05:45 [INF] Executed endpoint '/hubs/election-results/negotiate'
2026-09-28 13:39:38.425 +05:45 [INF] Request finished HTTP/1.1 POST http://localhost:5145/hubs/election-results/negotiate?negotiateVersion=1 - 200 316 application/json 44.2975ms
2026-09-28 13:39:38.444 +05:45 [INF] Request starting HTTP/1.1 GET http://localhost:5145/hubs/election-results?id=edRbnKZ-oB8xiHTc588wtw&access_token=eyJhbGciOiJIUzI1NiIsInR5cCI6IkpXVCJ9.eyJodHRwOi8vc2NoZW1hcy54bWxzb2FwLm9yZy93cy8yMDA1LzA1L2lkZW50aXR5L2NsYWltcy9uYW1laWRlbnRpZmllciI6IjEiLCJodHRwOi8vc2NoZW1hcy54bWxzb2FwLm9yZy93cy8yMDA1LzA1L2lkZW50aXR5L2NsYWltcy9lbWFpbGFkZHJlc3MiOiJhYXJhdi5lbmdAa3RtdGVjaC5jb20iLCJodHRwOi8vc2NoZW1hcy5taWNyb3NvZnQuY29tL3dzLzIwMDgvMDYvaWRlbnRpdHkvY2xhaW1zL3JvbGUiOiJBZG1pbiIsImRlcGFydG1lbnRJZCI6IjEiLCJ0b2tlblZlcnNpb24iOiIxIiwiZXhwIjoxNzkwNTg1Njc3LCJpc3MiOiJQb2xsQW5kVm90aW5nU3lzdGVtIiwiYXVkIjoiUG9sbEFuZFZvdGluZ1N5c3RlbUNsaWVudCJ9.14GgFY0AmfAdrlhyLdhSX_aYCSvNCebM_eU6VKEj2_E - null null
2026-09-28 13:39:38.452 +05:45 [INF] CORS policy execution successful.
2026-09-28 13:39:38.454 +05:45 [INF] Authorization failed. These requirements were not met:
RolesAuthorizationRequirement:User.IsInRole must be true for one of the following roles: (Admin)
2026-09-28 13:39:38.457 +05:45 [INF] AuthenticationScheme: Bearer was challenged.
2026-09-28 13:39:38.461 +05:45 [INF] Request finished HTTP/1.1 GET http://localhost:5145/hubs/election-results?id=edRbnKZ-oB8xiHTc588wtw&access_token=eyJhbGciOiJIUzI1NiIsInR5cCI6IkpXVCJ9.eyJodHRwOi8vc2NoZW1hcy54bWxzb2FwLm9yZy93cy8yMDA1LzA1L2lkZW50aXR5L2NsYWltcy9uYW1laWRlbnRpZmllciI6IjEiLCJodHRwOi8vc2NoZW1hcy54bWxzb2FwLm9yZy93cy8yMDA1LzA1L2lkZW50aXR5L2NsYWltcy9lbWFpbGFkZHJlc3MiOiJhYXJhdi5lbmdAa3RtdGVjaC5jb20iLCJodHRwOi8vc2NoZW1hcy5taWNyb3NvZnQuY29tL3dzLzIwMDgvMDYvaWRlbnRpdHkvY2xhaW1zL3JvbGUiOiJBZG1pbiIsImRlcGFydG1lbnRJZCI6IjEiLCJ0b2tlblZlcnNpb24iOiIxIiwiZXhwIjoxNzkwNTg1Njc3LCJpc3MiOiJQb2xsQW5kVm90aW5nU3lzdGVtIiwiYXVkIjoiUG9sbEFuZFZvdGluZ1N5c3RlbUNsaWVudCJ9.14GgFY0AmfAdrlhyLdhSX_aYCSvNCebM_eU6VKEj2_E - 401 0 null 16.5057ms
2026-09-28 13:39:38.464 +05:45 [INF] Request starting HTTP/1.1 OPTIONS http://localhost:5145/hubs/election-results/negotiate?negotiateVersion=1 - null null
2026-09-28 13:39:38.485 +05:45 [INF] CORS policy execution successful.
2026-09-28 13:39:38.490 +05:45 [INF] Request finished HTTP/1.1 OPTIONS http://localhost:5145/hubs/election-results/negotiate?negotiateVersion=1 - 204 null null 25.8502ms
2026-09-28 13:39:38.492 +05:45 [INF] Request starting HTTP/1.1 POST http://localhost:5145/hubs/election-results/negotiate?negotiateVersion=1 - null 0
2026-09-28 13:39:38.508 +05:45 [INF] CORS policy execution successful.
2026-09-28 13:39:38.517 +05:45 [INF] Executed DbCommand (0ms) [Parameters=[@p='?' (DbType = Int32)], CommandType='"Text"', CommandTimeout='0']
SELECT TOP(1) [u].[Id], [u].[DateJoined], [u].[DepartmentId], [u].[Email], [u].[Name], [u].[OtpCode], [u].[OtpExpiresAt], [u].[PasswordHash], [u].[Role], [u].[TokenVersion]
FROM [Users] AS [u]
WHERE [u].[Id] = @p
2026-09-28 13:39:38.521 +05:45 [INF] Executing endpoint '/hubs/election-results/negotiate'
2026-09-28 13:39:38.524 +05:45 [INF] Executed endpoint '/hubs/election-results/negotiate'
2026-09-28 13:39:38.527 +05:45 [INF] Request starting HTTP/1.1 OPTIONS http://localhost:5145/hubs/election-results?id=htrcGGKrjQD0SKSmML3JjA&_=1790582078525 - null null
2026-09-28 13:39:38.527 +05:45 [INF] Request finished HTTP/1.1 POST http://localhost:5145/hubs/election-results/negotiate?negotiateVersion=1 - 200 316 application/json 35.2271ms
2026-09-28 13:39:38.533 +05:45 [INF] CORS policy execution successful.
2026-09-28 13:39:38.543 +05:45 [INF] Request finished HTTP/1.1 OPTIONS http://localhost:5145/hubs/election-results?id=htrcGGKrjQD0SKSmML3JjA&_=1790582078525 - 204 null null 16.0608ms
2026-09-28 13:39:38.545 +05:45 [INF] Request starting HTTP/1.1 GET http://localhost:5145/hubs/election-results?id=htrcGGKrjQD0SKSmML3JjA&_=1790582078525 - null null
2026-09-28 13:39:38.555 +05:45 [INF] CORS policy execution successful.
2026-09-28 13:39:38.565 +05:45 [INF] Executed DbCommand (1ms) [Parameters=[@p='?' (DbType = Int32)], CommandType='"Text"', CommandTimeout='0']
SELECT TOP(1) [u].[Id], [u].[DateJoined], [u].[DepartmentId], [u].[Email], [u].[Name], [u].[OtpCode], [u].[OtpExpiresAt], [u].[PasswordHash], [u].[Role], [u].[TokenVersion]
FROM [Users] AS [u]
WHERE [u].[Id] = @p
2026-09-28 13:39:38.569 +05:45 [INF] Executing endpoint '/hubs/election-results'
2026-09-28 13:39:38.591 +05:45 [INF] Executed endpoint '/hubs/election-results'
2026-09-28 13:39:38.594 +05:45 [INF] Request starting HTTP/1.1 OPTIONS http://localhost:5145/hubs/election-results?id=htrcGGKrjQD0SKSmML3JjA&_=1790582078592 - null null
2026-09-28 13:39:38.597 +05:45 [INF] Request starting HTTP/1.1 OPTIONS http://localhost:5145/hubs/election-results?id=htrcGGKrjQD0SKSmML3JjA - null null
2026-09-28 13:39:38.598 +05:45 [INF] Request finished HTTP/1.1 GET http://localhost:5145/hubs/election-results?id=htrcGGKrjQD0SKSmML3JjA&_=1790582078525 - 200 0 application/octet-stream 52.9658ms
2026-09-28 13:39:38.603 +05:45 [INF] CORS policy execution successful.
2026-09-28 13:39:38.609 +05:45 [INF] CORS policy execution successful.
2026-09-28 13:39:38.620 +05:45 [INF] Request finished HTTP/1.1 OPTIONS http://localhost:5145/hubs/election-results?id=htrcGGKrjQD0SKSmML3JjA&_=1790582078592 - 204 null null 25.4398ms
2026-09-28 13:39:38.622 +05:45 [INF] Request starting HTTP/1.1 GET http://localhost:5145/hubs/election-results?id=htrcGGKrjQD0SKSmML3JjA&_=1790582078592 - null null
2026-09-28 13:39:38.622 +05:45 [INF] Request finished HTTP/1.1 OPTIONS http://localhost:5145/hubs/election-results?id=htrcGGKrjQD0SKSmML3JjA - 204 null null 25.3081ms
2026-09-28 13:39:38.625 +05:45 [INF] Request starting HTTP/1.1 POST http://localhost:5145/hubs/election-results?id=htrcGGKrjQD0SKSmML3JjA - text/plain;charset=UTF-8 32
2026-09-28 13:39:38.635 +05:45 [INF] CORS policy execution successful.
2026-09-28 13:39:38.647 +05:45 [INF] CORS policy execution successful.
2026-09-28 13:39:38.655 +05:45 [INF] Executed DbCommand (0ms) [Parameters=[@p='?' (DbType = Int32)], CommandType='"Text"', CommandTimeout='0']
SELECT TOP(1) [u].[Id], [u].[DateJoined], [u].[DepartmentId], [u].[Email], [u].[Name], [u].[OtpCode], [u].[OtpExpiresAt], [u].[PasswordHash], [u].[Role], [u].[TokenVersion]
FROM [Users] AS [u]
WHERE [u].[Id] = @p
2026-09-28 13:39:38.658 +05:45 [INF] Executed DbCommand (1ms) [Parameters=[@p='?' (DbType = Int32)], CommandType='"Text"', CommandTimeout='0']
SELECT TOP(1) [u].[Id], [u].[DateJoined], [u].[DepartmentId], [u].[Email], [u].[Name], [u].[OtpCode], [u].[OtpExpiresAt], [u].[PasswordHash], [u].[Role], [u].[TokenVersion]
FROM [Users] AS [u]
WHERE [u].[Id] = @p
2026-09-28 13:39:38.662 +05:45 [INF] Executing endpoint '/hubs/election-results'
2026-09-28 13:39:38.693 +05:45 [INF] Executing endpoint '/hubs/election-results'
2026-09-28 13:39:38.699 +05:45 [INF] Executed endpoint '/hubs/election-results'
2026-09-28 13:39:38.702 +05:45 [INF] Request finished HTTP/1.1 POST http://localhost:5145/hubs/election-results?id=htrcGGKrjQD0SKSmML3JjA - 200 0 text/plain 77.4884ms
2026-09-28 13:39:38.707 +05:45 [INF] Executed endpoint '/hubs/election-results'
2026-09-28 13:39:38.708 +05:45 [INF] Request starting HTTP/1.1 OPTIONS http://localhost:5145/hubs/election-results?id=htrcGGKrjQD0SKSmML3JjA&_=1790582078706 - null null
2026-09-28 13:39:38.708 +05:45 [INF] Request starting HTTP/1.1 OPTIONS http://localhost:5145/hubs/election-results?id=htrcGGKrjQD0SKSmML3JjA - null null
2026-09-28 13:39:38.717 +05:45 [INF] Request finished HTTP/1.1 GET http://localhost:5145/hubs/election-results?id=htrcGGKrjQD0SKSmML3JjA&_=1790582078592 - 200 3 application/octet-stream 94.9962ms
2026-09-28 13:39:38.729 +05:45 [INF] CORS policy execution successful.
2026-09-28 13:39:38.757 +05:45 [INF] CORS policy execution successful.
2026-09-28 13:39:38.767 +05:45 [INF] Request finished HTTP/1.1 OPTIONS http://localhost:5145/hubs/election-results?id=htrcGGKrjQD0SKSmML3JjA&_=1790582078706 - 204 null null 59.2939ms
2026-09-28 13:39:38.770 +05:45 [INF] Request starting HTTP/1.1 GET http://localhost:5145/hubs/election-results?id=htrcGGKrjQD0SKSmML3JjA&_=1790582078706 - null null
2026-09-28 13:39:38.771 +05:45 [INF] Request finished HTTP/1.1 OPTIONS http://localhost:5145/hubs/election-results?id=htrcGGKrjQD0SKSmML3JjA - 204 null null 62.7378ms
2026-09-28 13:39:38.772 +05:45 [INF] Request starting HTTP/1.1 POST http://localhost:5145/hubs/election-results?id=htrcGGKrjQD0SKSmML3JjA - text/plain;charset=UTF-8 75
2026-09-28 13:39:38.785 +05:45 [INF] CORS policy execution successful.
2026-09-28 13:39:38.798 +05:45 [INF] CORS policy execution successful.
2026-09-28 13:39:38.807 +05:45 [INF] Executed DbCommand (1ms) [Parameters=[@p='?' (DbType = Int32)], CommandType='"Text"', CommandTimeout='0']
SELECT TOP(1) [u].[Id], [u].[DateJoined], [u].[DepartmentId], [u].[Email], [u].[Name], [u].[OtpCode], [u].[OtpExpiresAt], [u].[PasswordHash], [u].[Role], [u].[TokenVersion]
FROM [Users] AS [u]
WHERE [u].[Id] = @p
2026-09-28 13:39:38.809 +05:45 [INF] Executed DbCommand (1ms) [Parameters=[@p='?' (DbType = Int32)], CommandType='"Text"', CommandTimeout='0']
SELECT TOP(1) [u].[Id], [u].[DateJoined], [u].[DepartmentId], [u].[Email], [u].[Name], [u].[OtpCode], [u].[OtpExpiresAt], [u].[PasswordHash], [u].[Role], [u].[TokenVersion]
FROM [Users] AS [u]
WHERE [u].[Id] = @p
2026-09-28 13:39:38.813 +05:45 [INF] Executing endpoint '/hubs/election-results'
2026-09-28 13:39:38.819 +05:45 [INF] Executing endpoint '/hubs/election-results'
2026-09-28 13:39:38.824 +05:45 [INF] Executed endpoint '/hubs/election-results'
2026-09-28 13:39:38.827 +05:45 [INF] Request finished HTTP/1.1 POST http://localhost:5145/hubs/election-results?id=htrcGGKrjQD0SKSmML3JjA - 200 0 text/plain 54.5302ms
2026-09-28 13:39:38.837 +05:45 [INF] Executed DbCommand (1ms) [Parameters=[@p='?' (DbType = Int32)], CommandType='"Text"', CommandTimeout='0']
SELECT TOP(1) [e].[Id], [e].[CreatedByUserId], [e].[DepartmentId], [e].[Description], [e].[EndDate], [e].[IsLocked], [e].[MinTenureYears], [e].[StartDate], [e].[Status], [e].[Title]
FROM [Elections] AS [e]
WHERE [e].[Id] = @p
2026-09-28 13:39:38.849 +05:45 [INF] Executed endpoint '/hubs/election-results'
2026-09-28 13:39:38.852 +05:45 [INF] Request starting HTTP/1.1 OPTIONS http://localhost:5145/hubs/election-results?id=htrcGGKrjQD0SKSmML3JjA&_=1790582078851 - null null
2026-09-28 13:39:38.852 +05:45 [INF] Request finished HTTP/1.1 GET http://localhost:5145/hubs/election-results?id=htrcGGKrjQD0SKSmML3JjA&_=1790582078706 - 200 44 application/octet-stream 82.4874ms
2026-09-28 13:39:38.857 +05:45 [INF] CORS policy execution successful.
2026-09-28 13:39:38.867 +05:45 [INF] Request finished HTTP/1.1 OPTIONS http://localhost:5145/hubs/election-results?id=htrcGGKrjQD0SKSmML3JjA&_=1790582078851 - 204 null null 15.1331ms
2026-09-28 13:39:38.869 +05:45 [INF] Request starting HTTP/1.1 GET http://localhost:5145/hubs/election-results?id=htrcGGKrjQD0SKSmML3JjA&_=1790582078851 - null null
2026-09-28 13:39:38.880 +05:45 [INF] CORS policy execution successful.
2026-09-28 13:39:38.887 +05:45 [INF] Executed DbCommand (1ms) [Parameters=[@p='?' (DbType = Int32)], CommandType='"Text"', CommandTimeout='0']
SELECT TOP(1) [u].[Id], [u].[DateJoined], [u].[DepartmentId], [u].[Email], [u].[Name], [u].[OtpCode], [u].[OtpExpiresAt], [u].[PasswordHash], [u].[Role], [u].[TokenVersion]
FROM [Users] AS [u]
WHERE [u].[Id] = @p
2026-09-28 13:39:38.891 +05:45 [INF] Executing endpoint '/hubs/election-results'
2026-09-28 13:39:43.935 +05:45 [INF] Request starting HTTP/1.1 OPTIONS http://localhost:5145/hubs/election-results?id=htrcGGKrjQD0SKSmML3JjA - null null
2026-09-28 13:39:43.937 +05:45 [INF] Request starting HTTP/1.1 OPTIONS http://localhost:5145/hubs/election-results?id=htrcGGKrjQD0SKSmML3JjA - null null
2026-09-28 13:39:43.942 +05:45 [INF] Request starting HTTP/1.1 OPTIONS http://localhost:5145/api/elections - null null
2026-09-28 13:39:43.946 +05:45 [INF] Executed endpoint '/hubs/election-results'
2026-09-28 13:39:43.948 +05:45 [INF] CORS policy execution successful.
2026-09-28 13:39:43.953 +05:45 [INF] CORS policy execution successful.
2026-09-28 13:39:43.962 +05:45 [INF] CORS policy execution successful.
2026-09-28 13:39:43.964 +05:45 [INF] Request finished HTTP/1.1 GET http://localhost:5145/hubs/election-results?id=htrcGGKrjQD0SKSmML3JjA&_=1790582078851 - 499 null null 5094.5507ms
2026-09-28 13:39:43.965 +05:45 [INF] Request finished HTTP/1.1 OPTIONS http://localhost:5145/hubs/election-results?id=htrcGGKrjQD0SKSmML3JjA - 204 null null 29.6683ms
2026-09-28 13:39:43.967 +05:45 [INF] Request finished HTTP/1.1 OPTIONS http://localhost:5145/hubs/election-results?id=htrcGGKrjQD0SKSmML3JjA - 204 null null 29.347ms
2026-09-28 13:39:43.967 +05:45 [INF] Request starting HTTP/1.1 POST http://localhost:5145/hubs/election-results?id=htrcGGKrjQD0SKSmML3JjA - text/plain;charset=UTF-8 11
2026-09-28 13:39:43.974 +05:45 [INF] Request starting HTTP/1.1 DELETE http://localhost:5145/hubs/election-results?id=htrcGGKrjQD0SKSmML3JjA - null null
2026-09-28 13:39:43.983 +05:45 [INF] Request finished HTTP/1.1 OPTIONS http://localhost:5145/api/elections - 204 null null 40.3853ms
2026-09-28 13:39:43.989 +05:45 [INF] CORS policy execution successful.
2026-09-28 13:39:44.001 +05:45 [INF] CORS policy execution successful.
2026-09-28 13:39:44.007 +05:45 [INF] Request starting HTTP/1.1 GET http://localhost:5145/api/elections - null null
2026-09-28 13:39:44.019 +05:45 [INF] CORS policy execution successful.
2026-09-28 13:39:44.019 +05:45 [INF] Executed DbCommand (1ms) [Parameters=[@p='?' (DbType = Int32)], CommandType='"Text"', CommandTimeout='0']
SELECT TOP(1) [u].[Id], [u].[DateJoined], [u].[DepartmentId], [u].[Email], [u].[Name], [u].[OtpCode], [u].[OtpExpiresAt], [u].[PasswordHash], [u].[Role], [u].[TokenVersion]
FROM [Users] AS [u]
WHERE [u].[Id] = @p
2026-09-28 13:39:44.020 +05:45 [INF] Executed DbCommand (0ms) [Parameters=[@p='?' (DbType = Int32)], CommandType='"Text"', CommandTimeout='0']
SELECT TOP(1) [u].[Id], [u].[DateJoined], [u].[DepartmentId], [u].[Email], [u].[Name], [u].[OtpCode], [u].[OtpExpiresAt], [u].[PasswordHash], [u].[Role], [u].[TokenVersion]
FROM [Users] AS [u]
WHERE [u].[Id] = @p
2026-09-28 13:39:44.027 +05:45 [INF] Executing endpoint '/hubs/election-results'
2026-09-28 13:39:44.030 +05:45 [INF] Executed DbCommand (1ms) [Parameters=[@p='?' (DbType = Int32)], CommandType='"Text"', CommandTimeout='0']
SELECT TOP(1) [u].[Id], [u].[DateJoined], [u].[DepartmentId], [u].[Email], [u].[Name], [u].[OtpCode], [u].[OtpExpiresAt], [u].[PasswordHash], [u].[Role], [u].[TokenVersion]
FROM [Users] AS [u]
WHERE [u].[Id] = @p
2026-09-28 13:39:44.031 +05:45 [INF] Executing endpoint '/hubs/election-results'
2026-09-28 13:39:44.033 +05:45 [INF] Executed endpoint '/hubs/election-results'
2026-09-28 13:39:44.040 +05:45 [INF] Executing endpoint 'PollAndVotingSystem.Controllers.ElectionsController.GetAll (PollAndVotingSystem)'
2026-09-28 13:39:44.042 +05:45 [INF] Executed endpoint '/hubs/election-results'
2026-09-28 13:39:44.045 +05:45 [INF] Request finished HTTP/1.1 POST http://localhost:5145/hubs/election-results?id=htrcGGKrjQD0SKSmML3JjA - 200 0 text/plain 78.2004ms
2026-09-28 13:39:44.048 +05:45 [INF] Route matched with {action = "GetAll", controller = "Elections"}. Executing controller action with signature System.Threading.Tasks.Task`1[Microsoft.AspNetCore.Mvc.IActionResult] GetAll() on controller PollAndVotingSystem.Controllers.ElectionsController (PollAndVotingSystem).
2026-09-28 13:39:44.050 +05:45 [INF] Request finished HTTP/1.1 DELETE http://localhost:5145/hubs/election-results?id=htrcGGKrjQD0SKSmML3JjA - 202 0 text/plain 75.609ms
2026-09-28 13:39:44.062 +05:45 [INF] Executing action method PollAndVotingSystem.Controllers.ElectionsController.GetAll (PollAndVotingSystem) - Validation state: "Valid"
2026-09-28 13:39:44.082 +05:45 [INF] Executed DbCommand (1ms) [Parameters=[@departmentId='?' (DbType = Int32)], CommandType='"Text"', CommandTimeout='0']
SELECT [e].[Id], [e].[CreatedByUserId], [e].[DepartmentId], [e].[Description], [e].[EndDate], [e].[IsLocked], [e].[MinTenureYears], [e].[StartDate], [e].[Status], [e].[Title], [d].[Id], [d].[Name]
FROM [Elections] AS [e]
INNER JOIN [Departments] AS [d] ON [e].[DepartmentId] = [d].[Id]
WHERE [e].[DepartmentId] = @departmentId
ORDER BY [e].[StartDate] DESC
2026-09-28 13:39:44.087 +05:45 [INF] Executed action method PollAndVotingSystem.Controllers.ElectionsController.GetAll (PollAndVotingSystem), returned result Microsoft.AspNetCore.Mvc.OkObjectResult in 11.9313ms.
2026-09-28 13:39:44.091 +05:45 [INF] Executing OkObjectResult, writing value of type 'System.Collections.Generic.List`1[[PollAndVotingSystem.DTOs.Election.ElectionResponseDto, PollAndVotingSystem, Version=1.0.0.0, Culture=neutral, PublicKeyToken=null]]'.
2026-09-28 13:39:44.096 +05:45 [INF] Executed action PollAndVotingSystem.Controllers.ElectionsController.GetAll (PollAndVotingSystem) in 33.4363ms
2026-09-28 13:39:44.099 +05:45 [INF] Executed endpoint 'PollAndVotingSystem.Controllers.ElectionsController.GetAll (PollAndVotingSystem)'
2026-09-28 13:39:44.102 +05:45 [INF] Request finished HTTP/1.1 GET http://localhost:5145/api/elections - 200 null application/json; charset=utf-8 95.2522ms
2026-09-28 13:39:51.417 +05:45 [INF] Request starting HTTP/1.1 OPTIONS http://localhost:5145/api/notifications/mine - null null
2026-09-28 13:39:51.422 +05:45 [INF] CORS policy execution successful.
2026-09-28 13:39:51.424 +05:45 [INF] Request finished HTTP/1.1 OPTIONS http://localhost:5145/api/notifications/mine - 204 null null 6.7347ms
2026-09-28 13:39:51.433 +05:45 [INF] Request starting HTTP/1.1 GET http://localhost:5145/api/notifications/mine - null null
2026-09-28 13:39:51.439 +05:45 [INF] CORS policy execution successful.
2026-09-28 13:39:51.448 +05:45 [INF] Executed DbCommand (1ms) [Parameters=[@p='?' (DbType = Int32)], CommandType='"Text"', CommandTimeout='0']
SELECT TOP(1) [u].[Id], [u].[DateJoined], [u].[DepartmentId], [u].[Email], [u].[Name], [u].[OtpCode], [u].[OtpExpiresAt], [u].[PasswordHash], [u].[Role], [u].[TokenVersion]
FROM [Users] AS [u]
WHERE [u].[Id] = @p
2026-09-28 13:39:51.454 +05:45 [INF] Executing endpoint 'PollAndVotingSystem.Controllers.NotificationsController.GetMine (PollAndVotingSystem)'
2026-09-28 13:39:51.458 +05:45 [INF] Route matched with {action = "GetMine", controller = "Notifications"}. Executing controller action with signature System.Threading.Tasks.Task`1[Microsoft.AspNetCore.Mvc.IActionResult] GetMine() on controller PollAndVotingSystem.Controllers.NotificationsController (PollAndVotingSystem).
2026-09-28 13:39:51.464 +05:45 [INF] Executing action method PollAndVotingSystem.Controllers.NotificationsController.GetMine (PollAndVotingSystem) - Validation state: "Valid"
2026-09-28 13:39:51.481 +05:45 [INF] Executed DbCommand (6ms) [Parameters=[@userId='?' (DbType = Int32)], CommandType='"Text"', CommandTimeout='0']
SELECT [n].[Id], [n].[CreatedAt], [n].[ElectionId], [n].[IsRead], [n].[Message], [n].[Type], [n].[UserId], [e].[Id], [e].[CreatedByUserId], [e].[DepartmentId], [e].[Description], [e].[EndDate], [e].[IsLocked], [e].[MinTenureYears], [e].[StartDate], [e].[Status], [e].[Title]
FROM [Notifications] AS [n]
INNER JOIN [Elections] AS [e] ON [n].[ElectionId] = [e].[Id]
WHERE [n].[UserId] = @userId
ORDER BY [n].[CreatedAt] DESC
2026-09-28 13:39:51.488 +05:45 [INF] Executed action method PollAndVotingSystem.Controllers.NotificationsController.GetMine (PollAndVotingSystem), returned result Microsoft.AspNetCore.Mvc.OkObjectResult in 20.5146ms.
2026-09-28 13:39:51.492 +05:45 [INF] Executing OkObjectResult, writing value of type 'System.Collections.Generic.List`1[[PollAndVotingSystem.DTOs.Notification.NotificationResponseDto, PollAndVotingSystem, Version=1.0.0.0, Culture=neutral, PublicKeyToken=null]]'.
2026-09-28 13:39:51.497 +05:45 [INF] Executed action PollAndVotingSystem.Controllers.NotificationsController.GetMine (PollAndVotingSystem) in 33.6826ms
2026-09-28 13:39:51.504 +05:45 [INF] Executed endpoint 'PollAndVotingSystem.Controllers.NotificationsController.GetMine (PollAndVotingSystem)'
2026-09-28 13:39:51.510 +05:45 [INF] Request finished HTTP/1.1 GET http://localhost:5145/api/notifications/mine - 200 null application/json; charset=utf-8 77.6479ms
2026-09-28 13:39:52.534 +05:45 [INF] Request starting HTTP/1.1 OPTIONS http://localhost:5145/api/auditlogs - null null
2026-09-28 13:39:52.555 +05:45 [INF] CORS policy execution successful.
2026-09-28 13:39:52.558 +05:45 [INF] Request finished HTTP/1.1 OPTIONS http://localhost:5145/api/auditlogs - 204 null null 23.9269ms
2026-09-28 13:39:52.564 +05:45 [INF] Request starting HTTP/1.1 GET http://localhost:5145/api/auditlogs - null null
2026-09-28 13:39:52.570 +05:45 [INF] CORS policy execution successful.
2026-09-28 13:39:52.592 +05:45 [INF] Executed DbCommand (1ms) [Parameters=[@p='?' (DbType = Int32)], CommandType='"Text"', CommandTimeout='0']
SELECT TOP(1) [u].[Id], [u].[DateJoined], [u].[DepartmentId], [u].[Email], [u].[Name], [u].[OtpCode], [u].[OtpExpiresAt], [u].[PasswordHash], [u].[Role], [u].[TokenVersion]
FROM [Users] AS [u]
WHERE [u].[Id] = @p
2026-09-28 13:39:52.604 +05:45 [INF] Executing endpoint 'PollAndVotingSystem.Controllers.AuditLogsController.GetAll (PollAndVotingSystem)'
2026-09-28 13:39:52.615 +05:45 [INF] Route matched with {action = "GetAll", controller = "AuditLogs"}. Executing controller action with signature System.Threading.Tasks.Task`1[Microsoft.AspNetCore.Mvc.IActionResult] GetAll(System.String, System.Nullable`1[System.Int32]) on controller PollAndVotingSystem.Controllers.AuditLogsController (PollAndVotingSystem).
2026-09-28 13:39:52.623 +05:45 [INF] Executing action method PollAndVotingSystem.Controllers.AuditLogsController.GetAll (PollAndVotingSystem) - Validation state: "Valid"
2026-09-28 13:39:52.638 +05:45 [INF] Executed DbCommand (4ms) [Parameters=[], CommandType='"Text"', CommandTimeout='0']
SELECT [a].[Id], [a].[Action], [a].[Details], [a].[EntityId], [a].[EntityType], [a].[Timestamp], [a].[UserId]
FROM [AuditLogs] AS [a]
ORDER BY [a].[Timestamp] DESC
2026-09-28 13:39:52.649 +05:45 [INF] Executed DbCommand (1ms) [Parameters=[@p='?' (DbType = Int32)], CommandType='"Text"', CommandTimeout='0']
SELECT TOP(1) [u].[Id], [u].[DateJoined], [u].[DepartmentId], [u].[Email], [u].[Name], [u].[OtpCode], [u].[OtpExpiresAt], [u].[PasswordHash], [u].[Role], [u].[TokenVersion]
FROM [Users] AS [u]
WHERE [u].[Id] = @p
2026-09-28 13:39:52.660 +05:45 [INF] Executed DbCommand (0ms) [Parameters=[@p='?' (DbType = Int32)], CommandType='"Text"', CommandTimeout='0']
SELECT TOP(1) [u].[Id], [u].[DateJoined], [u].[DepartmentId], [u].[Email], [u].[Name], [u].[OtpCode], [u].[OtpExpiresAt], [u].[PasswordHash], [u].[Role], [u].[TokenVersion]
FROM [Users] AS [u]
WHERE [u].[Id] = @p
2026-09-28 13:39:52.671 +05:45 [INF] Executed DbCommand (1ms) [Parameters=[@p='?' (DbType = Int32)], CommandType='"Text"', CommandTimeout='0']
SELECT TOP(1) [u].[Id], [u].[DateJoined], [u].[DepartmentId], [u].[Email], [u].[Name], [u].[OtpCode], [u].[OtpExpiresAt], [u].[PasswordHash], [u].[Role], [u].[TokenVersion]
FROM [Users] AS [u]
WHERE [u].[Id] = @p
2026-09-28 13:39:52.681 +05:45 [INF] Executed DbCommand (0ms) [Parameters=[@p='?' (DbType = Int32)], CommandType='"Text"', CommandTimeout='0']
SELECT TOP(1) [u].[Id], [u].[DateJoined], [u].[DepartmentId], [u].[Email], [u].[Name], [u].[OtpCode], [u].[OtpExpiresAt], [u].[PasswordHash], [u].[Role], [u].[TokenVersion]
FROM [Users] AS [u]
WHERE [u].[Id] = @p
2026-09-28 13:39:52.691 +05:45 [INF] Executed DbCommand (0ms) [Parameters=[@p='?' (DbType = Int32)], CommandType='"Text"', CommandTimeout='0']
SELECT TOP(1) [u].[Id], [u].[DateJoined], [u].[DepartmentId], [u].[Email], [u].[Name], [u].[OtpCode], [u].[OtpExpiresAt], [u].[PasswordHash], [u].[Role], [u].[TokenVersion]
FROM [Users] AS [u]
WHERE [u].[Id] = @p
2026-09-28 13:39:52.703 +05:45 [INF] Executed DbCommand (1ms) [Parameters=[@p='?' (DbType = Int32)], CommandType='"Text"', CommandTimeout='0']
SELECT TOP(1) [u].[Id], [u].[DateJoined], [u].[DepartmentId], [u].[Email], [u].[Name], [u].[OtpCode], [u].[OtpExpiresAt], [u].[PasswordHash], [u].[Role], [u].[TokenVersion]
FROM [Users] AS [u]
WHERE [u].[Id] = @p
2026-09-28 13:39:52.714 +05:45 [INF] Executed DbCommand (0ms) [Parameters=[@p='?' (DbType = Int32)], CommandType='"Text"', CommandTimeout='0']
SELECT TOP(1) [u].[Id], [u].[DateJoined], [u].[DepartmentId], [u].[Email], [u].[Name], [u].[OtpCode], [u].[OtpExpiresAt], [u].[PasswordHash], [u].[Role], [u].[TokenVersion]
FROM [Users] AS [u]
WHERE [u].[Id] = @p
2026-09-28 13:39:52.724 +05:45 [INF] Executed DbCommand (0ms) [Parameters=[@p='?' (DbType = Int32)], CommandType='"Text"', CommandTimeout='0']
SELECT TOP(1) [u].[Id], [u].[DateJoined], [u].[DepartmentId], [u].[Email], [u].[Name], [u].[OtpCode], [u].[OtpExpiresAt], [u].[PasswordHash], [u].[Role], [u].[TokenVersion]
FROM [Users] AS [u]
WHERE [u].[Id] = @p
2026-09-28 13:39:52.735 +05:45 [INF] Executed DbCommand (1ms) [Parameters=[@p='?' (DbType = Int32)], CommandType='"Text"', CommandTimeout='0']
SELECT TOP(1) [u].[Id], [u].[DateJoined], [u].[DepartmentId], [u].[Email], [u].[Name], [u].[OtpCode], [u].[OtpExpiresAt], [u].[PasswordHash], [u].[Role], [u].[TokenVersion]
FROM [Users] AS [u]
WHERE [u].[Id] = @p
2026-09-28 13:39:52.745 +05:45 [INF] Executed DbCommand (1ms) [Parameters=[@p='?' (DbType = Int32)], CommandType='"Text"', CommandTimeout='0']
SELECT TOP(1) [u].[Id], [u].[DateJoined], [u].[DepartmentId], [u].[Email], [u].[Name], [u].[OtpCode], [u].[OtpExpiresAt], [u].[PasswordHash], [u].[Role], [u].[TokenVersion]
FROM [Users] AS [u]
WHERE [u].[Id] = @p
2026-09-28 13:39:52.758 +05:45 [INF] Executed DbCommand (1ms) [Parameters=[@p='?' (DbType = Int32)], CommandType='"Text"', CommandTimeout='0']
SELECT TOP(1) [u].[Id], [u].[DateJoined], [u].[DepartmentId], [u].[Email], [u].[Name], [u].[OtpCode], [u].[OtpExpiresAt], [u].[PasswordHash], [u].[Role], [u].[TokenVersion]
FROM [Users] AS [u]
WHERE [u].[Id] = @p
2026-09-28 13:39:52.769 +05:45 [INF] Executed DbCommand (0ms) [Parameters=[@p='?' (DbType = Int32)], CommandType='"Text"', CommandTimeout='0']
SELECT TOP(1) [u].[Id], [u].[DateJoined], [u].[DepartmentId], [u].[Email], [u].[Name], [u].[OtpCode], [u].[OtpExpiresAt], [u].[PasswordHash], [u].[Role], [u].[TokenVersion]
FROM [Users] AS [u]
WHERE [u].[Id] = @p
2026-09-28 13:39:52.780 +05:45 [INF] Executed DbCommand (0ms) [Parameters=[@p='?' (DbType = Int32)], CommandType='"Text"', CommandTimeout='0']
SELECT TOP(1) [u].[Id], [u].[DateJoined], [u].[DepartmentId], [u].[Email], [u].[Name], [u].[OtpCode], [u].[OtpExpiresAt], [u].[PasswordHash], [u].[Role], [u].[TokenVersion]
FROM [Users] AS [u]
WHERE [u].[Id] = @p
2026-09-28 13:39:52.792 +05:45 [INF] Executed DbCommand (2ms) [Parameters=[@p='?' (DbType = Int32)], CommandType='"Text"', CommandTimeout='0']
SELECT TOP(1) [u].[Id], [u].[DateJoined], [u].[DepartmentId], [u].[Email], [u].[Name], [u].[OtpCode], [u].[OtpExpiresAt], [u].[PasswordHash], [u].[Role], [u].[TokenVersion]
FROM [Users] AS [u]
WHERE [u].[Id] = @p
2026-09-28 13:39:52.817 +05:45 [INF] Executed DbCommand (1ms) [Parameters=[@p='?' (DbType = Int32)], CommandType='"Text"', CommandTimeout='0']
SELECT TOP(1) [u].[Id], [u].[DateJoined], [u].[DepartmentId], [u].[Email], [u].[Name], [u].[OtpCode], [u].[OtpExpiresAt], [u].[PasswordHash], [u].[Role], [u].[TokenVersion]
FROM [Users] AS [u]
WHERE [u].[Id] = @p
2026-09-28 13:39:52.830 +05:45 [INF] Executed DbCommand (1ms) [Parameters=[@p='?' (DbType = Int32)], CommandType='"Text"', CommandTimeout='0']
SELECT TOP(1) [u].[Id], [u].[DateJoined], [u].[DepartmentId], [u].[Email], [u].[Name], [u].[OtpCode], [u].[OtpExpiresAt], [u].[PasswordHash], [u].[Role], [u].[TokenVersion]
FROM [Users] AS [u]
WHERE [u].[Id] = @p
2026-09-28 13:39:52.845 +05:45 [INF] Executed DbCommand (1ms) [Parameters=[@p='?' (DbType = Int32)], CommandType='"Text"', CommandTimeout='0']
SELECT TOP(1) [u].[Id], [u].[DateJoined], [u].[DepartmentId], [u].[Email], [u].[Name], [u].[OtpCode], [u].[OtpExpiresAt], [u].[PasswordHash], [u].[Role], [u].[TokenVersion]
FROM [Users] AS [u]
WHERE [u].[Id] = @p
2026-09-28 13:39:52.857 +05:45 [INF] Executed DbCommand (1ms) [Parameters=[@p='?' (DbType = Int32)], CommandType='"Text"', CommandTimeout='0']
SELECT TOP(1) [u].[Id], [u].[DateJoined], [u].[DepartmentId], [u].[Email], [u].[Name], [u].[OtpCode], [u].[OtpExpiresAt], [u].[PasswordHash], [u].[Role], [u].[TokenVersion]
FROM [Users] AS [u]
WHERE [u].[Id] = @p
2026-09-28 13:39:52.867 +05:45 [INF] Executed DbCommand (0ms) [Parameters=[@p='?' (DbType = Int32)], CommandType='"Text"', CommandTimeout='0']
SELECT TOP(1) [u].[Id], [u].[DateJoined], [u].[DepartmentId], [u].[Email], [u].[Name], [u].[OtpCode], [u].[OtpExpiresAt], [u].[PasswordHash], [u].[Role], [u].[TokenVersion]
FROM [Users] AS [u]
WHERE [u].[Id] = @p
2026-09-28 13:39:52.878 +05:45 [INF] Executed DbCommand (1ms) [Parameters=[@p='?' (DbType = Int32)], CommandType='"Text"', CommandTimeout='0']
SELECT TOP(1) [u].[Id], [u].[DateJoined], [u].[DepartmentId], [u].[Email], [u].[Name], [u].[OtpCode], [u].[OtpExpiresAt], [u].[PasswordHash], [u].[Role], [u].[TokenVersion]
FROM [Users] AS [u]
WHERE [u].[Id] = @p
2026-09-28 13:39:52.891 +05:45 [INF] Executed DbCommand (1ms) [Parameters=[@p='?' (DbType = Int32)], CommandType='"Text"', CommandTimeout='0']
SELECT TOP(1) [u].[Id], [u].[DateJoined], [u].[DepartmentId], [u].[Email], [u].[Name], [u].[OtpCode], [u].[OtpExpiresAt], [u].[PasswordHash], [u].[Role], [u].[TokenVersion]
FROM [Users] AS [u]
WHERE [u].[Id] = @p
2026-09-28 13:39:52.900 +05:45 [INF] Executed DbCommand (1ms) [Parameters=[@p='?' (DbType = Int32)], CommandType='"Text"', CommandTimeout='0']
SELECT TOP(1) [u].[Id], [u].[DateJoined], [u].[DepartmentId], [u].[Email], [u].[Name], [u].[OtpCode], [u].[OtpExpiresAt], [u].[PasswordHash], [u].[Role], [u].[TokenVersion]
FROM [Users] AS [u]
WHERE [u].[Id] = @p
2026-09-28 13:39:52.910 +05:45 [INF] Executed DbCommand (1ms) [Parameters=[@p='?' (DbType = Int32)], CommandType='"Text"', CommandTimeout='0']
SELECT TOP(1) [u].[Id], [u].[DateJoined], [u].[DepartmentId], [u].[Email], [u].[Name], [u].[OtpCode], [u].[OtpExpiresAt], [u].[PasswordHash], [u].[Role], [u].[TokenVersion]
FROM [Users] AS [u]
WHERE [u].[Id] = @p
2026-09-28 13:39:52.920 +05:45 [INF] Executed DbCommand (0ms) [Parameters=[@p='?' (DbType = Int32)], CommandType='"Text"', CommandTimeout='0']
SELECT TOP(1) [u].[Id], [u].[DateJoined], [u].[DepartmentId], [u].[Email], [u].[Name], [u].[OtpCode], [u].[OtpExpiresAt], [u].[PasswordHash], [u].[Role], [u].[TokenVersion]
FROM [Users] AS [u]
WHERE [u].[Id] = @p
2026-09-28 13:39:52.930 +05:45 [INF] Executed DbCommand (0ms) [Parameters=[@p='?' (DbType = Int32)], CommandType='"Text"', CommandTimeout='0']
SELECT TOP(1) [u].[Id], [u].[DateJoined], [u].[DepartmentId], [u].[Email], [u].[Name], [u].[OtpCode], [u].[OtpExpiresAt], [u].[PasswordHash], [u].[Role], [u].[TokenVersion]
FROM [Users] AS [u]
WHERE [u].[Id] = @p
2026-09-28 13:39:52.941 +05:45 [INF] Executed DbCommand (0ms) [Parameters=[@p='?' (DbType = Int32)], CommandType='"Text"', CommandTimeout='0']
SELECT TOP(1) [u].[Id], [u].[DateJoined], [u].[DepartmentId], [u].[Email], [u].[Name], [u].[OtpCode], [u].[OtpExpiresAt], [u].[PasswordHash], [u].[Role], [u].[TokenVersion]
FROM [Users] AS [u]
WHERE [u].[Id] = @p
2026-09-28 13:39:52.946 +05:45 [INF] Executed action method PollAndVotingSystem.Controllers.AuditLogsController.GetAll (PollAndVotingSystem), returned result Microsoft.AspNetCore.Mvc.OkObjectResult in 317.5142ms.
2026-09-28 13:39:52.953 +05:45 [INF] Executing OkObjectResult, writing value of type 'System.Collections.Generic.List`1[[PollAndVotingSystem.DTOs.AuditLog.AuditLogResponseDto, PollAndVotingSystem, Version=1.0.0.0, Culture=neutral, PublicKeyToken=null]]'.
2026-09-28 13:39:52.961 +05:45 [INF] Executed action PollAndVotingSystem.Controllers.AuditLogsController.GetAll (PollAndVotingSystem) in 339.3487ms
2026-09-28 13:39:52.967 +05:45 [INF] Executed endpoint 'PollAndVotingSystem.Controllers.AuditLogsController.GetAll (PollAndVotingSystem)'
2026-09-28 13:39:52.970 +05:45 [INF] Request finished HTTP/1.1 GET http://localhost:5145/api/auditlogs - 200 null application/json; charset=utf-8 406.4447ms
2026-09-28 13:39:59.456 +05:45 [INF] Request starting HTTP/1.1 OPTIONS http://localhost:5145/api/elections - null null
2026-09-28 13:39:59.464 +05:45 [INF] CORS policy execution successful.
2026-09-28 13:39:59.465 +05:45 [INF] Request finished HTTP/1.1 OPTIONS http://localhost:5145/api/elections - 204 null null 8.7331ms
2026-09-28 13:39:59.471 +05:45 [INF] Request starting HTTP/1.1 GET http://localhost:5145/api/elections - null null
2026-09-28 13:39:59.477 +05:45 [INF] CORS policy execution successful.
2026-09-28 13:39:59.496 +05:45 [INF] Executed DbCommand (9ms) [Parameters=[@p='?' (DbType = Int32)], CommandType='"Text"', CommandTimeout='0']
SELECT TOP(1) [u].[Id], [u].[DateJoined], [u].[DepartmentId], [u].[Email], [u].[Name], [u].[OtpCode], [u].[OtpExpiresAt], [u].[PasswordHash], [u].[Role], [u].[TokenVersion]
FROM [Users] AS [u]
WHERE [u].[Id] = @p
2026-09-28 13:39:59.502 +05:45 [INF] Executing endpoint 'PollAndVotingSystem.Controllers.ElectionsController.GetAll (PollAndVotingSystem)'
2026-09-28 13:39:59.507 +05:45 [INF] Route matched with {action = "GetAll", controller = "Elections"}. Executing controller action with signature System.Threading.Tasks.Task`1[Microsoft.AspNetCore.Mvc.IActionResult] GetAll() on controller PollAndVotingSystem.Controllers.ElectionsController (PollAndVotingSystem).
2026-09-28 13:39:59.512 +05:45 [INF] Executing action method PollAndVotingSystem.Controllers.ElectionsController.GetAll (PollAndVotingSystem) - Validation state: "Valid"
2026-09-28 13:39:59.531 +05:45 [INF] Executed DbCommand (8ms) [Parameters=[@departmentId='?' (DbType = Int32)], CommandType='"Text"', CommandTimeout='0']
SELECT [e].[Id], [e].[CreatedByUserId], [e].[DepartmentId], [e].[Description], [e].[EndDate], [e].[IsLocked], [e].[MinTenureYears], [e].[StartDate], [e].[Status], [e].[Title], [d].[Id], [d].[Name]
FROM [Elections] AS [e]
INNER JOIN [Departments] AS [d] ON [e].[DepartmentId] = [d].[Id]
WHERE [e].[DepartmentId] = @departmentId
ORDER BY [e].[StartDate] DESC
2026-09-28 13:39:59.541 +05:45 [INF] Executed action method PollAndVotingSystem.Controllers.ElectionsController.GetAll (PollAndVotingSystem), returned result Microsoft.AspNetCore.Mvc.OkObjectResult in 25.1785ms.
2026-09-28 13:39:59.547 +05:45 [INF] Executing OkObjectResult, writing value of type 'System.Collections.Generic.List`1[[PollAndVotingSystem.DTOs.Election.ElectionResponseDto, PollAndVotingSystem, Version=1.0.0.0, Culture=neutral, PublicKeyToken=null]]'.
2026-09-28 13:39:59.554 +05:45 [INF] Executed action PollAndVotingSystem.Controllers.ElectionsController.GetAll (PollAndVotingSystem) in 41.5044ms
2026-09-28 13:39:59.560 +05:45 [INF] Executed endpoint 'PollAndVotingSystem.Controllers.ElectionsController.GetAll (PollAndVotingSystem)'
2026-09-28 13:39:59.568 +05:45 [INF] Request finished HTTP/1.1 GET http://localhost:5145/api/elections - 200 null application/json; charset=utf-8 96.85ms
2026-09-28 13:42:33.190 +05:45 [INF] Executed DbCommand (23ms) [Parameters=[], CommandType='"Text"', CommandTimeout='0']
SELECT [e].[Id], [e].[CreatedByUserId], [e].[DepartmentId], [e].[Description], [e].[EndDate], [e].[IsLocked], [e].[MinTenureYears], [e].[StartDate], [e].[Status], [e].[Title], [d].[Id], [d].[Name]
FROM [Elections] AS [e]
INNER JOIN [Departments] AS [d] ON [e].[DepartmentId] = [d].[Id]
ORDER BY [e].[StartDate] DESC
2026-09-28 13:42:33.219 +05:45 [INF] Executed DbCommand (6ms) [Parameters=[@electionId='?' (DbType = Int32), @type='?' (DbType = Int32)], CommandType='"Text"', CommandTimeout='0']
SELECT CASE
    WHEN EXISTS (
        SELECT 1
        FROM [Notifications] AS [n]
        WHERE [n].[ElectionId] = @electionId AND [n].[Type] = @type) THEN CAST(1 AS bit)
    ELSE CAST(0 AS bit)
END
2026-09-28 13:47:33.280 +05:45 [INF] Executed DbCommand (18ms) [Parameters=[], CommandType='"Text"', CommandTimeout='0']
SELECT [e].[Id], [e].[CreatedByUserId], [e].[DepartmentId], [e].[Description], [e].[EndDate], [e].[IsLocked], [e].[MinTenureYears], [e].[StartDate], [e].[Status], [e].[Title], [d].[Id], [d].[Name]
FROM [Elections] AS [e]
INNER JOIN [Departments] AS [d] ON [e].[DepartmentId] = [d].[Id]
ORDER BY [e].[StartDate] DESC
2026-09-28 13:47:33.294 +05:45 [INF] Executed DbCommand (6ms) [Parameters=[@electionId='?' (DbType = Int32), @type='?' (DbType = Int32)], CommandType='"Text"', CommandTimeout='0']
SELECT CASE
    WHEN EXISTS (
        SELECT 1
        FROM [Notifications] AS [n]
        WHERE [n].[ElectionId] = @electionId AND [n].[Type] = @type) THEN CAST(1 AS bit)
    ELSE CAST(0 AS bit)
END
2026-09-28 13:52:33.342 +05:45 [INF] Executed DbCommand (22ms) [Parameters=[], CommandType='"Text"', CommandTimeout='0']
SELECT [e].[Id], [e].[CreatedByUserId], [e].[DepartmentId], [e].[Description], [e].[EndDate], [e].[IsLocked], [e].[MinTenureYears], [e].[StartDate], [e].[Status], [e].[Title], [d].[Id], [d].[Name]
FROM [Elections] AS [e]
INNER JOIN [Departments] AS [d] ON [e].[DepartmentId] = [d].[Id]
ORDER BY [e].[StartDate] DESC
2026-09-28 13:52:33.375 +05:45 [INF] Executed DbCommand (8ms) [Parameters=[@electionId='?' (DbType = Int32), @type='?' (DbType = Int32)], CommandType='"Text"', CommandTimeout='0']
SELECT CASE
    WHEN EXISTS (
        SELECT 1
        FROM [Notifications] AS [n]
        WHERE [n].[ElectionId] = @electionId AND [n].[Type] = @type) THEN CAST(1 AS bit)
    ELSE CAST(0 AS bit)
END
2026-09-28 13:57:33.434 +05:45 [INF] Executed DbCommand (21ms) [Parameters=[], CommandType='"Text"', CommandTimeout='0']
SELECT [e].[Id], [e].[CreatedByUserId], [e].[DepartmentId], [e].[Description], [e].[EndDate], [e].[IsLocked], [e].[MinTenureYears], [e].[StartDate], [e].[Status], [e].[Title], [d].[Id], [d].[Name]
FROM [Elections] AS [e]
INNER JOIN [Departments] AS [d] ON [e].[DepartmentId] = [d].[Id]
ORDER BY [e].[StartDate] DESC
2026-09-28 13:57:33.462 +05:45 [INF] Executed DbCommand (12ms) [Parameters=[@electionId='?' (DbType = Int32), @type='?' (DbType = Int32)], CommandType='"Text"', CommandTimeout='0']
SELECT CASE
    WHEN EXISTS (
        SELECT 1
        FROM [Notifications] AS [n]
        WHERE [n].[ElectionId] = @electionId AND [n].[Type] = @type) THEN CAST(1 AS bit)
    ELSE CAST(0 AS bit)
END
2026-09-28 13:58:54.199 +05:45 [INF] Request starting HTTP/1.1 OPTIONS http://localhost:5145/api/elections - null null
2026-09-28 13:58:54.257 +05:45 [INF] CORS policy execution successful.
2026-09-28 13:58:54.268 +05:45 [INF] Request finished HTTP/1.1 OPTIONS http://localhost:5145/api/elections - 204 null null 69.3417ms
2026-09-28 13:58:54.304 +05:45 [INF] Request starting HTTP/1.1 GET http://localhost:5145/api/elections - null null
2026-09-28 13:58:54.357 +05:45 [INF] CORS policy execution successful.
2026-09-28 13:58:54.478 +05:45 [INF] Executed DbCommand (37ms) [Parameters=[@p='?' (DbType = Int32)], CommandType='"Text"', CommandTimeout='0']
SELECT TOP(1) [u].[Id], [u].[DateJoined], [u].[DepartmentId], [u].[Email], [u].[Name], [u].[OtpCode], [u].[OtpExpiresAt], [u].[PasswordHash], [u].[Role], [u].[TokenVersion]
FROM [Users] AS [u]
WHERE [u].[Id] = @p
2026-09-28 13:58:54.503 +05:45 [INF] Executing endpoint 'PollAndVotingSystem.Controllers.ElectionsController.GetAll (PollAndVotingSystem)'
2026-09-28 13:58:54.557 +05:45 [INF] Route matched with {action = "GetAll", controller = "Elections"}. Executing controller action with signature System.Threading.Tasks.Task`1[Microsoft.AspNetCore.Mvc.IActionResult] GetAll() on controller PollAndVotingSystem.Controllers.ElectionsController (PollAndVotingSystem).
2026-09-28 13:58:54.578 +05:45 [INF] Executing action method PollAndVotingSystem.Controllers.ElectionsController.GetAll (PollAndVotingSystem) - Validation state: "Valid"
2026-09-28 13:58:54.653 +05:45 [INF] Executed DbCommand (24ms) [Parameters=[@departmentId='?' (DbType = Int32)], CommandType='"Text"', CommandTimeout='0']
SELECT [e].[Id], [e].[CreatedByUserId], [e].[DepartmentId], [e].[Description], [e].[EndDate], [e].[IsLocked], [e].[MinTenureYears], [e].[StartDate], [e].[Status], [e].[Title], [d].[Id], [d].[Name]
FROM [Elections] AS [e]
INNER JOIN [Departments] AS [d] ON [e].[DepartmentId] = [d].[Id]
WHERE [e].[DepartmentId] = @departmentId
ORDER BY [e].[StartDate] DESC
2026-09-28 13:58:54.664 +05:45 [INF] Executed action method PollAndVotingSystem.Controllers.ElectionsController.GetAll (PollAndVotingSystem), returned result Microsoft.AspNetCore.Mvc.OkObjectResult in 56.0172ms.
2026-09-28 13:58:54.683 +05:45 [INF] Executing OkObjectResult, writing value of type 'System.Collections.Generic.List`1[[PollAndVotingSystem.DTOs.Election.ElectionResponseDto, PollAndVotingSystem, Version=1.0.0.0, Culture=neutral, PublicKeyToken=null]]'.
2026-09-28 13:58:54.711 +05:45 [INF] Executed action PollAndVotingSystem.Controllers.ElectionsController.GetAll (PollAndVotingSystem) in 132.8038ms
2026-09-28 13:58:54.719 +05:45 [INF] Executed endpoint 'PollAndVotingSystem.Controllers.ElectionsController.GetAll (PollAndVotingSystem)'
2026-09-28 13:58:54.723 +05:45 [INF] Request finished HTTP/1.1 GET http://localhost:5145/api/elections - 200 null application/json; charset=utf-8 418.7982ms
2026-09-28 13:58:57.103 +05:45 [INF] Request starting HTTP/1.1 OPTIONS http://localhost:5145/api/elections/1 - null null
2026-09-28 13:58:57.107 +05:45 [INF] CORS policy execution successful.
2026-09-28 13:58:57.109 +05:45 [INF] Request finished HTTP/1.1 OPTIONS http://localhost:5145/api/elections/1 - 204 null null 6.2269ms
2026-09-28 13:58:57.118 +05:45 [INF] Request starting HTTP/1.1 GET http://localhost:5145/api/elections/1 - null null
2026-09-28 13:58:57.124 +05:45 [INF] CORS policy execution successful.
2026-09-28 13:58:57.136 +05:45 [INF] Executed DbCommand (3ms) [Parameters=[@p='?' (DbType = Int32)], CommandType='"Text"', CommandTimeout='0']
SELECT TOP(1) [u].[Id], [u].[DateJoined], [u].[DepartmentId], [u].[Email], [u].[Name], [u].[OtpCode], [u].[OtpExpiresAt], [u].[PasswordHash], [u].[Role], [u].[TokenVersion]
FROM [Users] AS [u]
WHERE [u].[Id] = @p
2026-09-28 13:58:57.141 +05:45 [INF] Executing endpoint 'PollAndVotingSystem.Controllers.ElectionsController.GetById (PollAndVotingSystem)'
2026-09-28 13:58:57.158 +05:45 [INF] Route matched with {action = "GetById", controller = "Elections"}. Executing controller action with signature System.Threading.Tasks.Task`1[Microsoft.AspNetCore.Mvc.IActionResult] GetById(Int32) on controller PollAndVotingSystem.Controllers.ElectionsController (PollAndVotingSystem).
2026-09-28 13:58:57.163 +05:45 [INF] Executing action method PollAndVotingSystem.Controllers.ElectionsController.GetById (PollAndVotingSystem) - Validation state: "Valid"
2026-09-28 13:58:57.179 +05:45 [INF] Executed DbCommand (6ms) [Parameters=[@id='?' (DbType = Int32)], CommandType='"Text"', CommandTimeout='0']
SELECT TOP(1) [e].[Id], [e].[CreatedByUserId], [e].[DepartmentId], [e].[Description], [e].[EndDate], [e].[IsLocked], [e].[MinTenureYears], [e].[StartDate], [e].[Status], [e].[Title], [d].[Id], [d].[Name]
FROM [Elections] AS [e]
INNER JOIN [Departments] AS [d] ON [e].[DepartmentId] = [d].[Id]
WHERE [e].[Id] = @id
2026-09-28 13:58:57.185 +05:45 [INF] Executed action method PollAndVotingSystem.Controllers.ElectionsController.GetById (PollAndVotingSystem), returned result Microsoft.AspNetCore.Mvc.OkObjectResult in 18.0974ms.
2026-09-28 13:58:57.189 +05:45 [INF] Executing OkObjectResult, writing value of type 'PollAndVotingSystem.DTOs.Election.ElectionResponseDto'.
2026-09-28 13:58:57.193 +05:45 [INF] Executed action PollAndVotingSystem.Controllers.ElectionsController.GetById (PollAndVotingSystem) in 29.5548ms
2026-09-28 13:58:57.197 +05:45 [INF] Executed endpoint 'PollAndVotingSystem.Controllers.ElectionsController.GetById (PollAndVotingSystem)'
2026-09-28 13:58:57.200 +05:45 [INF] Request finished HTTP/1.1 GET http://localhost:5145/api/elections/1 - 200 null application/json; charset=utf-8 81.8705ms
2026-09-28 13:58:57.211 +05:45 [INF] Request starting HTTP/1.1 OPTIONS http://localhost:5145/api/candidateapplications/election/1/candidates - null null
2026-09-28 13:58:57.220 +05:45 [INF] CORS policy execution successful.
2026-09-28 13:58:57.223 +05:45 [INF] Request finished HTTP/1.1 OPTIONS http://localhost:5145/api/candidateapplications/election/1/candidates - 204 null null 11.8767ms
2026-09-28 13:58:57.235 +05:45 [INF] Request starting HTTP/1.1 GET http://localhost:5145/api/candidateapplications/election/1/candidates - null null
2026-09-28 13:58:57.247 +05:45 [INF] CORS policy execution successful.
2026-09-28 13:58:57.256 +05:45 [INF] Executed DbCommand (1ms) [Parameters=[@p='?' (DbType = Int32)], CommandType='"Text"', CommandTimeout='0']
SELECT TOP(1) [u].[Id], [u].[DateJoined], [u].[DepartmentId], [u].[Email], [u].[Name], [u].[OtpCode], [u].[OtpExpiresAt], [u].[PasswordHash], [u].[Role], [u].[TokenVersion]
FROM [Users] AS [u]
WHERE [u].[Id] = @p
2026-09-28 13:58:57.262 +05:45 [INF] Executing endpoint 'PollAndVotingSystem.Controllers.CandidateApplicationsController.GetCandidates (PollAndVotingSystem)'
2026-09-28 13:58:57.284 +05:45 [INF] Route matched with {action = "GetCandidates", controller = "CandidateApplications"}. Executing controller action with signature System.Threading.Tasks.Task`1[Microsoft.AspNetCore.Mvc.IActionResult] GetCandidates(Int32) on controller PollAndVotingSystem.Controllers.CandidateApplicationsController (PollAndVotingSystem).
2026-09-28 13:58:57.292 +05:45 [INF] Executing action method PollAndVotingSystem.Controllers.CandidateApplicationsController.GetCandidates (PollAndVotingSystem) - Validation state: "Valid"
2026-09-28 13:58:57.400 +05:45 [INF] Executed DbCommand (13ms) [Parameters=[@electionId='?' (DbType = Int32)], CommandType='"Text"', CommandTimeout='0']
SELECT [c].[Id], [c].[ApplicationId], [c].[ElectionId], [c].[UserId], [u].[Id], [u].[DateJoined], [u].[DepartmentId], [u].[Email], [u].[Name], [u].[OtpCode], [u].[OtpExpiresAt], [u].[PasswordHash], [u].[Role], [u].[TokenVersion], [c0].[Id], [c0].[ElectionId], [c0].[RejectionReason], [c0].[ReviewedAt], [c0].[ReviewedByUserId], [c0].[Statement], [c0].[Status], [c0].[UserId]
FROM [Candidates] AS [c]
INNER JOIN [Users] AS [u] ON [c].[UserId] = [u].[Id]
INNER JOIN [CandidateApplications] AS [c0] ON [c].[ApplicationId] = [c0].[Id]
WHERE [c].[ElectionId] = @electionId
2026-09-28 13:58:57.414 +05:45 [INF] Executed action method PollAndVotingSystem.Controllers.CandidateApplicationsController.GetCandidates (PollAndVotingSystem), returned result Microsoft.AspNetCore.Mvc.OkObjectResult in 116.5257ms.
2026-09-28 13:58:57.418 +05:45 [INF] Executing OkObjectResult, writing value of type 'System.Collections.Generic.List`1[[PollAndVotingSystem.DTOs.Candidate.CandidateResponseDto, PollAndVotingSystem, Version=1.0.0.0, Culture=neutral, PublicKeyToken=null]]'.
2026-09-28 13:58:57.427 +05:45 [INF] Executed action PollAndVotingSystem.Controllers.CandidateApplicationsController.GetCandidates (PollAndVotingSystem) in 136.9083ms
2026-09-28 13:58:57.433 +05:45 [INF] Executed endpoint 'PollAndVotingSystem.Controllers.CandidateApplicationsController.GetCandidates (PollAndVotingSystem)'
2026-09-28 13:58:57.436 +05:45 [INF] Request finished HTTP/1.1 GET http://localhost:5145/api/candidateapplications/election/1/candidates - 200 null application/json; charset=utf-8 201.3564ms
2026-09-28 13:58:57.450 +05:45 [INF] Request starting HTTP/1.1 OPTIONS http://localhost:5145/api/votes/election/1/results - null null
2026-09-28 13:58:57.460 +05:45 [INF] CORS policy execution successful.
2026-09-28 13:58:57.464 +05:45 [INF] Request finished HTTP/1.1 OPTIONS http://localhost:5145/api/votes/election/1/results - 204 null null 14.0505ms
2026-09-28 13:58:57.477 +05:45 [INF] Request starting HTTP/1.1 GET http://localhost:5145/api/votes/election/1/results - null null
2026-09-28 13:58:57.490 +05:45 [INF] CORS policy execution successful.
2026-09-28 13:58:57.503 +05:45 [INF] Executed DbCommand (0ms) [Parameters=[@p='?' (DbType = Int32)], CommandType='"Text"', CommandTimeout='0']
SELECT TOP(1) [u].[Id], [u].[DateJoined], [u].[DepartmentId], [u].[Email], [u].[Name], [u].[OtpCode], [u].[OtpExpiresAt], [u].[PasswordHash], [u].[Role], [u].[TokenVersion]
FROM [Users] AS [u]
WHERE [u].[Id] = @p
2026-09-28 13:58:57.515 +05:45 [INF] Executing endpoint 'PollAndVotingSystem.Controllers.VotesController.GetResults (PollAndVotingSystem)'
2026-09-28 13:58:57.536 +05:45 [INF] Route matched with {action = "GetResults", controller = "Votes"}. Executing controller action with signature System.Threading.Tasks.Task`1[Microsoft.AspNetCore.Mvc.IActionResult] GetResults(Int32) on controller PollAndVotingSystem.Controllers.VotesController (PollAndVotingSystem).
2026-09-28 13:58:57.547 +05:45 [INF] Executing action method PollAndVotingSystem.Controllers.VotesController.GetResults (PollAndVotingSystem) - Validation state: "Valid"
2026-09-28 13:58:57.569 +05:45 [INF] Executed DbCommand (5ms) [Parameters=[@p='?' (DbType = Int32)], CommandType='"Text"', CommandTimeout='0']
SELECT TOP(1) [e].[Id], [e].[CreatedByUserId], [e].[DepartmentId], [e].[Description], [e].[EndDate], [e].[IsLocked], [e].[MinTenureYears], [e].[StartDate], [e].[Status], [e].[Title]
FROM [Elections] AS [e]
WHERE [e].[Id] = @p
2026-09-28 13:58:57.634 +05:45 [INF] Executed DbCommand (15ms) [Parameters=[@electionId='?' (DbType = Int32)], CommandType='"Text"', CommandTimeout='0']
SELECT [v].[Id], [v].[CandidateId], [v].[ElectionId], [v].[Timestamp], [v].[VoterId], [c].[Id], [c].[ApplicationId], [c].[ElectionId], [c].[UserId], [u].[Id], [u].[DateJoined], [u].[DepartmentId], [u].[Email], [u].[Name], [u].[OtpCode], [u].[OtpExpiresAt], [u].[PasswordHash], [u].[Role], [u].[TokenVersion]
FROM [Votes] AS [v]
INNER JOIN [Candidates] AS [c] ON [v].[CandidateId] = [c].[Id]
INNER JOIN [Users] AS [u] ON [c].[UserId] = [u].[Id]
WHERE [v].[ElectionId] = @electionId
2026-09-28 13:58:57.644 +05:45 [INF] Executed action method PollAndVotingSystem.Controllers.VotesController.GetResults (PollAndVotingSystem), returned result Microsoft.AspNetCore.Mvc.OkObjectResult in 91.4069ms.
2026-09-28 13:58:57.663 +05:45 [INF] Executing OkObjectResult, writing value of type 'PollAndVotingSystem.DTOs.Vote.ElectionResultsResponseDto'.
2026-09-28 13:58:57.677 +05:45 [INF] Executed action PollAndVotingSystem.Controllers.VotesController.GetResults (PollAndVotingSystem) in 130.929ms
2026-09-28 13:58:57.687 +05:45 [INF] Executed endpoint 'PollAndVotingSystem.Controllers.VotesController.GetResults (PollAndVotingSystem)'
2026-09-28 13:58:57.693 +05:45 [INF] Request finished HTTP/1.1 GET http://localhost:5145/api/votes/election/1/results - 200 null application/json; charset=utf-8 215.2351ms
2026-09-28 13:58:57.709 +05:45 [INF] Request starting HTTP/1.1 OPTIONS http://localhost:5145/hubs/election-results/negotiate?negotiateVersion=1 - null null
2026-09-28 13:58:57.720 +05:45 [INF] CORS policy execution successful.
2026-09-28 13:58:57.723 +05:45 [INF] Request finished HTTP/1.1 OPTIONS http://localhost:5145/hubs/election-results/negotiate?negotiateVersion=1 - 204 null null 13.8742ms
2026-09-28 13:58:57.725 +05:45 [INF] Request starting HTTP/1.1 POST http://localhost:5145/hubs/election-results/negotiate?negotiateVersion=1 - null 0
2026-09-28 13:58:57.750 +05:45 [INF] CORS policy execution successful.
2026-09-28 13:58:57.759 +05:45 [INF] Executed DbCommand (1ms) [Parameters=[@p='?' (DbType = Int32)], CommandType='"Text"', CommandTimeout='0']
SELECT TOP(1) [u].[Id], [u].[DateJoined], [u].[DepartmentId], [u].[Email], [u].[Name], [u].[OtpCode], [u].[OtpExpiresAt], [u].[PasswordHash], [u].[Role], [u].[TokenVersion]
FROM [Users] AS [u]
WHERE [u].[Id] = @p
2026-09-28 13:58:57.768 +05:45 [INF] Executing endpoint '/hubs/election-results/negotiate'
2026-09-28 13:58:57.773 +05:45 [INF] Executed endpoint '/hubs/election-results/negotiate'
2026-09-28 13:58:57.778 +05:45 [INF] Request finished HTTP/1.1 POST http://localhost:5145/hubs/election-results/negotiate?negotiateVersion=1 - 200 316 application/json 52.5083ms
2026-09-28 13:58:57.779 +05:45 [INF] Request starting HTTP/1.1 GET http://localhost:5145/hubs/election-results?id=rBcgMQRn58B9yxOUl1xGUg&access_token=eyJhbGciOiJIUzI1NiIsInR5cCI6IkpXVCJ9.eyJodHRwOi8vc2NoZW1hcy54bWxzb2FwLm9yZy93cy8yMDA1LzA1L2lkZW50aXR5L2NsYWltcy9uYW1laWRlbnRpZmllciI6IjEiLCJodHRwOi8vc2NoZW1hcy54bWxzb2FwLm9yZy93cy8yMDA1LzA1L2lkZW50aXR5L2NsYWltcy9lbWFpbGFkZHJlc3MiOiJhYXJhdi5lbmdAa3RtdGVjaC5jb20iLCJodHRwOi8vc2NoZW1hcy5taWNyb3NvZnQuY29tL3dzLzIwMDgvMDYvaWRlbnRpdHkvY2xhaW1zL3JvbGUiOiJBZG1pbiIsImRlcGFydG1lbnRJZCI6IjEiLCJ0b2tlblZlcnNpb24iOiIxIiwiZXhwIjoxNzkwNTg1Njc3LCJpc3MiOiJQb2xsQW5kVm90aW5nU3lzdGVtIiwiYXVkIjoiUG9sbEFuZFZvdGluZ1N5c3RlbUNsaWVudCJ9.14GgFY0AmfAdrlhyLdhSX_aYCSvNCebM_eU6VKEj2_E - null null
2026-09-28 13:58:57.802 +05:45 [INF] CORS policy execution successful.
2026-09-28 13:58:57.805 +05:45 [INF] Authorization failed. These requirements were not met:
RolesAuthorizationRequirement:User.IsInRole must be true for one of the following roles: (Admin)
2026-09-28 13:58:57.808 +05:45 [INF] AuthenticationScheme: Bearer was challenged.
2026-09-28 13:58:57.817 +05:45 [INF] Request finished HTTP/1.1 GET http://localhost:5145/hubs/election-results?id=rBcgMQRn58B9yxOUl1xGUg&access_token=eyJhbGciOiJIUzI1NiIsInR5cCI6IkpXVCJ9.eyJodHRwOi8vc2NoZW1hcy54bWxzb2FwLm9yZy93cy8yMDA1LzA1L2lkZW50aXR5L2NsYWltcy9uYW1laWRlbnRpZmllciI6IjEiLCJodHRwOi8vc2NoZW1hcy54bWxzb2FwLm9yZy93cy8yMDA1LzA1L2lkZW50aXR5L2NsYWltcy9lbWFpbGFkZHJlc3MiOiJhYXJhdi5lbmdAa3RtdGVjaC5jb20iLCJodHRwOi8vc2NoZW1hcy5taWNyb3NvZnQuY29tL3dzLzIwMDgvMDYvaWRlbnRpdHkvY2xhaW1zL3JvbGUiOiJBZG1pbiIsImRlcGFydG1lbnRJZCI6IjEiLCJ0b2tlblZlcnNpb24iOiIxIiwiZXhwIjoxNzkwNTg1Njc3LCJpc3MiOiJQb2xsQW5kVm90aW5nU3lzdGVtIiwiYXVkIjoiUG9sbEFuZFZvdGluZ1N5c3RlbUNsaWVudCJ9.14GgFY0AmfAdrlhyLdhSX_aYCSvNCebM_eU6VKEj2_E - 401 0 null 37.606ms
2026-09-28 13:58:57.821 +05:45 [INF] Request starting HTTP/1.1 OPTIONS http://localhost:5145/hubs/election-results/negotiate?negotiateVersion=1 - null null
2026-09-28 13:58:57.841 +05:45 [INF] CORS policy execution successful.
2026-09-28 13:58:57.843 +05:45 [INF] Request finished HTTP/1.1 OPTIONS http://localhost:5145/hubs/election-results/negotiate?negotiateVersion=1 - 204 null null 22.1211ms
2026-09-28 13:58:57.845 +05:45 [INF] Request starting HTTP/1.1 POST http://localhost:5145/hubs/election-results/negotiate?negotiateVersion=1 - null 0
2026-09-28 13:58:57.860 +05:45 [INF] CORS policy execution successful.
2026-09-28 13:58:57.872 +05:45 [INF] Executed DbCommand (1ms) [Parameters=[@p='?' (DbType = Int32)], CommandType='"Text"', CommandTimeout='0']
SELECT TOP(1) [u].[Id], [u].[DateJoined], [u].[DepartmentId], [u].[Email], [u].[Name], [u].[OtpCode], [u].[OtpExpiresAt], [u].[PasswordHash], [u].[Role], [u].[TokenVersion]
FROM [Users] AS [u]
WHERE [u].[Id] = @p
2026-09-28 13:58:57.880 +05:45 [INF] Executing endpoint '/hubs/election-results/negotiate'
2026-09-28 13:58:57.885 +05:45 [INF] Executed endpoint '/hubs/election-results/negotiate'
2026-09-28 13:58:57.891 +05:45 [INF] Request finished HTTP/1.1 POST http://localhost:5145/hubs/election-results/negotiate?negotiateVersion=1 - 200 316 application/json 46.1424ms
2026-09-28 13:58:57.908 +05:45 [INF] Request starting HTTP/1.1 GET http://localhost:5145/hubs/election-results?id=quW62JX9sizN_wMwgJbD4w&access_token=eyJhbGciOiJIUzI1NiIsInR5cCI6IkpXVCJ9.eyJodHRwOi8vc2NoZW1hcy54bWxzb2FwLm9yZy93cy8yMDA1LzA1L2lkZW50aXR5L2NsYWltcy9uYW1laWRlbnRpZmllciI6IjEiLCJodHRwOi8vc2NoZW1hcy54bWxzb2FwLm9yZy93cy8yMDA1LzA1L2lkZW50aXR5L2NsYWltcy9lbWFpbGFkZHJlc3MiOiJhYXJhdi5lbmdAa3RtdGVjaC5jb20iLCJodHRwOi8vc2NoZW1hcy5taWNyb3NvZnQuY29tL3dzLzIwMDgvMDYvaWRlbnRpdHkvY2xhaW1zL3JvbGUiOiJBZG1pbiIsImRlcGFydG1lbnRJZCI6IjEiLCJ0b2tlblZlcnNpb24iOiIxIiwiZXhwIjoxNzkwNTg1Njc3LCJpc3MiOiJQb2xsQW5kVm90aW5nU3lzdGVtIiwiYXVkIjoiUG9sbEFuZFZvdGluZ1N5c3RlbUNsaWVudCJ9.14GgFY0AmfAdrlhyLdhSX_aYCSvNCebM_eU6VKEj2_E - null null
2026-09-28 13:58:57.923 +05:45 [INF] CORS policy execution successful.
2026-09-28 13:58:57.928 +05:45 [INF] Authorization failed. These requirements were not met:
RolesAuthorizationRequirement:User.IsInRole must be true for one of the following roles: (Admin)
2026-09-28 13:58:57.932 +05:45 [INF] AuthenticationScheme: Bearer was challenged.
2026-09-28 13:58:57.938 +05:45 [INF] Request finished HTTP/1.1 GET http://localhost:5145/hubs/election-results?id=quW62JX9sizN_wMwgJbD4w&access_token=eyJhbGciOiJIUzI1NiIsInR5cCI6IkpXVCJ9.eyJodHRwOi8vc2NoZW1hcy54bWxzb2FwLm9yZy93cy8yMDA1LzA1L2lkZW50aXR5L2NsYWltcy9uYW1laWRlbnRpZmllciI6IjEiLCJodHRwOi8vc2NoZW1hcy54bWxzb2FwLm9yZy93cy8yMDA1LzA1L2lkZW50aXR5L2NsYWltcy9lbWFpbGFkZHJlc3MiOiJhYXJhdi5lbmdAa3RtdGVjaC5jb20iLCJodHRwOi8vc2NoZW1hcy5taWNyb3NvZnQuY29tL3dzLzIwMDgvMDYvaWRlbnRpdHkvY2xhaW1zL3JvbGUiOiJBZG1pbiIsImRlcGFydG1lbnRJZCI6IjEiLCJ0b2tlblZlcnNpb24iOiIxIiwiZXhwIjoxNzkwNTg1Njc3LCJpc3MiOiJQb2xsQW5kVm90aW5nU3lzdGVtIiwiYXVkIjoiUG9sbEFuZFZvdGluZ1N5c3RlbUNsaWVudCJ9.14GgFY0AmfAdrlhyLdhSX_aYCSvNCebM_eU6VKEj2_E - 401 0 null 29.678ms
2026-09-28 13:58:57.944 +05:45 [INF] Request starting HTTP/1.1 OPTIONS http://localhost:5145/hubs/election-results/negotiate?negotiateVersion=1 - null null
2026-09-28 13:58:57.965 +05:45 [INF] CORS policy execution successful.
2026-09-28 13:58:57.968 +05:45 [INF] Request finished HTTP/1.1 OPTIONS http://localhost:5145/hubs/election-results/negotiate?negotiateVersion=1 - 204 null null 23.2897ms
2026-09-28 13:58:57.969 +05:45 [INF] Request starting HTTP/1.1 POST http://localhost:5145/hubs/election-results/negotiate?negotiateVersion=1 - null 0
2026-09-28 13:58:57.991 +05:45 [INF] CORS policy execution successful.
2026-09-28 13:58:58.007 +05:45 [INF] Executed DbCommand (2ms) [Parameters=[@p='?' (DbType = Int32)], CommandType='"Text"', CommandTimeout='0']
SELECT TOP(1) [u].[Id], [u].[DateJoined], [u].[DepartmentId], [u].[Email], [u].[Name], [u].[OtpCode], [u].[OtpExpiresAt], [u].[PasswordHash], [u].[Role], [u].[TokenVersion]
FROM [Users] AS [u]
WHERE [u].[Id] = @p
2026-09-28 13:58:58.027 +05:45 [INF] Executing endpoint '/hubs/election-results/negotiate'
2026-09-28 13:58:58.033 +05:45 [INF] Executed endpoint '/hubs/election-results/negotiate'
2026-09-28 13:58:58.038 +05:45 [INF] Request starting HTTP/1.1 OPTIONS http://localhost:5145/hubs/election-results?id=FMr-wofRedGOAe2nPPzOZQ&_=1790583238036 - null null
2026-09-28 13:58:58.043 +05:45 [INF] Request finished HTTP/1.1 POST http://localhost:5145/hubs/election-results/negotiate?negotiateVersion=1 - 200 316 application/json 73.7535ms
2026-09-28 13:58:58.057 +05:45 [INF] CORS policy execution successful.
2026-09-28 13:58:58.078 +05:45 [INF] Request finished HTTP/1.1 OPTIONS http://localhost:5145/hubs/election-results?id=FMr-wofRedGOAe2nPPzOZQ&_=1790583238036 - 204 null null 40.7114ms
2026-09-28 13:58:58.081 +05:45 [INF] Request starting HTTP/1.1 GET http://localhost:5145/hubs/election-results?id=FMr-wofRedGOAe2nPPzOZQ&_=1790583238036 - null null
2026-09-28 13:58:58.096 +05:45 [INF] CORS policy execution successful.
2026-09-28 13:58:58.112 +05:45 [INF] Executed DbCommand (1ms) [Parameters=[@p='?' (DbType = Int32)], CommandType='"Text"', CommandTimeout='0']
SELECT TOP(1) [u].[Id], [u].[DateJoined], [u].[DepartmentId], [u].[Email], [u].[Name], [u].[OtpCode], [u].[OtpExpiresAt], [u].[PasswordHash], [u].[Role], [u].[TokenVersion]
FROM [Users] AS [u]
WHERE [u].[Id] = @p
2026-09-28 13:58:58.122 +05:45 [INF] Executing endpoint '/hubs/election-results'
2026-09-28 13:58:58.126 +05:45 [INF] Executed endpoint '/hubs/election-results'
2026-09-28 13:58:58.130 +05:45 [INF] Request starting HTTP/1.1 OPTIONS http://localhost:5145/hubs/election-results?id=FMr-wofRedGOAe2nPPzOZQ&_=1790583238128 - null null
2026-09-28 13:58:58.133 +05:45 [INF] Request starting HTTP/1.1 OPTIONS http://localhost:5145/hubs/election-results?id=FMr-wofRedGOAe2nPPzOZQ - null null
2026-09-28 13:58:58.135 +05:45 [INF] Request finished HTTP/1.1 GET http://localhost:5145/hubs/election-results?id=FMr-wofRedGOAe2nPPzOZQ&_=1790583238036 - 200 0 application/octet-stream 54.309ms
2026-09-28 13:58:58.142 +05:45 [INF] CORS policy execution successful.
2026-09-28 13:58:58.154 +05:45 [INF] CORS policy execution successful.
2026-09-28 13:58:58.178 +05:45 [INF] Request finished HTTP/1.1 OPTIONS http://localhost:5145/hubs/election-results?id=FMr-wofRedGOAe2nPPzOZQ&_=1790583238128 - 204 null null 47.9044ms
2026-09-28 13:58:58.184 +05:45 [INF] Request starting HTTP/1.1 GET http://localhost:5145/hubs/election-results?id=FMr-wofRedGOAe2nPPzOZQ&_=1790583238128 - null null
2026-09-28 13:58:58.189 +05:45 [INF] Request finished HTTP/1.1 OPTIONS http://localhost:5145/hubs/election-results?id=FMr-wofRedGOAe2nPPzOZQ - 204 null null 56.0814ms
2026-09-28 13:58:58.192 +05:45 [INF] Request starting HTTP/1.1 POST http://localhost:5145/hubs/election-results?id=FMr-wofRedGOAe2nPPzOZQ - text/plain;charset=UTF-8 32
2026-09-28 13:58:58.225 +05:45 [INF] CORS policy execution successful.
2026-09-28 13:58:58.245 +05:45 [INF] CORS policy execution successful.
2026-09-28 13:58:58.264 +05:45 [INF] Executed DbCommand (1ms) [Parameters=[@p='?' (DbType = Int32)], CommandType='"Text"', CommandTimeout='0']
SELECT TOP(1) [u].[Id], [u].[DateJoined], [u].[DepartmentId], [u].[Email], [u].[Name], [u].[OtpCode], [u].[OtpExpiresAt], [u].[PasswordHash], [u].[Role], [u].[TokenVersion]
FROM [Users] AS [u]
WHERE [u].[Id] = @p
2026-09-28 13:58:58.279 +05:45 [INF] Executing endpoint '/hubs/election-results'
2026-09-28 13:58:58.285 +05:45 [INF] Executed DbCommand (6ms) [Parameters=[@p='?' (DbType = Int32)], CommandType='"Text"', CommandTimeout='0']
SELECT TOP(1) [u].[Id], [u].[DateJoined], [u].[DepartmentId], [u].[Email], [u].[Name], [u].[OtpCode], [u].[OtpExpiresAt], [u].[PasswordHash], [u].[Role], [u].[TokenVersion]
FROM [Users] AS [u]
WHERE [u].[Id] = @p
2026-09-28 13:58:58.303 +05:45 [INF] Executing endpoint '/hubs/election-results'
2026-09-28 13:58:58.309 +05:45 [INF] Executed endpoint '/hubs/election-results'
2026-09-28 13:58:58.309 +05:45 [INF] Executed endpoint '/hubs/election-results'
2026-09-28 13:58:58.316 +05:45 [INF] Request starting HTTP/1.1 OPTIONS http://localhost:5145/hubs/election-results?id=FMr-wofRedGOAe2nPPzOZQ&_=1790583238311 - null null
2026-09-28 13:58:58.318 +05:45 [INF] Request finished HTTP/1.1 POST http://localhost:5145/hubs/election-results?id=FMr-wofRedGOAe2nPPzOZQ - 200 0 text/plain 125.6233ms
2026-09-28 13:58:58.322 +05:45 [INF] Request starting HTTP/1.1 OPTIONS http://localhost:5145/hubs/election-results?id=FMr-wofRedGOAe2nPPzOZQ - null null
2026-09-28 13:58:58.322 +05:45 [INF] Request finished HTTP/1.1 GET http://localhost:5145/hubs/election-results?id=FMr-wofRedGOAe2nPPzOZQ&_=1790583238128 - 200 3 application/octet-stream 138.3613ms
2026-09-28 13:58:58.329 +05:45 [INF] CORS policy execution successful.
2026-09-28 13:58:58.353 +05:45 [INF] CORS policy execution successful.
2026-09-28 13:58:58.370 +05:45 [INF] Request finished HTTP/1.1 OPTIONS http://localhost:5145/hubs/election-results?id=FMr-wofRedGOAe2nPPzOZQ&_=1790583238311 - 204 null null 53.8771ms
2026-09-28 13:58:58.372 +05:45 [INF] Request starting HTTP/1.1 GET http://localhost:5145/hubs/election-results?id=FMr-wofRedGOAe2nPPzOZQ&_=1790583238311 - null null
2026-09-28 13:58:58.373 +05:45 [INF] Request finished HTTP/1.1 OPTIONS http://localhost:5145/hubs/election-results?id=FMr-wofRedGOAe2nPPzOZQ - 204 null null 51.2441ms
2026-09-28 13:58:58.376 +05:45 [INF] Request starting HTTP/1.1 POST http://localhost:5145/hubs/election-results?id=FMr-wofRedGOAe2nPPzOZQ - text/plain;charset=UTF-8 75
2026-09-28 13:58:58.396 +05:45 [INF] CORS policy execution successful.
2026-09-28 13:58:58.427 +05:45 [INF] CORS policy execution successful.
2026-09-28 13:58:58.441 +05:45 [INF] Executed DbCommand (1ms) [Parameters=[@p='?' (DbType = Int32)], CommandType='"Text"', CommandTimeout='0']
SELECT TOP(1) [u].[Id], [u].[DateJoined], [u].[DepartmentId], [u].[Email], [u].[Name], [u].[OtpCode], [u].[OtpExpiresAt], [u].[PasswordHash], [u].[Role], [u].[TokenVersion]
FROM [Users] AS [u]
WHERE [u].[Id] = @p
2026-09-28 13:58:58.443 +05:45 [INF] Executed DbCommand (1ms) [Parameters=[@p='?' (DbType = Int32)], CommandType='"Text"', CommandTimeout='0']
SELECT TOP(1) [u].[Id], [u].[DateJoined], [u].[DepartmentId], [u].[Email], [u].[Name], [u].[OtpCode], [u].[OtpExpiresAt], [u].[PasswordHash], [u].[Role], [u].[TokenVersion]
FROM [Users] AS [u]
WHERE [u].[Id] = @p
2026-09-28 13:58:58.454 +05:45 [INF] Executing endpoint '/hubs/election-results'
2026-09-28 13:58:58.462 +05:45 [INF] Executing endpoint '/hubs/election-results'
2026-09-28 13:58:58.471 +05:45 [INF] Executed endpoint '/hubs/election-results'
2026-09-28 13:58:58.484 +05:45 [INF] Request finished HTTP/1.1 POST http://localhost:5145/hubs/election-results?id=FMr-wofRedGOAe2nPPzOZQ - 200 0 text/plain 108.3878ms
2026-09-28 13:58:58.488 +05:45 [INF] Executed DbCommand (1ms) [Parameters=[@p='?' (DbType = Int32)], CommandType='"Text"', CommandTimeout='0']
SELECT TOP(1) [e].[Id], [e].[CreatedByUserId], [e].[DepartmentId], [e].[Description], [e].[EndDate], [e].[IsLocked], [e].[MinTenureYears], [e].[StartDate], [e].[Status], [e].[Title]
FROM [Elections] AS [e]
WHERE [e].[Id] = @p
2026-09-28 13:58:58.559 +05:45 [INF] Executed endpoint '/hubs/election-results'
2026-09-28 13:58:58.562 +05:45 [INF] Request starting HTTP/1.1 OPTIONS http://localhost:5145/hubs/election-results?id=FMr-wofRedGOAe2nPPzOZQ&_=1790583238561 - null null
2026-09-28 13:58:58.572 +05:45 [INF] Request finished HTTP/1.1 GET http://localhost:5145/hubs/election-results?id=FMr-wofRedGOAe2nPPzOZQ&_=1790583238311 - 200 44 application/octet-stream 199.7739ms
2026-09-28 13:58:58.597 +05:45 [INF] CORS policy execution successful.
2026-09-28 13:58:58.622 +05:45 [INF] Request finished HTTP/1.1 OPTIONS http://localhost:5145/hubs/election-results?id=FMr-wofRedGOAe2nPPzOZQ&_=1790583238561 - 204 null null 60.0338ms
2026-09-28 13:58:58.625 +05:45 [INF] Request starting HTTP/1.1 GET http://localhost:5145/hubs/election-results?id=FMr-wofRedGOAe2nPPzOZQ&_=1790583238561 - null null
2026-09-28 13:58:58.647 +05:45 [INF] CORS policy execution successful.
2026-09-28 13:58:58.665 +05:45 [INF] Executed DbCommand (2ms) [Parameters=[@p='?' (DbType = Int32)], CommandType='"Text"', CommandTimeout='0']
SELECT TOP(1) [u].[Id], [u].[DateJoined], [u].[DepartmentId], [u].[Email], [u].[Name], [u].[OtpCode], [u].[OtpExpiresAt], [u].[PasswordHash], [u].[Role], [u].[TokenVersion]
FROM [Users] AS [u]
WHERE [u].[Id] = @p
2026-09-28 13:58:58.673 +05:45 [INF] Executing endpoint '/hubs/election-results'
2026-09-28 13:59:02.699 +05:45 [INF] Request starting HTTP/1.1 OPTIONS http://localhost:5145/hubs/election-results?id=FMr-wofRedGOAe2nPPzOZQ - null null
2026-09-28 13:59:02.699 +05:45 [INF] Request starting HTTP/1.1 OPTIONS http://localhost:5145/hubs/election-results?id=FMr-wofRedGOAe2nPPzOZQ - null null
2026-09-28 13:59:02.701 +05:45 [INF] Request starting HTTP/1.1 OPTIONS http://localhost:5145/api/elections - null null
2026-09-28 13:59:02.702 +05:45 [INF] Executed endpoint '/hubs/election-results'
2026-09-28 13:59:02.717 +05:45 [INF] CORS policy execution successful.
2026-09-28 13:59:02.727 +05:45 [INF] CORS policy execution successful.
2026-09-28 13:59:02.735 +05:45 [INF] CORS policy execution successful.
2026-09-28 13:59:02.738 +05:45 [INF] Request finished HTTP/1.1 GET http://localhost:5145/hubs/election-results?id=FMr-wofRedGOAe2nPPzOZQ&_=1790583238561 - 499 null null 4112.8892ms
2026-09-28 13:59:02.740 +05:45 [INF] Request finished HTTP/1.1 OPTIONS http://localhost:5145/hubs/election-results?id=FMr-wofRedGOAe2nPPzOZQ - 204 null null 40.5846ms
2026-09-28 13:59:02.741 +05:45 [INF] Request starting HTTP/1.1 POST http://localhost:5145/hubs/election-results?id=FMr-wofRedGOAe2nPPzOZQ - text/plain;charset=UTF-8 11
2026-09-28 13:59:02.742 +05:45 [INF] Request finished HTTP/1.1 OPTIONS http://localhost:5145/hubs/election-results?id=FMr-wofRedGOAe2nPPzOZQ - 204 null null 42.5673ms
2026-09-28 13:59:02.744 +05:45 [INF] Request finished HTTP/1.1 OPTIONS http://localhost:5145/api/elections - 204 null null 43.369ms
2026-09-28 13:59:02.746 +05:45 [INF] Request starting HTTP/1.1 DELETE http://localhost:5145/hubs/election-results?id=FMr-wofRedGOAe2nPPzOZQ - null null
2026-09-28 13:59:02.769 +05:45 [INF] CORS policy execution successful.
2026-09-28 13:59:02.785 +05:45 [INF] Request starting HTTP/1.1 GET http://localhost:5145/api/elections - null null
2026-09-28 13:59:02.791 +05:45 [INF] CORS policy execution successful.
2026-09-28 13:59:02.802 +05:45 [INF] CORS policy execution successful.
2026-09-28 13:59:02.803 +05:45 [INF] Executed DbCommand (1ms) [Parameters=[@p='?' (DbType = Int32)], CommandType='"Text"', CommandTimeout='0']
SELECT TOP(1) [u].[Id], [u].[DateJoined], [u].[DepartmentId], [u].[Email], [u].[Name], [u].[OtpCode], [u].[OtpExpiresAt], [u].[PasswordHash], [u].[Role], [u].[TokenVersion]
FROM [Users] AS [u]
WHERE [u].[Id] = @p
2026-09-28 13:59:02.818 +05:45 [INF] Executing endpoint '/hubs/election-results'
2026-09-28 13:59:02.823 +05:45 [INF] Executed DbCommand (2ms) [Parameters=[@p='?' (DbType = Int32)], CommandType='"Text"', CommandTimeout='0']
SELECT TOP(1) [u].[Id], [u].[DateJoined], [u].[DepartmentId], [u].[Email], [u].[Name], [u].[OtpCode], [u].[OtpExpiresAt], [u].[PasswordHash], [u].[Role], [u].[TokenVersion]
FROM [Users] AS [u]
WHERE [u].[Id] = @p
2026-09-28 13:59:02.825 +05:45 [INF] Executed DbCommand (1ms) [Parameters=[@p='?' (DbType = Int32)], CommandType='"Text"', CommandTimeout='0']
SELECT TOP(1) [u].[Id], [u].[DateJoined], [u].[DepartmentId], [u].[Email], [u].[Name], [u].[OtpCode], [u].[OtpExpiresAt], [u].[PasswordHash], [u].[Role], [u].[TokenVersion]
FROM [Users] AS [u]
WHERE [u].[Id] = @p
2026-09-28 13:59:02.826 +05:45 [INF] Executed endpoint '/hubs/election-results'
2026-09-28 13:59:02.840 +05:45 [INF] Executing endpoint '/hubs/election-results'
2026-09-28 13:59:02.850 +05:45 [INF] Executing endpoint 'PollAndVotingSystem.Controllers.ElectionsController.GetAll (PollAndVotingSystem)'
2026-09-28 13:59:02.853 +05:45 [INF] Request finished HTTP/1.1 POST http://localhost:5145/hubs/election-results?id=FMr-wofRedGOAe2nPPzOZQ - 200 0 text/plain 111.9539ms
2026-09-28 13:59:02.859 +05:45 [INF] Executed endpoint '/hubs/election-results'
2026-09-28 13:59:02.866 +05:45 [INF] Route matched with {action = "GetAll", controller = "Elections"}. Executing controller action with signature System.Threading.Tasks.Task`1[Microsoft.AspNetCore.Mvc.IActionResult] GetAll() on controller PollAndVotingSystem.Controllers.ElectionsController (PollAndVotingSystem).
2026-09-28 13:59:02.890 +05:45 [INF] Request finished HTTP/1.1 DELETE http://localhost:5145/hubs/election-results?id=FMr-wofRedGOAe2nPPzOZQ - 202 0 text/plain 143.6694ms
2026-09-28 13:59:02.904 +05:45 [INF] Executing action method PollAndVotingSystem.Controllers.ElectionsController.GetAll (PollAndVotingSystem) - Validation state: "Valid"
2026-09-28 13:59:02.937 +05:45 [INF] Executed DbCommand (3ms) [Parameters=[@departmentId='?' (DbType = Int32)], CommandType='"Text"', CommandTimeout='0']
SELECT [e].[Id], [e].[CreatedByUserId], [e].[DepartmentId], [e].[Description], [e].[EndDate], [e].[IsLocked], [e].[MinTenureYears], [e].[StartDate], [e].[Status], [e].[Title], [d].[Id], [d].[Name]
FROM [Elections] AS [e]
INNER JOIN [Departments] AS [d] ON [e].[DepartmentId] = [d].[Id]
WHERE [e].[DepartmentId] = @departmentId
ORDER BY [e].[StartDate] DESC
2026-09-28 13:59:02.965 +05:45 [INF] Executed action method PollAndVotingSystem.Controllers.ElectionsController.GetAll (PollAndVotingSystem), returned result Microsoft.AspNetCore.Mvc.OkObjectResult in 56.9616ms.
2026-09-28 13:59:02.972 +05:45 [INF] Executing OkObjectResult, writing value of type 'System.Collections.Generic.List`1[[PollAndVotingSystem.DTOs.Election.ElectionResponseDto, PollAndVotingSystem, Version=1.0.0.0, Culture=neutral, PublicKeyToken=null]]'.
2026-09-28 13:59:02.978 +05:45 [INF] Executed action PollAndVotingSystem.Controllers.ElectionsController.GetAll (PollAndVotingSystem) in 73.9361ms
2026-09-28 13:59:02.985 +05:45 [INF] Executed endpoint 'PollAndVotingSystem.Controllers.ElectionsController.GetAll (PollAndVotingSystem)'
2026-09-28 13:59:02.991 +05:45 [INF] Request finished HTTP/1.1 GET http://localhost:5145/api/elections - 200 null application/json; charset=utf-8 205.3146ms
2026-09-28 13:59:04.566 +05:45 [INF] Request starting HTTP/1.1 OPTIONS http://localhost:5145/api/elections/3 - null null
2026-09-28 13:59:04.577 +05:45 [INF] CORS policy execution successful.
2026-09-28 13:59:04.580 +05:45 [INF] Request finished HTTP/1.1 OPTIONS http://localhost:5145/api/elections/3 - 204 null null 13.9625ms
2026-09-28 13:59:04.602 +05:45 [INF] Request starting HTTP/1.1 GET http://localhost:5145/api/elections/3 - null null
2026-09-28 13:59:04.617 +05:45 [INF] CORS policy execution successful.
2026-09-28 13:59:04.630 +05:45 [INF] Executed DbCommand (1ms) [Parameters=[@p='?' (DbType = Int32)], CommandType='"Text"', CommandTimeout='0']
SELECT TOP(1) [u].[Id], [u].[DateJoined], [u].[DepartmentId], [u].[Email], [u].[Name], [u].[OtpCode], [u].[OtpExpiresAt], [u].[PasswordHash], [u].[Role], [u].[TokenVersion]
FROM [Users] AS [u]
WHERE [u].[Id] = @p
2026-09-28 13:59:04.635 +05:45 [INF] Executing endpoint 'PollAndVotingSystem.Controllers.ElectionsController.GetById (PollAndVotingSystem)'
2026-09-28 13:59:04.638 +05:45 [INF] Route matched with {action = "GetById", controller = "Elections"}. Executing controller action with signature System.Threading.Tasks.Task`1[Microsoft.AspNetCore.Mvc.IActionResult] GetById(Int32) on controller PollAndVotingSystem.Controllers.ElectionsController (PollAndVotingSystem).
2026-09-28 13:59:04.642 +05:45 [INF] Executing action method PollAndVotingSystem.Controllers.ElectionsController.GetById (PollAndVotingSystem) - Validation state: "Valid"
2026-09-28 13:59:04.655 +05:45 [INF] Executed DbCommand (1ms) [Parameters=[@id='?' (DbType = Int32)], CommandType='"Text"', CommandTimeout='0']
SELECT TOP(1) [e].[Id], [e].[CreatedByUserId], [e].[DepartmentId], [e].[Description], [e].[EndDate], [e].[IsLocked], [e].[MinTenureYears], [e].[StartDate], [e].[Status], [e].[Title], [d].[Id], [d].[Name]
FROM [Elections] AS [e]
INNER JOIN [Departments] AS [d] ON [e].[DepartmentId] = [d].[Id]
WHERE [e].[Id] = @id
2026-09-28 13:59:04.662 +05:45 [INF] Executed action method PollAndVotingSystem.Controllers.ElectionsController.GetById (PollAndVotingSystem), returned result Microsoft.AspNetCore.Mvc.OkObjectResult in 14.4274ms.
2026-09-28 13:59:04.676 +05:45 [INF] Executing OkObjectResult, writing value of type 'PollAndVotingSystem.DTOs.Election.ElectionResponseDto'.
2026-09-28 13:59:04.683 +05:45 [INF] Executed action PollAndVotingSystem.Controllers.ElectionsController.GetById (PollAndVotingSystem) in 40.7593ms
2026-09-28 13:59:04.686 +05:45 [INF] Executed endpoint 'PollAndVotingSystem.Controllers.ElectionsController.GetById (PollAndVotingSystem)'
2026-09-28 13:59:04.690 +05:45 [INF] Request finished HTTP/1.1 GET http://localhost:5145/api/elections/3 - 200 null application/json; charset=utf-8 87.4326ms
2026-09-28 13:59:04.703 +05:45 [INF] Request starting HTTP/1.1 OPTIONS http://localhost:5145/api/candidateapplications/election/3 - null null
2026-09-28 13:59:04.715 +05:45 [INF] CORS policy execution successful.
2026-09-28 13:59:04.717 +05:45 [INF] Request finished HTTP/1.1 OPTIONS http://localhost:5145/api/candidateapplications/election/3 - 204 null null 14.6406ms
2026-09-28 13:59:04.727 +05:45 [INF] Request starting HTTP/1.1 GET http://localhost:5145/api/candidateapplications/election/3 - null null
2026-09-28 13:59:04.736 +05:45 [INF] CORS policy execution successful.
2026-09-28 13:59:04.750 +05:45 [INF] Executed DbCommand (1ms) [Parameters=[@p='?' (DbType = Int32)], CommandType='"Text"', CommandTimeout='0']
SELECT TOP(1) [u].[Id], [u].[DateJoined], [u].[DepartmentId], [u].[Email], [u].[Name], [u].[OtpCode], [u].[OtpExpiresAt], [u].[PasswordHash], [u].[Role], [u].[TokenVersion]
FROM [Users] AS [u]
WHERE [u].[Id] = @p
2026-09-28 13:59:04.758 +05:45 [INF] Executing endpoint 'PollAndVotingSystem.Controllers.CandidateApplicationsController.GetByElection (PollAndVotingSystem)'
2026-09-28 13:59:04.773 +05:45 [INF] Route matched with {action = "GetByElection", controller = "CandidateApplications"}. Executing controller action with signature System.Threading.Tasks.Task`1[Microsoft.AspNetCore.Mvc.IActionResult] GetByElection(Int32) on controller PollAndVotingSystem.Controllers.CandidateApplicationsController (PollAndVotingSystem).
2026-09-28 13:59:04.785 +05:45 [INF] Executing action method PollAndVotingSystem.Controllers.CandidateApplicationsController.GetByElection (PollAndVotingSystem) - Validation state: "Valid"
2026-09-28 13:59:04.799 +05:45 [INF] Executed DbCommand (5ms) [Parameters=[@electionId='?' (DbType = Int32)], CommandType='"Text"', CommandTimeout='0']
SELECT [c].[Id], [c].[ElectionId], [c].[RejectionReason], [c].[ReviewedAt], [c].[ReviewedByUserId], [c].[Statement], [c].[Status], [c].[UserId], [u].[Id], [u].[DateJoined], [u].[DepartmentId], [u].[Email], [u].[Name], [u].[OtpCode], [u].[OtpExpiresAt], [u].[PasswordHash], [u].[Role], [u].[TokenVersion]
FROM [CandidateApplications] AS [c]
INNER JOIN [Users] AS [u] ON [c].[UserId] = [u].[Id]
WHERE [c].[ElectionId] = @electionId
2026-09-28 13:59:04.806 +05:45 [INF] Executed action method PollAndVotingSystem.Controllers.CandidateApplicationsController.GetByElection (PollAndVotingSystem), returned result Microsoft.AspNetCore.Mvc.OkObjectResult in 17.6359ms.
2026-09-28 13:59:04.810 +05:45 [INF] Executing OkObjectResult, writing value of type 'System.Collections.Generic.List`1[[PollAndVotingSystem.DTOs.CandidateApplication.CandidateApplicationResponseDto, PollAndVotingSystem, Version=1.0.0.0, Culture=neutral, PublicKeyToken=null]]'.
2026-09-28 13:59:04.818 +05:45 [INF] Executed action PollAndVotingSystem.Controllers.CandidateApplicationsController.GetByElection (PollAndVotingSystem) in 34.6935ms
2026-09-28 13:59:04.826 +05:45 [INF] Executed endpoint 'PollAndVotingSystem.Controllers.CandidateApplicationsController.GetByElection (PollAndVotingSystem)'
2026-09-28 13:59:04.832 +05:45 [INF] Request finished HTTP/1.1 GET http://localhost:5145/api/candidateapplications/election/3 - 200 null application/json; charset=utf-8 104.998ms
2026-09-28 13:59:04.847 +05:45 [INF] Request starting HTTP/1.1 OPTIONS http://localhost:5145/api/votes/election/3/results - null null
2026-09-28 13:59:04.859 +05:45 [INF] CORS policy execution successful.
2026-09-28 13:59:04.861 +05:45 [INF] Request finished HTTP/1.1 OPTIONS http://localhost:5145/api/votes/election/3/results - 204 null null 13.8258ms
2026-09-28 13:59:04.874 +05:45 [INF] Request starting HTTP/1.1 GET http://localhost:5145/api/votes/election/3/results - null null
2026-09-28 13:59:04.884 +05:45 [INF] CORS policy execution successful.
2026-09-28 13:59:04.893 +05:45 [INF] Executed DbCommand (1ms) [Parameters=[@p='?' (DbType = Int32)], CommandType='"Text"', CommandTimeout='0']
SELECT TOP(1) [u].[Id], [u].[DateJoined], [u].[DepartmentId], [u].[Email], [u].[Name], [u].[OtpCode], [u].[OtpExpiresAt], [u].[PasswordHash], [u].[Role], [u].[TokenVersion]
FROM [Users] AS [u]
WHERE [u].[Id] = @p
2026-09-28 13:59:04.899 +05:45 [INF] Executing endpoint 'PollAndVotingSystem.Controllers.VotesController.GetResults (PollAndVotingSystem)'
2026-09-28 13:59:04.903 +05:45 [INF] Route matched with {action = "GetResults", controller = "Votes"}. Executing controller action with signature System.Threading.Tasks.Task`1[Microsoft.AspNetCore.Mvc.IActionResult] GetResults(Int32) on controller PollAndVotingSystem.Controllers.VotesController (PollAndVotingSystem).
2026-09-28 13:59:04.909 +05:45 [INF] Executing action method PollAndVotingSystem.Controllers.VotesController.GetResults (PollAndVotingSystem) - Validation state: "Valid"
2026-09-28 13:59:04.921 +05:45 [INF] Executed DbCommand (1ms) [Parameters=[@p='?' (DbType = Int32)], CommandType='"Text"', CommandTimeout='0']
SELECT TOP(1) [e].[Id], [e].[CreatedByUserId], [e].[DepartmentId], [e].[Description], [e].[EndDate], [e].[IsLocked], [e].[MinTenureYears], [e].[StartDate], [e].[Status], [e].[Title]
FROM [Elections] AS [e]
WHERE [e].[Id] = @p
2026-09-28 13:59:04.935 +05:45 [INF] Executed DbCommand (0ms) [Parameters=[@electionId='?' (DbType = Int32)], CommandType='"Text"', CommandTimeout='0']
SELECT [v].[Id], [v].[CandidateId], [v].[ElectionId], [v].[Timestamp], [v].[VoterId], [c].[Id], [c].[ApplicationId], [c].[ElectionId], [c].[UserId], [u].[Id], [u].[DateJoined], [u].[DepartmentId], [u].[Email], [u].[Name], [u].[OtpCode], [u].[OtpExpiresAt], [u].[PasswordHash], [u].[Role], [u].[TokenVersion]
FROM [Votes] AS [v]
INNER JOIN [Candidates] AS [c] ON [v].[CandidateId] = [c].[Id]
INNER JOIN [Users] AS [u] ON [c].[UserId] = [u].[Id]
WHERE [v].[ElectionId] = @electionId
2026-09-28 13:59:04.953 +05:45 [INF] Executed action method PollAndVotingSystem.Controllers.VotesController.GetResults (PollAndVotingSystem), returned result Microsoft.AspNetCore.Mvc.OkObjectResult in 38.1461ms.
2026-09-28 13:59:04.959 +05:45 [INF] Executing OkObjectResult, writing value of type 'PollAndVotingSystem.DTOs.Vote.ElectionResultsResponseDto'.
2026-09-28 13:59:04.963 +05:45 [INF] Executed action PollAndVotingSystem.Controllers.VotesController.GetResults (PollAndVotingSystem) in 53.9069ms
2026-09-28 13:59:04.967 +05:45 [INF] Executed endpoint 'PollAndVotingSystem.Controllers.VotesController.GetResults (PollAndVotingSystem)'
2026-09-28 13:59:04.971 +05:45 [INF] Request finished HTTP/1.1 GET http://localhost:5145/api/votes/election/3/results - 200 null application/json; charset=utf-8 97.1027ms
2026-09-28 13:59:08.077 +05:45 [INF] Request starting HTTP/1.1 OPTIONS http://localhost:5145/api/elections/3/activate - null null
2026-09-28 13:59:08.086 +05:45 [INF] CORS policy execution successful.
2026-09-28 13:59:08.090 +05:45 [INF] Request finished HTTP/1.1 OPTIONS http://localhost:5145/api/elections/3/activate - 204 null null 12.4344ms
2026-09-28 13:59:08.100 +05:45 [INF] Request starting HTTP/1.1 PUT http://localhost:5145/api/elections/3/activate - application/json 2
2026-09-28 13:59:08.107 +05:45 [INF] CORS policy execution successful.
2026-09-28 13:59:08.116 +05:45 [INF] Executed DbCommand (0ms) [Parameters=[@p='?' (DbType = Int32)], CommandType='"Text"', CommandTimeout='0']
SELECT TOP(1) [u].[Id], [u].[DateJoined], [u].[DepartmentId], [u].[Email], [u].[Name], [u].[OtpCode], [u].[OtpExpiresAt], [u].[PasswordHash], [u].[Role], [u].[TokenVersion]
FROM [Users] AS [u]
WHERE [u].[Id] = @p
2026-09-28 13:59:08.121 +05:45 [INF] Executing endpoint 'PollAndVotingSystem.Controllers.ElectionsController.Activate (PollAndVotingSystem)'
2026-09-28 13:59:08.135 +05:45 [INF] Route matched with {action = "Activate", controller = "Elections"}. Executing controller action with signature System.Threading.Tasks.Task`1[Microsoft.AspNetCore.Mvc.IActionResult] Activate(Int32) on controller PollAndVotingSystem.Controllers.ElectionsController (PollAndVotingSystem).
2026-09-28 13:59:08.141 +05:45 [INF] Executing action method PollAndVotingSystem.Controllers.ElectionsController.Activate (PollAndVotingSystem) - Validation state: "Valid"
2026-09-28 13:59:08.154 +05:45 [INF] Executed DbCommand (1ms) [Parameters=[@id='?' (DbType = Int32)], CommandType='"Text"', CommandTimeout='0']
SELECT TOP(1) [e].[Id], [e].[CreatedByUserId], [e].[DepartmentId], [e].[Description], [e].[EndDate], [e].[IsLocked], [e].[MinTenureYears], [e].[StartDate], [e].[Status], [e].[Title], [d].[Id], [d].[Name]
FROM [Elections] AS [e]
INNER JOIN [Departments] AS [d] ON [e].[DepartmentId] = [d].[Id]
WHERE [e].[Id] = @id
2026-09-28 13:59:08.168 +05:45 [INF] Executed DbCommand (1ms) [Parameters=[@electionId='?' (DbType = Int32)], CommandType='"Text"', CommandTimeout='0']
SELECT [c].[Id], [c].[ApplicationId], [c].[ElectionId], [c].[UserId], [u].[Id], [u].[DateJoined], [u].[DepartmentId], [u].[Email], [u].[Name], [u].[OtpCode], [u].[OtpExpiresAt], [u].[PasswordHash], [u].[Role], [u].[TokenVersion], [c0].[Id], [c0].[ElectionId], [c0].[RejectionReason], [c0].[ReviewedAt], [c0].[ReviewedByUserId], [c0].[Statement], [c0].[Status], [c0].[UserId]
FROM [Candidates] AS [c]
INNER JOIN [Users] AS [u] ON [c].[UserId] = [u].[Id]
INNER JOIN [CandidateApplications] AS [c0] ON [c].[ApplicationId] = [c0].[Id]
WHERE [c].[ElectionId] = @electionId
2026-09-28 13:59:08.177 +05:45 [INF] Executed action PollAndVotingSystem.Controllers.ElectionsController.Activate (PollAndVotingSystem) in 36.2518ms
2026-09-28 13:59:08.180 +05:45 [INF] Executed endpoint 'PollAndVotingSystem.Controllers.ElectionsController.Activate (PollAndVotingSystem)'
2026-09-28 13:59:08.186 +05:45 [ERR] Unhandled exception on /api/elections/3/activate
System.InvalidOperationException: Cannot activate an election with no approved candidates.
   at PollAndVotingSystem.Services.ElectionService.ActivateAsync(Int32 id)
   at PollAndVotingSystem.Controllers.ElectionsController.Activate(Int32 id)
   at Microsoft.AspNetCore.Mvc.Infrastructure.ActionMethodExecutor.TaskOfIActionResultExecutor.Execute(ActionContext actionContext, IActionResultTypeMapper mapper, ObjectMethodExecutor executor, Object controller, Object[] arguments)
   at Microsoft.AspNetCore.Mvc.Infrastructure.ControllerActionInvoker.<InvokeActionMethodAsync>g__Logged|12_1(ControllerActionInvoker invoker)
   at Microsoft.AspNetCore.Mvc.Infrastructure.ControllerActionInvoker.<InvokeNextActionFilterAsync>g__Awaited|10_0(ControllerActionInvoker invoker, Task lastTask, State next, Scope scope, Object state, Boolean isCompleted)
   at Microsoft.AspNetCore.Mvc.Infrastructure.ControllerActionInvoker.Rethrow(ActionExecutedContextSealed context)
   at Microsoft.AspNetCore.Mvc.Infrastructure.ControllerActionInvoker.Next(State& next, Scope& scope, Object& state, Boolean& isCompleted)
   at Microsoft.AspNetCore.Mvc.Infrastructure.ControllerActionInvoker.<InvokeInnerFilterAsync>g__Awaited|13_0(ControllerActionInvoker invoker, Task lastTask, State next, Scope scope, Object state, Boolean isCompleted)
   at Microsoft.AspNetCore.Mvc.Infrastructure.ResourceInvoker.<InvokeFilterPipelineAsync>g__Awaited|20_0(ResourceInvoker invoker, Task lastTask, State next, Scope scope, Object state, Boolean isCompleted)
   at Microsoft.AspNetCore.Mvc.Infrastructure.ResourceInvoker.<InvokeAsync>g__Logged|17_1(ResourceInvoker invoker)
   at Microsoft.AspNetCore.Mvc.Infrastructure.ResourceInvoker.<InvokeAsync>g__Logged|17_1(ResourceInvoker invoker)
   at Microsoft.AspNetCore.Routing.EndpointMiddleware.<Invoke>g__AwaitRequestTask|7_0(Endpoint endpoint, Task requestTask, ILogger logger)
   at Microsoft.AspNetCore.Authorization.AuthorizationMiddleware.Invoke(HttpContext context)
   at Microsoft.AspNetCore.Authentication.AuthenticationMiddleware.Invoke(HttpContext context)
   at PollAndVotingSystem.Middleware.ExceptionHandlingMiddleware.InvokeAsync(HttpContext context, ApplicationDbContext dbContext)
2026-09-28 13:59:08.390 +05:45 [INF] Executed DbCommand (25ms) [Parameters=[@p0='?' (Size = 4000), @p1='?' (Size = 4000), @p2='?' (Size = 4000), @p3='?' (Size = 4000), @p4='?' (DbType = Int32), @p5='?' (DbType = DateTime2), @p6='?' (Size = 4000)], CommandType='"Text"', CommandTimeout='0']
SET IMPLICIT_TRANSACTIONS OFF;
SET NOCOUNT ON;
INSERT INTO [ErrorLogs] ([ExceptionType], [Message], [Path], [StackTrace], [StatusCode], [Timestamp], [UserId])
OUTPUT INSERTED.[Id]
VALUES (@p0, @p1, @p2, @p3, @p4, @p5, @p6);
2026-09-28 13:59:08.410 +05:45 [INF] Request finished HTTP/1.1 PUT http://localhost:5145/api/elections/3/activate - 400 null application/json 310.5821ms
2026-09-28 13:59:11.426 +05:45 [INF] Request starting HTTP/1.1 PUT http://localhost:5145/api/elections/3/activate - application/json 2
2026-09-28 13:59:11.435 +05:45 [INF] CORS policy execution successful.
2026-09-28 13:59:11.444 +05:45 [INF] Executed DbCommand (1ms) [Parameters=[@p='?' (DbType = Int32)], CommandType='"Text"', CommandTimeout='0']
SELECT TOP(1) [u].[Id], [u].[DateJoined], [u].[DepartmentId], [u].[Email], [u].[Name], [u].[OtpCode], [u].[OtpExpiresAt], [u].[PasswordHash], [u].[Role], [u].[TokenVersion]
FROM [Users] AS [u]
WHERE [u].[Id] = @p
2026-09-28 13:59:11.451 +05:45 [INF] Executing endpoint 'PollAndVotingSystem.Controllers.ElectionsController.Activate (PollAndVotingSystem)'
2026-09-28 13:59:11.455 +05:45 [INF] Route matched with {action = "Activate", controller = "Elections"}. Executing controller action with signature System.Threading.Tasks.Task`1[Microsoft.AspNetCore.Mvc.IActionResult] Activate(Int32) on controller PollAndVotingSystem.Controllers.ElectionsController (PollAndVotingSystem).
2026-09-28 13:59:11.461 +05:45 [INF] Executing action method PollAndVotingSystem.Controllers.ElectionsController.Activate (PollAndVotingSystem) - Validation state: "Valid"
2026-09-28 13:59:11.473 +05:45 [INF] Executed DbCommand (1ms) [Parameters=[@id='?' (DbType = Int32)], CommandType='"Text"', CommandTimeout='0']
SELECT TOP(1) [e].[Id], [e].[CreatedByUserId], [e].[DepartmentId], [e].[Description], [e].[EndDate], [e].[IsLocked], [e].[MinTenureYears], [e].[StartDate], [e].[Status], [e].[Title], [d].[Id], [d].[Name]
FROM [Elections] AS [e]
INNER JOIN [Departments] AS [d] ON [e].[DepartmentId] = [d].[Id]
WHERE [e].[Id] = @id
2026-09-28 13:59:11.485 +05:45 [INF] Executed DbCommand (0ms) [Parameters=[@electionId='?' (DbType = Int32)], CommandType='"Text"', CommandTimeout='0']
SELECT [c].[Id], [c].[ApplicationId], [c].[ElectionId], [c].[UserId], [u].[Id], [u].[DateJoined], [u].[DepartmentId], [u].[Email], [u].[Name], [u].[OtpCode], [u].[OtpExpiresAt], [u].[PasswordHash], [u].[Role], [u].[TokenVersion], [c0].[Id], [c0].[ElectionId], [c0].[RejectionReason], [c0].[ReviewedAt], [c0].[ReviewedByUserId], [c0].[Statement], [c0].[Status], [c0].[UserId]
FROM [Candidates] AS [c]
INNER JOIN [Users] AS [u] ON [c].[UserId] = [u].[Id]
INNER JOIN [CandidateApplications] AS [c0] ON [c].[ApplicationId] = [c0].[Id]
WHERE [c].[ElectionId] = @electionId
2026-09-28 13:59:11.489 +05:45 [INF] Executed action PollAndVotingSystem.Controllers.ElectionsController.Activate (PollAndVotingSystem) in 28.9652ms
2026-09-28 13:59:11.494 +05:45 [INF] Executed endpoint 'PollAndVotingSystem.Controllers.ElectionsController.Activate (PollAndVotingSystem)'
2026-09-28 13:59:11.498 +05:45 [ERR] Unhandled exception on /api/elections/3/activate
System.InvalidOperationException: Cannot activate an election with no approved candidates.
   at PollAndVotingSystem.Services.ElectionService.ActivateAsync(Int32 id)
   at PollAndVotingSystem.Controllers.ElectionsController.Activate(Int32 id)
   at Microsoft.AspNetCore.Mvc.Infrastructure.ActionMethodExecutor.TaskOfIActionResultExecutor.Execute(ActionContext actionContext, IActionResultTypeMapper mapper, ObjectMethodExecutor executor, Object controller, Object[] arguments)
   at Microsoft.AspNetCore.Mvc.Infrastructure.ControllerActionInvoker.<InvokeActionMethodAsync>g__Logged|12_1(ControllerActionInvoker invoker)
   at Microsoft.AspNetCore.Mvc.Infrastructure.ControllerActionInvoker.<InvokeNextActionFilterAsync>g__Awaited|10_0(ControllerActionInvoker invoker, Task lastTask, State next, Scope scope, Object state, Boolean isCompleted)
   at Microsoft.AspNetCore.Mvc.Infrastructure.ControllerActionInvoker.Rethrow(ActionExecutedContextSealed context)
   at Microsoft.AspNetCore.Mvc.Infrastructure.ControllerActionInvoker.Next(State& next, Scope& scope, Object& state, Boolean& isCompleted)
   at Microsoft.AspNetCore.Mvc.Infrastructure.ControllerActionInvoker.<InvokeInnerFilterAsync>g__Awaited|13_0(ControllerActionInvoker invoker, Task lastTask, State next, Scope scope, Object state, Boolean isCompleted)
   at Microsoft.AspNetCore.Mvc.Infrastructure.ResourceInvoker.<InvokeFilterPipelineAsync>g__Awaited|20_0(ResourceInvoker invoker, Task lastTask, State next, Scope scope, Object state, Boolean isCompleted)
   at Microsoft.AspNetCore.Mvc.Infrastructure.ResourceInvoker.<InvokeAsync>g__Logged|17_1(ResourceInvoker invoker)
   at Microsoft.AspNetCore.Mvc.Infrastructure.ResourceInvoker.<InvokeAsync>g__Logged|17_1(ResourceInvoker invoker)
   at Microsoft.AspNetCore.Routing.EndpointMiddleware.<Invoke>g__AwaitRequestTask|7_0(Endpoint endpoint, Task requestTask, ILogger logger)
   at Microsoft.AspNetCore.Authorization.AuthorizationMiddleware.Invoke(HttpContext context)
   at Microsoft.AspNetCore.Authentication.AuthenticationMiddleware.Invoke(HttpContext context)
   at PollAndVotingSystem.Middleware.ExceptionHandlingMiddleware.InvokeAsync(HttpContext context, ApplicationDbContext dbContext)
2026-09-28 13:59:11.525 +05:45 [INF] Executed DbCommand (7ms) [Parameters=[@p0='?' (Size = 4000), @p1='?' (Size = 4000), @p2='?' (Size = 4000), @p3='?' (Size = 4000), @p4='?' (DbType = Int32), @p5='?' (DbType = DateTime2), @p6='?' (Size = 4000)], CommandType='"Text"', CommandTimeout='0']
SET IMPLICIT_TRANSACTIONS OFF;
SET NOCOUNT ON;
INSERT INTO [ErrorLogs] ([ExceptionType], [Message], [Path], [StackTrace], [StatusCode], [Timestamp], [UserId])
OUTPUT INSERTED.[Id]
VALUES (@p0, @p1, @p2, @p3, @p4, @p5, @p6);
2026-09-28 13:59:11.534 +05:45 [INF] Request finished HTTP/1.1 PUT http://localhost:5145/api/elections/3/activate - 400 null application/json 107.6076ms
2026-09-28 13:59:11.592 +05:45 [INF] Request starting HTTP/1.1 PUT http://localhost:5145/api/elections/3/activate - application/json 2
2026-09-28 13:59:11.601 +05:45 [INF] CORS policy execution successful.
2026-09-28 13:59:11.610 +05:45 [INF] Executed DbCommand (1ms) [Parameters=[@p='?' (DbType = Int32)], CommandType='"Text"', CommandTimeout='0']
SELECT TOP(1) [u].[Id], [u].[DateJoined], [u].[DepartmentId], [u].[Email], [u].[Name], [u].[OtpCode], [u].[OtpExpiresAt], [u].[PasswordHash], [u].[Role], [u].[TokenVersion]
FROM [Users] AS [u]
WHERE [u].[Id] = @p
2026-09-28 13:59:11.618 +05:45 [INF] Executing endpoint 'PollAndVotingSystem.Controllers.ElectionsController.Activate (PollAndVotingSystem)'
2026-09-28 13:59:11.621 +05:45 [INF] Route matched with {action = "Activate", controller = "Elections"}. Executing controller action with signature System.Threading.Tasks.Task`1[Microsoft.AspNetCore.Mvc.IActionResult] Activate(Int32) on controller PollAndVotingSystem.Controllers.ElectionsController (PollAndVotingSystem).
2026-09-28 13:59:11.625 +05:45 [INF] Executing action method PollAndVotingSystem.Controllers.ElectionsController.Activate (PollAndVotingSystem) - Validation state: "Valid"
2026-09-28 13:59:11.684 +05:45 [INF] Executed DbCommand (1ms) [Parameters=[@id='?' (DbType = Int32)], CommandType='"Text"', CommandTimeout='0']
SELECT TOP(1) [e].[Id], [e].[CreatedByUserId], [e].[DepartmentId], [e].[Description], [e].[EndDate], [e].[IsLocked], [e].[MinTenureYears], [e].[StartDate], [e].[Status], [e].[Title], [d].[Id], [d].[Name]
FROM [Elections] AS [e]
INNER JOIN [Departments] AS [d] ON [e].[DepartmentId] = [d].[Id]
WHERE [e].[Id] = @id
2026-09-28 13:59:11.702 +05:45 [INF] Executed DbCommand (2ms) [Parameters=[@electionId='?' (DbType = Int32)], CommandType='"Text"', CommandTimeout='0']
SELECT [c].[Id], [c].[ApplicationId], [c].[ElectionId], [c].[UserId], [u].[Id], [u].[DateJoined], [u].[DepartmentId], [u].[Email], [u].[Name], [u].[OtpCode], [u].[OtpExpiresAt], [u].[PasswordHash], [u].[Role], [u].[TokenVersion], [c0].[Id], [c0].[ElectionId], [c0].[RejectionReason], [c0].[ReviewedAt], [c0].[ReviewedByUserId], [c0].[Statement], [c0].[Status], [c0].[UserId]
FROM [Candidates] AS [c]
INNER JOIN [Users] AS [u] ON [c].[UserId] = [u].[Id]
INNER JOIN [CandidateApplications] AS [c0] ON [c].[ApplicationId] = [c0].[Id]
WHERE [c].[ElectionId] = @electionId
2026-09-28 13:59:11.710 +05:45 [INF] Executed action PollAndVotingSystem.Controllers.ElectionsController.Activate (PollAndVotingSystem) in 85.335ms
2026-09-28 13:59:11.720 +05:45 [INF] Executed endpoint 'PollAndVotingSystem.Controllers.ElectionsController.Activate (PollAndVotingSystem)'
2026-09-28 13:59:11.726 +05:45 [ERR] Unhandled exception on /api/elections/3/activate
System.InvalidOperationException: Cannot activate an election with no approved candidates.
   at PollAndVotingSystem.Services.ElectionService.ActivateAsync(Int32 id)
   at PollAndVotingSystem.Controllers.ElectionsController.Activate(Int32 id)
   at Microsoft.AspNetCore.Mvc.Infrastructure.ActionMethodExecutor.TaskOfIActionResultExecutor.Execute(ActionContext actionContext, IActionResultTypeMapper mapper, ObjectMethodExecutor executor, Object controller, Object[] arguments)
   at Microsoft.AspNetCore.Mvc.Infrastructure.ControllerActionInvoker.<InvokeActionMethodAsync>g__Logged|12_1(ControllerActionInvoker invoker)
   at Microsoft.AspNetCore.Mvc.Infrastructure.ControllerActionInvoker.<InvokeNextActionFilterAsync>g__Awaited|10_0(ControllerActionInvoker invoker, Task lastTask, State next, Scope scope, Object state, Boolean isCompleted)
   at Microsoft.AspNetCore.Mvc.Infrastructure.ControllerActionInvoker.Rethrow(ActionExecutedContextSealed context)
   at Microsoft.AspNetCore.Mvc.Infrastructure.ControllerActionInvoker.Next(State& next, Scope& scope, Object& state, Boolean& isCompleted)
   at Microsoft.AspNetCore.Mvc.Infrastructure.ControllerActionInvoker.<InvokeInnerFilterAsync>g__Awaited|13_0(ControllerActionInvoker invoker, Task lastTask, State next, Scope scope, Object state, Boolean isCompleted)
   at Microsoft.AspNetCore.Mvc.Infrastructure.ResourceInvoker.<InvokeFilterPipelineAsync>g__Awaited|20_0(ResourceInvoker invoker, Task lastTask, State next, Scope scope, Object state, Boolean isCompleted)
   at Microsoft.AspNetCore.Mvc.Infrastructure.ResourceInvoker.<InvokeAsync>g__Logged|17_1(ResourceInvoker invoker)
   at Microsoft.AspNetCore.Mvc.Infrastructure.ResourceInvoker.<InvokeAsync>g__Logged|17_1(ResourceInvoker invoker)
   at Microsoft.AspNetCore.Routing.EndpointMiddleware.<Invoke>g__AwaitRequestTask|7_0(Endpoint endpoint, Task requestTask, ILogger logger)
   at Microsoft.AspNetCore.Authorization.AuthorizationMiddleware.Invoke(HttpContext context)
   at Microsoft.AspNetCore.Authentication.AuthenticationMiddleware.Invoke(HttpContext context)
   at PollAndVotingSystem.Middleware.ExceptionHandlingMiddleware.InvokeAsync(HttpContext context, ApplicationDbContext dbContext)
2026-09-28 13:59:11.757 +05:45 [INF] Executed DbCommand (2ms) [Parameters=[@p0='?' (Size = 4000), @p1='?' (Size = 4000), @p2='?' (Size = 4000), @p3='?' (Size = 4000), @p4='?' (DbType = Int32), @p5='?' (DbType = DateTime2), @p6='?' (Size = 4000)], CommandType='"Text"', CommandTimeout='0']
SET IMPLICIT_TRANSACTIONS OFF;
SET NOCOUNT ON;
INSERT INTO [ErrorLogs] ([ExceptionType], [Message], [Path], [StackTrace], [StatusCode], [Timestamp], [UserId])
OUTPUT INSERTED.[Id]
VALUES (@p0, @p1, @p2, @p3, @p4, @p5, @p6);
2026-09-28 13:59:11.763 +05:45 [INF] Request starting HTTP/1.1 PUT http://localhost:5145/api/elections/3/activate - application/json 2
2026-09-28 13:59:11.764 +05:45 [INF] Request finished HTTP/1.1 PUT http://localhost:5145/api/elections/3/activate - 400 null application/json 172.5047ms
2026-09-28 13:59:11.768 +05:45 [INF] CORS policy execution successful.
2026-09-28 13:59:11.784 +05:45 [INF] Executed DbCommand (1ms) [Parameters=[@p='?' (DbType = Int32)], CommandType='"Text"', CommandTimeout='0']
SELECT TOP(1) [u].[Id], [u].[DateJoined], [u].[DepartmentId], [u].[Email], [u].[Name], [u].[OtpCode], [u].[OtpExpiresAt], [u].[PasswordHash], [u].[Role], [u].[TokenVersion]
FROM [Users] AS [u]
WHERE [u].[Id] = @p
2026-09-28 13:59:11.789 +05:45 [INF] Executing endpoint 'PollAndVotingSystem.Controllers.ElectionsController.Activate (PollAndVotingSystem)'
2026-09-28 13:59:11.792 +05:45 [INF] Route matched with {action = "Activate", controller = "Elections"}. Executing controller action with signature System.Threading.Tasks.Task`1[Microsoft.AspNetCore.Mvc.IActionResult] Activate(Int32) on controller PollAndVotingSystem.Controllers.ElectionsController (PollAndVotingSystem).
2026-09-28 13:59:11.797 +05:45 [INF] Executing action method PollAndVotingSystem.Controllers.ElectionsController.Activate (PollAndVotingSystem) - Validation state: "Valid"
2026-09-28 13:59:11.805 +05:45 [INF] Executed DbCommand (1ms) [Parameters=[@id='?' (DbType = Int32)], CommandType='"Text"', CommandTimeout='0']
SELECT TOP(1) [e].[Id], [e].[CreatedByUserId], [e].[DepartmentId], [e].[Description], [e].[EndDate], [e].[IsLocked], [e].[MinTenureYears], [e].[StartDate], [e].[Status], [e].[Title], [d].[Id], [d].[Name]
FROM [Elections] AS [e]
INNER JOIN [Departments] AS [d] ON [e].[DepartmentId] = [d].[Id]
WHERE [e].[Id] = @id
2026-09-28 13:59:11.816 +05:45 [INF] Executed DbCommand (1ms) [Parameters=[@electionId='?' (DbType = Int32)], CommandType='"Text"', CommandTimeout='0']
SELECT [c].[Id], [c].[ApplicationId], [c].[ElectionId], [c].[UserId], [u].[Id], [u].[DateJoined], [u].[DepartmentId], [u].[Email], [u].[Name], [u].[OtpCode], [u].[OtpExpiresAt], [u].[PasswordHash], [u].[Role], [u].[TokenVersion], [c0].[Id], [c0].[ElectionId], [c0].[RejectionReason], [c0].[ReviewedAt], [c0].[ReviewedByUserId], [c0].[Statement], [c0].[Status], [c0].[UserId]
FROM [Candidates] AS [c]
INNER JOIN [Users] AS [u] ON [c].[UserId] = [u].[Id]
INNER JOIN [CandidateApplications] AS [c0] ON [c].[ApplicationId] = [c0].[Id]
WHERE [c].[ElectionId] = @electionId
2026-09-28 13:59:11.824 +05:45 [INF] Executed action PollAndVotingSystem.Controllers.ElectionsController.Activate (PollAndVotingSystem) in 26.8678ms
2026-09-28 13:59:11.830 +05:45 [INF] Executed endpoint 'PollAndVotingSystem.Controllers.ElectionsController.Activate (PollAndVotingSystem)'
2026-09-28 13:59:11.834 +05:45 [ERR] Unhandled exception on /api/elections/3/activate
System.InvalidOperationException: Cannot activate an election with no approved candidates.
   at PollAndVotingSystem.Services.ElectionService.ActivateAsync(Int32 id)
   at PollAndVotingSystem.Controllers.ElectionsController.Activate(Int32 id)
   at Microsoft.AspNetCore.Mvc.Infrastructure.ActionMethodExecutor.TaskOfIActionResultExecutor.Execute(ActionContext actionContext, IActionResultTypeMapper mapper, ObjectMethodExecutor executor, Object controller, Object[] arguments)
   at Microsoft.AspNetCore.Mvc.Infrastructure.ControllerActionInvoker.<InvokeActionMethodAsync>g__Logged|12_1(ControllerActionInvoker invoker)
   at Microsoft.AspNetCore.Mvc.Infrastructure.ControllerActionInvoker.<InvokeNextActionFilterAsync>g__Awaited|10_0(ControllerActionInvoker invoker, Task lastTask, State next, Scope scope, Object state, Boolean isCompleted)
   at Microsoft.AspNetCore.Mvc.Infrastructure.ControllerActionInvoker.Rethrow(ActionExecutedContextSealed context)
   at Microsoft.AspNetCore.Mvc.Infrastructure.ControllerActionInvoker.Next(State& next, Scope& scope, Object& state, Boolean& isCompleted)
   at Microsoft.AspNetCore.Mvc.Infrastructure.ControllerActionInvoker.<InvokeInnerFilterAsync>g__Awaited|13_0(ControllerActionInvoker invoker, Task lastTask, State next, Scope scope, Object state, Boolean isCompleted)
   at Microsoft.AspNetCore.Mvc.Infrastructure.ResourceInvoker.<InvokeFilterPipelineAsync>g__Awaited|20_0(ResourceInvoker invoker, Task lastTask, State next, Scope scope, Object state, Boolean isCompleted)
   at Microsoft.AspNetCore.Mvc.Infrastructure.ResourceInvoker.<InvokeAsync>g__Logged|17_1(ResourceInvoker invoker)
   at Microsoft.AspNetCore.Mvc.Infrastructure.ResourceInvoker.<InvokeAsync>g__Logged|17_1(ResourceInvoker invoker)
   at Microsoft.AspNetCore.Routing.EndpointMiddleware.<Invoke>g__AwaitRequestTask|7_0(Endpoint endpoint, Task requestTask, ILogger logger)
   at Microsoft.AspNetCore.Authorization.AuthorizationMiddleware.Invoke(HttpContext context)
   at Microsoft.AspNetCore.Authentication.AuthenticationMiddleware.Invoke(HttpContext context)
   at PollAndVotingSystem.Middleware.ExceptionHandlingMiddleware.InvokeAsync(HttpContext context, ApplicationDbContext dbContext)
2026-09-28 13:59:11.860 +05:45 [INF] Executed DbCommand (1ms) [Parameters=[@p0='?' (Size = 4000), @p1='?' (Size = 4000), @p2='?' (Size = 4000), @p3='?' (Size = 4000), @p4='?' (DbType = Int32), @p5='?' (DbType = DateTime2), @p6='?' (Size = 4000)], CommandType='"Text"', CommandTimeout='0']
SET IMPLICIT_TRANSACTIONS OFF;
SET NOCOUNT ON;
INSERT INTO [ErrorLogs] ([ExceptionType], [Message], [Path], [StackTrace], [StatusCode], [Timestamp], [UserId])
OUTPUT INSERTED.[Id]
VALUES (@p0, @p1, @p2, @p3, @p4, @p5, @p6);
2026-09-28 13:59:11.867 +05:45 [INF] Request finished HTTP/1.1 PUT http://localhost:5145/api/elections/3/activate - 400 null application/json 104.3226ms
2026-09-28 13:59:11.931 +05:45 [INF] Request starting HTTP/1.1 PUT http://localhost:5145/api/elections/3/activate - application/json 2
2026-09-28 13:59:11.935 +05:45 [INF] CORS policy execution successful.
2026-09-28 13:59:11.943 +05:45 [INF] Executed DbCommand (1ms) [Parameters=[@p='?' (DbType = Int32)], CommandType='"Text"', CommandTimeout='0']
SELECT TOP(1) [u].[Id], [u].[DateJoined], [u].[DepartmentId], [u].[Email], [u].[Name], [u].[OtpCode], [u].[OtpExpiresAt], [u].[PasswordHash], [u].[Role], [u].[TokenVersion]
FROM [Users] AS [u]
WHERE [u].[Id] = @p
2026-09-28 13:59:11.950 +05:45 [INF] Executing endpoint 'PollAndVotingSystem.Controllers.ElectionsController.Activate (PollAndVotingSystem)'
2026-09-28 13:59:11.953 +05:45 [INF] Route matched with {action = "Activate", controller = "Elections"}. Executing controller action with signature System.Threading.Tasks.Task`1[Microsoft.AspNetCore.Mvc.IActionResult] Activate(Int32) on controller PollAndVotingSystem.Controllers.ElectionsController (PollAndVotingSystem).
2026-09-28 13:59:11.959 +05:45 [INF] Executing action method PollAndVotingSystem.Controllers.ElectionsController.Activate (PollAndVotingSystem) - Validation state: "Valid"
2026-09-28 13:59:11.971 +05:45 [INF] Executed DbCommand (1ms) [Parameters=[@id='?' (DbType = Int32)], CommandType='"Text"', CommandTimeout='0']
SELECT TOP(1) [e].[Id], [e].[CreatedByUserId], [e].[DepartmentId], [e].[Description], [e].[EndDate], [e].[IsLocked], [e].[MinTenureYears], [e].[StartDate], [e].[Status], [e].[Title], [d].[Id], [d].[Name]
FROM [Elections] AS [e]
INNER JOIN [Departments] AS [d] ON [e].[DepartmentId] = [d].[Id]
WHERE [e].[Id] = @id
2026-09-28 13:59:11.985 +05:45 [INF] Executed DbCommand (1ms) [Parameters=[@electionId='?' (DbType = Int32)], CommandType='"Text"', CommandTimeout='0']
SELECT [c].[Id], [c].[ApplicationId], [c].[ElectionId], [c].[UserId], [u].[Id], [u].[DateJoined], [u].[DepartmentId], [u].[Email], [u].[Name], [u].[OtpCode], [u].[OtpExpiresAt], [u].[PasswordHash], [u].[Role], [u].[TokenVersion], [c0].[Id], [c0].[ElectionId], [c0].[RejectionReason], [c0].[ReviewedAt], [c0].[ReviewedByUserId], [c0].[Statement], [c0].[Status], [c0].[UserId]
FROM [Candidates] AS [c]
INNER JOIN [Users] AS [u] ON [c].[UserId] = [u].[Id]
INNER JOIN [CandidateApplications] AS [c0] ON [c].[ApplicationId] = [c0].[Id]
WHERE [c].[ElectionId] = @electionId
2026-09-28 13:59:11.991 +05:45 [INF] Executed action PollAndVotingSystem.Controllers.ElectionsController.Activate (PollAndVotingSystem) in 32.5892ms
2026-09-28 13:59:11.996 +05:45 [INF] Executed endpoint 'PollAndVotingSystem.Controllers.ElectionsController.Activate (PollAndVotingSystem)'
2026-09-28 13:59:12.000 +05:45 [ERR] Unhandled exception on /api/elections/3/activate
System.InvalidOperationException: Cannot activate an election with no approved candidates.
   at PollAndVotingSystem.Services.ElectionService.ActivateAsync(Int32 id)
   at PollAndVotingSystem.Controllers.ElectionsController.Activate(Int32 id)
   at Microsoft.AspNetCore.Mvc.Infrastructure.ActionMethodExecutor.TaskOfIActionResultExecutor.Execute(ActionContext actionContext, IActionResultTypeMapper mapper, ObjectMethodExecutor executor, Object controller, Object[] arguments)
   at Microsoft.AspNetCore.Mvc.Infrastructure.ControllerActionInvoker.<InvokeActionMethodAsync>g__Logged|12_1(ControllerActionInvoker invoker)
   at Microsoft.AspNetCore.Mvc.Infrastructure.ControllerActionInvoker.<InvokeNextActionFilterAsync>g__Awaited|10_0(ControllerActionInvoker invoker, Task lastTask, State next, Scope scope, Object state, Boolean isCompleted)
   at Microsoft.AspNetCore.Mvc.Infrastructure.ControllerActionInvoker.Rethrow(ActionExecutedContextSealed context)
   at Microsoft.AspNetCore.Mvc.Infrastructure.ControllerActionInvoker.Next(State& next, Scope& scope, Object& state, Boolean& isCompleted)
   at Microsoft.AspNetCore.Mvc.Infrastructure.ControllerActionInvoker.<InvokeInnerFilterAsync>g__Awaited|13_0(ControllerActionInvoker invoker, Task lastTask, State next, Scope scope, Object state, Boolean isCompleted)
   at Microsoft.AspNetCore.Mvc.Infrastructure.ResourceInvoker.<InvokeFilterPipelineAsync>g__Awaited|20_0(ResourceInvoker invoker, Task lastTask, State next, Scope scope, Object state, Boolean isCompleted)
   at Microsoft.AspNetCore.Mvc.Infrastructure.ResourceInvoker.<InvokeAsync>g__Logged|17_1(ResourceInvoker invoker)
   at Microsoft.AspNetCore.Mvc.Infrastructure.ResourceInvoker.<InvokeAsync>g__Logged|17_1(ResourceInvoker invoker)
   at Microsoft.AspNetCore.Routing.EndpointMiddleware.<Invoke>g__AwaitRequestTask|7_0(Endpoint endpoint, Task requestTask, ILogger logger)
   at Microsoft.AspNetCore.Authorization.AuthorizationMiddleware.Invoke(HttpContext context)
   at Microsoft.AspNetCore.Authentication.AuthenticationMiddleware.Invoke(HttpContext context)
   at PollAndVotingSystem.Middleware.ExceptionHandlingMiddleware.InvokeAsync(HttpContext context, ApplicationDbContext dbContext)
2026-09-28 13:59:12.039 +05:45 [INF] Executed DbCommand (1ms) [Parameters=[@p0='?' (Size = 4000), @p1='?' (Size = 4000), @p2='?' (Size = 4000), @p3='?' (Size = 4000), @p4='?' (DbType = Int32), @p5='?' (DbType = DateTime2), @p6='?' (Size = 4000)], CommandType='"Text"', CommandTimeout='0']
SET IMPLICIT_TRANSACTIONS OFF;
SET NOCOUNT ON;
INSERT INTO [ErrorLogs] ([ExceptionType], [Message], [Path], [StackTrace], [StatusCode], [Timestamp], [UserId])
OUTPUT INSERTED.[Id]
VALUES (@p0, @p1, @p2, @p3, @p4, @p5, @p6);
2026-09-28 13:59:12.049 +05:45 [INF] Request finished HTTP/1.1 PUT http://localhost:5145/api/elections/3/activate - 400 null application/json 118.5103ms
2026-09-28 13:59:12.150 +05:45 [INF] Request starting HTTP/1.1 PUT http://localhost:5145/api/elections/3/activate - application/json 2
2026-09-28 13:59:12.155 +05:45 [INF] CORS policy execution successful.
2026-09-28 13:59:12.171 +05:45 [INF] Executed DbCommand (2ms) [Parameters=[@p='?' (DbType = Int32)], CommandType='"Text"', CommandTimeout='0']
SELECT TOP(1) [u].[Id], [u].[DateJoined], [u].[DepartmentId], [u].[Email], [u].[Name], [u].[OtpCode], [u].[OtpExpiresAt], [u].[PasswordHash], [u].[Role], [u].[TokenVersion]
FROM [Users] AS [u]
WHERE [u].[Id] = @p
2026-09-28 13:59:12.176 +05:45 [INF] Executing endpoint 'PollAndVotingSystem.Controllers.ElectionsController.Activate (PollAndVotingSystem)'
2026-09-28 13:59:12.182 +05:45 [INF] Route matched with {action = "Activate", controller = "Elections"}. Executing controller action with signature System.Threading.Tasks.Task`1[Microsoft.AspNetCore.Mvc.IActionResult] Activate(Int32) on controller PollAndVotingSystem.Controllers.ElectionsController (PollAndVotingSystem).
2026-09-28 13:59:12.187 +05:45 [INF] Executing action method PollAndVotingSystem.Controllers.ElectionsController.Activate (PollAndVotingSystem) - Validation state: "Valid"
2026-09-28 13:59:12.201 +05:45 [INF] Executed DbCommand (1ms) [Parameters=[@id='?' (DbType = Int32)], CommandType='"Text"', CommandTimeout='0']
SELECT TOP(1) [e].[Id], [e].[CreatedByUserId], [e].[DepartmentId], [e].[Description], [e].[EndDate], [e].[IsLocked], [e].[MinTenureYears], [e].[StartDate], [e].[Status], [e].[Title], [d].[Id], [d].[Name]
FROM [Elections] AS [e]
INNER JOIN [Departments] AS [d] ON [e].[DepartmentId] = [d].[Id]
WHERE [e].[Id] = @id
2026-09-28 13:59:12.215 +05:45 [INF] Executed DbCommand (1ms) [Parameters=[@electionId='?' (DbType = Int32)], CommandType='"Text"', CommandTimeout='0']
SELECT [c].[Id], [c].[ApplicationId], [c].[ElectionId], [c].[UserId], [u].[Id], [u].[DateJoined], [u].[DepartmentId], [u].[Email], [u].[Name], [u].[OtpCode], [u].[OtpExpiresAt], [u].[PasswordHash], [u].[Role], [u].[TokenVersion], [c0].[Id], [c0].[ElectionId], [c0].[RejectionReason], [c0].[ReviewedAt], [c0].[ReviewedByUserId], [c0].[Statement], [c0].[Status], [c0].[UserId]
FROM [Candidates] AS [c]
INNER JOIN [Users] AS [u] ON [c].[UserId] = [u].[Id]
INNER JOIN [CandidateApplications] AS [c0] ON [c].[ApplicationId] = [c0].[Id]
WHERE [c].[ElectionId] = @electionId
2026-09-28 13:59:12.222 +05:45 [INF] Executed action PollAndVotingSystem.Controllers.ElectionsController.Activate (PollAndVotingSystem) in 35.1062ms
2026-09-28 13:59:12.226 +05:45 [INF] Executed endpoint 'PollAndVotingSystem.Controllers.ElectionsController.Activate (PollAndVotingSystem)'
2026-09-28 13:59:12.232 +05:45 [ERR] Unhandled exception on /api/elections/3/activate
System.InvalidOperationException: Cannot activate an election with no approved candidates.
   at PollAndVotingSystem.Services.ElectionService.ActivateAsync(Int32 id)
   at PollAndVotingSystem.Controllers.ElectionsController.Activate(Int32 id)
   at Microsoft.AspNetCore.Mvc.Infrastructure.ActionMethodExecutor.TaskOfIActionResultExecutor.Execute(ActionContext actionContext, IActionResultTypeMapper mapper, ObjectMethodExecutor executor, Object controller, Object[] arguments)
   at Microsoft.AspNetCore.Mvc.Infrastructure.ControllerActionInvoker.<InvokeActionMethodAsync>g__Logged|12_1(ControllerActionInvoker invoker)
   at Microsoft.AspNetCore.Mvc.Infrastructure.ControllerActionInvoker.<InvokeNextActionFilterAsync>g__Awaited|10_0(ControllerActionInvoker invoker, Task lastTask, State next, Scope scope, Object state, Boolean isCompleted)
   at Microsoft.AspNetCore.Mvc.Infrastructure.ControllerActionInvoker.Rethrow(ActionExecutedContextSealed context)
   at Microsoft.AspNetCore.Mvc.Infrastructure.ControllerActionInvoker.Next(State& next, Scope& scope, Object& state, Boolean& isCompleted)
   at Microsoft.AspNetCore.Mvc.Infrastructure.ControllerActionInvoker.<InvokeInnerFilterAsync>g__Awaited|13_0(ControllerActionInvoker invoker, Task lastTask, State next, Scope scope, Object state, Boolean isCompleted)
   at Microsoft.AspNetCore.Mvc.Infrastructure.ResourceInvoker.<InvokeFilterPipelineAsync>g__Awaited|20_0(ResourceInvoker invoker, Task lastTask, State next, Scope scope, Object state, Boolean isCompleted)
   at Microsoft.AspNetCore.Mvc.Infrastructure.ResourceInvoker.<InvokeAsync>g__Logged|17_1(ResourceInvoker invoker)
   at Microsoft.AspNetCore.Mvc.Infrastructure.ResourceInvoker.<InvokeAsync>g__Logged|17_1(ResourceInvoker invoker)
   at Microsoft.AspNetCore.Routing.EndpointMiddleware.<Invoke>g__AwaitRequestTask|7_0(Endpoint endpoint, Task requestTask, ILogger logger)
   at Microsoft.AspNetCore.Authorization.AuthorizationMiddleware.Invoke(HttpContext context)
   at Microsoft.AspNetCore.Authentication.AuthenticationMiddleware.Invoke(HttpContext context)
   at PollAndVotingSystem.Middleware.ExceptionHandlingMiddleware.InvokeAsync(HttpContext context, ApplicationDbContext dbContext)
2026-09-28 13:59:12.256 +05:45 [INF] Executed DbCommand (2ms) [Parameters=[@p0='?' (Size = 4000), @p1='?' (Size = 4000), @p2='?' (Size = 4000), @p3='?' (Size = 4000), @p4='?' (DbType = Int32), @p5='?' (DbType = DateTime2), @p6='?' (Size = 4000)], CommandType='"Text"', CommandTimeout='0']
SET IMPLICIT_TRANSACTIONS OFF;
SET NOCOUNT ON;
INSERT INTO [ErrorLogs] ([ExceptionType], [Message], [Path], [StackTrace], [StatusCode], [Timestamp], [UserId])
OUTPUT INSERTED.[Id]
VALUES (@p0, @p1, @p2, @p3, @p4, @p5, @p6);
2026-09-28 13:59:12.264 +05:45 [INF] Request finished HTTP/1.1 PUT http://localhost:5145/api/elections/3/activate - 400 null application/json 114.367ms
2026-09-28 13:59:23.095 +05:45 [INF] Request starting HTTP/1.1 OPTIONS http://localhost:5145/api/elections/3/activate - null null
2026-09-28 13:59:23.103 +05:45 [INF] CORS policy execution successful.
2026-09-28 13:59:23.105 +05:45 [INF] Request finished HTTP/1.1 OPTIONS http://localhost:5145/api/elections/3/activate - 204 null null 9.8771ms
2026-09-28 13:59:23.121 +05:45 [INF] Request starting HTTP/1.1 PUT http://localhost:5145/api/elections/3/activate - application/json 2
2026-09-28 13:59:23.130 +05:45 [INF] CORS policy execution successful.
2026-09-28 13:59:23.141 +05:45 [INF] Executed DbCommand (1ms) [Parameters=[@p='?' (DbType = Int32)], CommandType='"Text"', CommandTimeout='0']
SELECT TOP(1) [u].[Id], [u].[DateJoined], [u].[DepartmentId], [u].[Email], [u].[Name], [u].[OtpCode], [u].[OtpExpiresAt], [u].[PasswordHash], [u].[Role], [u].[TokenVersion]
FROM [Users] AS [u]
WHERE [u].[Id] = @p
2026-09-28 13:59:23.149 +05:45 [INF] Executing endpoint 'PollAndVotingSystem.Controllers.ElectionsController.Activate (PollAndVotingSystem)'
2026-09-28 13:59:23.152 +05:45 [INF] Route matched with {action = "Activate", controller = "Elections"}. Executing controller action with signature System.Threading.Tasks.Task`1[Microsoft.AspNetCore.Mvc.IActionResult] Activate(Int32) on controller PollAndVotingSystem.Controllers.ElectionsController (PollAndVotingSystem).
2026-09-28 13:59:23.158 +05:45 [INF] Executing action method PollAndVotingSystem.Controllers.ElectionsController.Activate (PollAndVotingSystem) - Validation state: "Valid"
2026-09-28 13:59:23.170 +05:45 [INF] Executed DbCommand (1ms) [Parameters=[@id='?' (DbType = Int32)], CommandType='"Text"', CommandTimeout='0']
SELECT TOP(1) [e].[Id], [e].[CreatedByUserId], [e].[DepartmentId], [e].[Description], [e].[EndDate], [e].[IsLocked], [e].[MinTenureYears], [e].[StartDate], [e].[Status], [e].[Title], [d].[Id], [d].[Name]
FROM [Elections] AS [e]
INNER JOIN [Departments] AS [d] ON [e].[DepartmentId] = [d].[Id]
WHERE [e].[Id] = @id
2026-09-28 13:59:23.182 +05:45 [INF] Executed DbCommand (0ms) [Parameters=[@electionId='?' (DbType = Int32)], CommandType='"Text"', CommandTimeout='0']
SELECT [c].[Id], [c].[ApplicationId], [c].[ElectionId], [c].[UserId], [u].[Id], [u].[DateJoined], [u].[DepartmentId], [u].[Email], [u].[Name], [u].[OtpCode], [u].[OtpExpiresAt], [u].[PasswordHash], [u].[Role], [u].[TokenVersion], [c0].[Id], [c0].[ElectionId], [c0].[RejectionReason], [c0].[ReviewedAt], [c0].[ReviewedByUserId], [c0].[Statement], [c0].[Status], [c0].[UserId]
FROM [Candidates] AS [c]
INNER JOIN [Users] AS [u] ON [c].[UserId] = [u].[Id]
INNER JOIN [CandidateApplications] AS [c0] ON [c].[ApplicationId] = [c0].[Id]
WHERE [c].[ElectionId] = @electionId
2026-09-28 13:59:23.187 +05:45 [INF] Executed action PollAndVotingSystem.Controllers.ElectionsController.Activate (PollAndVotingSystem) in 29.4661ms
2026-09-28 13:59:23.191 +05:45 [INF] Executed endpoint 'PollAndVotingSystem.Controllers.ElectionsController.Activate (PollAndVotingSystem)'
2026-09-28 13:59:23.205 +05:45 [ERR] Unhandled exception on /api/elections/3/activate
System.InvalidOperationException: Cannot activate an election with no approved candidates.
   at PollAndVotingSystem.Services.ElectionService.ActivateAsync(Int32 id)
   at PollAndVotingSystem.Controllers.ElectionsController.Activate(Int32 id)
   at Microsoft.AspNetCore.Mvc.Infrastructure.ActionMethodExecutor.TaskOfIActionResultExecutor.Execute(ActionContext actionContext, IActionResultTypeMapper mapper, ObjectMethodExecutor executor, Object controller, Object[] arguments)
   at Microsoft.AspNetCore.Mvc.Infrastructure.ControllerActionInvoker.<InvokeActionMethodAsync>g__Logged|12_1(ControllerActionInvoker invoker)
   at Microsoft.AspNetCore.Mvc.Infrastructure.ControllerActionInvoker.<InvokeNextActionFilterAsync>g__Awaited|10_0(ControllerActionInvoker invoker, Task lastTask, State next, Scope scope, Object state, Boolean isCompleted)
   at Microsoft.AspNetCore.Mvc.Infrastructure.ControllerActionInvoker.Rethrow(ActionExecutedContextSealed context)
   at Microsoft.AspNetCore.Mvc.Infrastructure.ControllerActionInvoker.Next(State& next, Scope& scope, Object& state, Boolean& isCompleted)
   at Microsoft.AspNetCore.Mvc.Infrastructure.ControllerActionInvoker.<InvokeInnerFilterAsync>g__Awaited|13_0(ControllerActionInvoker invoker, Task lastTask, State next, Scope scope, Object state, Boolean isCompleted)
   at Microsoft.AspNetCore.Mvc.Infrastructure.ResourceInvoker.<InvokeFilterPipelineAsync>g__Awaited|20_0(ResourceInvoker invoker, Task lastTask, State next, Scope scope, Object state, Boolean isCompleted)
   at Microsoft.AspNetCore.Mvc.Infrastructure.ResourceInvoker.<InvokeAsync>g__Logged|17_1(ResourceInvoker invoker)
   at Microsoft.AspNetCore.Mvc.Infrastructure.ResourceInvoker.<InvokeAsync>g__Logged|17_1(ResourceInvoker invoker)
   at Microsoft.AspNetCore.Routing.EndpointMiddleware.<Invoke>g__AwaitRequestTask|7_0(Endpoint endpoint, Task requestTask, ILogger logger)
   at Microsoft.AspNetCore.Authorization.AuthorizationMiddleware.Invoke(HttpContext context)
   at Microsoft.AspNetCore.Authentication.AuthenticationMiddleware.Invoke(HttpContext context)
   at PollAndVotingSystem.Middleware.ExceptionHandlingMiddleware.InvokeAsync(HttpContext context, ApplicationDbContext dbContext)
2026-09-28 13:59:23.239 +05:45 [INF] Executed DbCommand (3ms) [Parameters=[@p0='?' (Size = 4000), @p1='?' (Size = 4000), @p2='?' (Size = 4000), @p3='?' (Size = 4000), @p4='?' (DbType = Int32), @p5='?' (DbType = DateTime2), @p6='?' (Size = 4000)], CommandType='"Text"', CommandTimeout='0']
SET IMPLICIT_TRANSACTIONS OFF;
SET NOCOUNT ON;
INSERT INTO [ErrorLogs] ([ExceptionType], [Message], [Path], [StackTrace], [StatusCode], [Timestamp], [UserId])
OUTPUT INSERTED.[Id]
VALUES (@p0, @p1, @p2, @p3, @p4, @p5, @p6);
2026-09-28 13:59:23.246 +05:45 [INF] Request finished HTTP/1.1 PUT http://localhost:5145/api/elections/3/activate - 400 null application/json 124.7634ms
2026-09-28 13:59:25.252 +05:45 [INF] Request starting HTTP/1.1 OPTIONS http://localhost:5145/api/departments - null null
2026-09-28 13:59:25.260 +05:45 [INF] CORS policy execution successful.
2026-09-28 13:59:25.263 +05:45 [INF] Request finished HTTP/1.1 OPTIONS http://localhost:5145/api/departments - 204 null null 10.7166ms
2026-09-28 13:59:25.277 +05:45 [INF] Request starting HTTP/1.1 GET http://localhost:5145/api/departments - null null
2026-09-28 13:59:25.284 +05:45 [INF] CORS policy execution successful.
2026-09-28 13:59:25.294 +05:45 [INF] Executed DbCommand (1ms) [Parameters=[@p='?' (DbType = Int32)], CommandType='"Text"', CommandTimeout='0']
SELECT TOP(1) [u].[Id], [u].[DateJoined], [u].[DepartmentId], [u].[Email], [u].[Name], [u].[OtpCode], [u].[OtpExpiresAt], [u].[PasswordHash], [u].[Role], [u].[TokenVersion]
FROM [Users] AS [u]
WHERE [u].[Id] = @p
2026-09-28 13:59:25.304 +05:45 [INF] Executing endpoint 'PollAndVotingSystem.Controllers.DepartmentsController.GetAll (PollAndVotingSystem)'
2026-09-28 13:59:25.318 +05:45 [INF] Route matched with {action = "GetAll", controller = "Departments"}. Executing controller action with signature System.Threading.Tasks.Task`1[Microsoft.AspNetCore.Mvc.IActionResult] GetAll() on controller PollAndVotingSystem.Controllers.DepartmentsController (PollAndVotingSystem).
2026-09-28 13:59:25.324 +05:45 [INF] Executing action method PollAndVotingSystem.Controllers.DepartmentsController.GetAll (PollAndVotingSystem) - Validation state: "Valid"
2026-09-28 13:59:25.369 +05:45 [INF] Executed DbCommand (2ms) [Parameters=[], CommandType='"Text"', CommandTimeout='0']
SELECT [d].[Id], [d].[Name]
FROM [Departments] AS [d]
2026-09-28 13:59:25.377 +05:45 [INF] Executed action method PollAndVotingSystem.Controllers.DepartmentsController.GetAll (PollAndVotingSystem), returned result Microsoft.AspNetCore.Mvc.OkObjectResult in 48.5855ms.
2026-09-28 13:59:25.385 +05:45 [INF] Executing OkObjectResult, writing value of type 'System.Linq.Enumerable+ListSelectIterator`2[[PollAndVotingSystem.Models.Department, PollAndVotingSystem, Version=1.0.0.0, Culture=neutral, PublicKeyToken=null],[PollAndVotingSystem.DTOs.Department.DepartmentResponseDto, PollAndVotingSystem, Version=1.0.0.0, Culture=neutral, PublicKeyToken=null]]'.
2026-09-28 13:59:25.404 +05:45 [INF] Executed action PollAndVotingSystem.Controllers.DepartmentsController.GetAll (PollAndVotingSystem) in 80.2032ms
2026-09-28 13:59:25.409 +05:45 [INF] Executed endpoint 'PollAndVotingSystem.Controllers.DepartmentsController.GetAll (PollAndVotingSystem)'
2026-09-28 13:59:25.415 +05:45 [INF] Request finished HTTP/1.1 GET http://localhost:5145/api/departments - 200 null application/json; charset=utf-8 137.7283ms
2026-09-28 13:59:25.433 +05:45 [INF] Request starting HTTP/1.1 OPTIONS http://localhost:5145/api/elections/3 - null null
2026-09-28 13:59:25.443 +05:45 [INF] CORS policy execution successful.
2026-09-28 13:59:25.448 +05:45 [INF] Request finished HTTP/1.1 OPTIONS http://localhost:5145/api/elections/3 - 204 null null 15.3441ms
2026-09-28 13:59:25.467 +05:45 [INF] Request starting HTTP/1.1 GET http://localhost:5145/api/elections/3 - null null
2026-09-28 13:59:25.482 +05:45 [INF] CORS policy execution successful.
2026-09-28 13:59:25.495 +05:45 [INF] Executed DbCommand (1ms) [Parameters=[@p='?' (DbType = Int32)], CommandType='"Text"', CommandTimeout='0']
SELECT TOP(1) [u].[Id], [u].[DateJoined], [u].[DepartmentId], [u].[Email], [u].[Name], [u].[OtpCode], [u].[OtpExpiresAt], [u].[PasswordHash], [u].[Role], [u].[TokenVersion]
FROM [Users] AS [u]
WHERE [u].[Id] = @p
2026-09-28 13:59:25.503 +05:45 [INF] Executing endpoint 'PollAndVotingSystem.Controllers.ElectionsController.GetById (PollAndVotingSystem)'
2026-09-28 13:59:25.508 +05:45 [INF] Route matched with {action = "GetById", controller = "Elections"}. Executing controller action with signature System.Threading.Tasks.Task`1[Microsoft.AspNetCore.Mvc.IActionResult] GetById(Int32) on controller PollAndVotingSystem.Controllers.ElectionsController (PollAndVotingSystem).
2026-09-28 13:59:25.517 +05:45 [INF] Executing action method PollAndVotingSystem.Controllers.ElectionsController.GetById (PollAndVotingSystem) - Validation state: "Valid"
2026-09-28 13:59:25.533 +05:45 [INF] Executed DbCommand (2ms) [Parameters=[@id='?' (DbType = Int32)], CommandType='"Text"', CommandTimeout='0']
SELECT TOP(1) [e].[Id], [e].[CreatedByUserId], [e].[DepartmentId], [e].[Description], [e].[EndDate], [e].[IsLocked], [e].[MinTenureYears], [e].[StartDate], [e].[Status], [e].[Title], [d].[Id], [d].[Name]
FROM [Elections] AS [e]
INNER JOIN [Departments] AS [d] ON [e].[DepartmentId] = [d].[Id]
WHERE [e].[Id] = @id
2026-09-28 13:59:25.541 +05:45 [INF] Executed action method PollAndVotingSystem.Controllers.ElectionsController.GetById (PollAndVotingSystem), returned result Microsoft.AspNetCore.Mvc.OkObjectResult in 18.9994ms.
2026-09-28 13:59:25.549 +05:45 [INF] Executing OkObjectResult, writing value of type 'PollAndVotingSystem.DTOs.Election.ElectionResponseDto'.
2026-09-28 13:59:25.555 +05:45 [INF] Executed action PollAndVotingSystem.Controllers.ElectionsController.GetById (PollAndVotingSystem) in 38.1008ms
2026-09-28 13:59:25.559 +05:45 [INF] Executed endpoint 'PollAndVotingSystem.Controllers.ElectionsController.GetById (PollAndVotingSystem)'
2026-09-28 13:59:25.566 +05:45 [INF] Request finished HTTP/1.1 GET http://localhost:5145/api/elections/3 - 200 null application/json; charset=utf-8 99.4715ms
2026-09-28 13:59:27.227 +05:45 [INF] Request starting HTTP/1.1 GET http://localhost:5145/api/elections/3 - null null
2026-09-28 13:59:27.232 +05:45 [INF] CORS policy execution successful.
2026-09-28 13:59:27.247 +05:45 [INF] Executed DbCommand (0ms) [Parameters=[@p='?' (DbType = Int32)], CommandType='"Text"', CommandTimeout='0']
SELECT TOP(1) [u].[Id], [u].[DateJoined], [u].[DepartmentId], [u].[Email], [u].[Name], [u].[OtpCode], [u].[OtpExpiresAt], [u].[PasswordHash], [u].[Role], [u].[TokenVersion]
FROM [Users] AS [u]
WHERE [u].[Id] = @p
2026-09-28 13:59:27.252 +05:45 [INF] Executing endpoint 'PollAndVotingSystem.Controllers.ElectionsController.GetById (PollAndVotingSystem)'
2026-09-28 13:59:27.254 +05:45 [INF] Route matched with {action = "GetById", controller = "Elections"}. Executing controller action with signature System.Threading.Tasks.Task`1[Microsoft.AspNetCore.Mvc.IActionResult] GetById(Int32) on controller PollAndVotingSystem.Controllers.ElectionsController (PollAndVotingSystem).
2026-09-28 13:59:27.260 +05:45 [INF] Executing action method PollAndVotingSystem.Controllers.ElectionsController.GetById (PollAndVotingSystem) - Validation state: "Valid"
2026-09-28 13:59:27.272 +05:45 [INF] Executed DbCommand (1ms) [Parameters=[@id='?' (DbType = Int32)], CommandType='"Text"', CommandTimeout='0']
SELECT TOP(1) [e].[Id], [e].[CreatedByUserId], [e].[DepartmentId], [e].[Description], [e].[EndDate], [e].[IsLocked], [e].[MinTenureYears], [e].[StartDate], [e].[Status], [e].[Title], [d].[Id], [d].[Name]
FROM [Elections] AS [e]
INNER JOIN [Departments] AS [d] ON [e].[DepartmentId] = [d].[Id]
WHERE [e].[Id] = @id
2026-09-28 13:59:27.279 +05:45 [INF] Executed action method PollAndVotingSystem.Controllers.ElectionsController.GetById (PollAndVotingSystem), returned result Microsoft.AspNetCore.Mvc.OkObjectResult in 15.0339ms.
2026-09-28 13:59:27.283 +05:45 [INF] Executing OkObjectResult, writing value of type 'PollAndVotingSystem.DTOs.Election.ElectionResponseDto'.
2026-09-28 13:59:27.288 +05:45 [INF] Executed action PollAndVotingSystem.Controllers.ElectionsController.GetById (PollAndVotingSystem) in 27.9752ms
2026-09-28 13:59:27.291 +05:45 [INF] Executed endpoint 'PollAndVotingSystem.Controllers.ElectionsController.GetById (PollAndVotingSystem)'
2026-09-28 13:59:27.295 +05:45 [INF] Request finished HTTP/1.1 GET http://localhost:5145/api/elections/3 - 200 null application/json; charset=utf-8 67.6292ms
2026-09-28 13:59:27.305 +05:45 [INF] Request starting HTTP/1.1 OPTIONS http://localhost:5145/api/candidateapplications/election/3 - null null
2026-09-28 13:59:27.317 +05:45 [INF] CORS policy execution successful.
2026-09-28 13:59:27.321 +05:45 [INF] Request finished HTTP/1.1 OPTIONS http://localhost:5145/api/candidateapplications/election/3 - 204 null null 15.7822ms
2026-09-28 13:59:27.334 +05:45 [INF] Request starting HTTP/1.1 GET http://localhost:5145/api/candidateapplications/election/3 - null null
2026-09-28 13:59:27.344 +05:45 [INF] CORS policy execution successful.
2026-09-28 13:59:27.355 +05:45 [INF] Executed DbCommand (0ms) [Parameters=[@p='?' (DbType = Int32)], CommandType='"Text"', CommandTimeout='0']
SELECT TOP(1) [u].[Id], [u].[DateJoined], [u].[DepartmentId], [u].[Email], [u].[Name], [u].[OtpCode], [u].[OtpExpiresAt], [u].[PasswordHash], [u].[Role], [u].[TokenVersion]
FROM [Users] AS [u]
WHERE [u].[Id] = @p
2026-09-28 13:59:27.360 +05:45 [INF] Executing endpoint 'PollAndVotingSystem.Controllers.CandidateApplicationsController.GetByElection (PollAndVotingSystem)'
2026-09-28 13:59:27.367 +05:45 [INF] Route matched with {action = "GetByElection", controller = "CandidateApplications"}. Executing controller action with signature System.Threading.Tasks.Task`1[Microsoft.AspNetCore.Mvc.IActionResult] GetByElection(Int32) on controller PollAndVotingSystem.Controllers.CandidateApplicationsController (PollAndVotingSystem).
2026-09-28 13:59:27.373 +05:45 [INF] Executing action method PollAndVotingSystem.Controllers.CandidateApplicationsController.GetByElection (PollAndVotingSystem) - Validation state: "Valid"
2026-09-28 13:59:27.385 +05:45 [INF] Executed DbCommand (1ms) [Parameters=[@electionId='?' (DbType = Int32)], CommandType='"Text"', CommandTimeout='0']
SELECT [c].[Id], [c].[ElectionId], [c].[RejectionReason], [c].[ReviewedAt], [c].[ReviewedByUserId], [c].[Statement], [c].[Status], [c].[UserId], [u].[Id], [u].[DateJoined], [u].[DepartmentId], [u].[Email], [u].[Name], [u].[OtpCode], [u].[OtpExpiresAt], [u].[PasswordHash], [u].[Role], [u].[TokenVersion]
FROM [CandidateApplications] AS [c]
INNER JOIN [Users] AS [u] ON [c].[UserId] = [u].[Id]
WHERE [c].[ElectionId] = @electionId
2026-09-28 13:59:27.390 +05:45 [INF] Executed action method PollAndVotingSystem.Controllers.CandidateApplicationsController.GetByElection (PollAndVotingSystem), returned result Microsoft.AspNetCore.Mvc.OkObjectResult in 13.2797ms.
2026-09-28 13:59:27.396 +05:45 [INF] Executing OkObjectResult, writing value of type 'System.Collections.Generic.List`1[[PollAndVotingSystem.DTOs.CandidateApplication.CandidateApplicationResponseDto, PollAndVotingSystem, Version=1.0.0.0, Culture=neutral, PublicKeyToken=null]]'.
2026-09-28 13:59:27.400 +05:45 [INF] Executed action PollAndVotingSystem.Controllers.CandidateApplicationsController.GetByElection (PollAndVotingSystem) in 27.3978ms
2026-09-28 13:59:27.405 +05:45 [INF] Executed endpoint 'PollAndVotingSystem.Controllers.CandidateApplicationsController.GetByElection (PollAndVotingSystem)'
2026-09-28 13:59:27.409 +05:45 [INF] Request finished HTTP/1.1 GET http://localhost:5145/api/candidateapplications/election/3 - 200 null application/json; charset=utf-8 75.0003ms
2026-09-28 13:59:27.427 +05:45 [INF] Request starting HTTP/1.1 OPTIONS http://localhost:5145/api/votes/election/3/results - null null
2026-09-28 13:59:27.442 +05:45 [INF] CORS policy execution successful.
2026-09-28 13:59:27.448 +05:45 [INF] Request finished HTTP/1.1 OPTIONS http://localhost:5145/api/votes/election/3/results - 204 null null 21.5191ms
2026-09-28 13:59:27.464 +05:45 [INF] Request starting HTTP/1.1 GET http://localhost:5145/api/votes/election/3/results - null null
2026-09-28 13:59:27.473 +05:45 [INF] CORS policy execution successful.
2026-09-28 13:59:27.483 +05:45 [INF] Executed DbCommand (0ms) [Parameters=[@p='?' (DbType = Int32)], CommandType='"Text"', CommandTimeout='0']
SELECT TOP(1) [u].[Id], [u].[DateJoined], [u].[DepartmentId], [u].[Email], [u].[Name], [u].[OtpCode], [u].[OtpExpiresAt], [u].[PasswordHash], [u].[Role], [u].[TokenVersion]
FROM [Users] AS [u]
WHERE [u].[Id] = @p
2026-09-28 13:59:27.488 +05:45 [INF] Executing endpoint 'PollAndVotingSystem.Controllers.VotesController.GetResults (PollAndVotingSystem)'
2026-09-28 13:59:27.491 +05:45 [INF] Route matched with {action = "GetResults", controller = "Votes"}. Executing controller action with signature System.Threading.Tasks.Task`1[Microsoft.AspNetCore.Mvc.IActionResult] GetResults(Int32) on controller PollAndVotingSystem.Controllers.VotesController (PollAndVotingSystem).
2026-09-28 13:59:27.496 +05:45 [INF] Executing action method PollAndVotingSystem.Controllers.VotesController.GetResults (PollAndVotingSystem) - Validation state: "Valid"
2026-09-28 13:59:27.504 +05:45 [INF] Executed DbCommand (0ms) [Parameters=[@p='?' (DbType = Int32)], CommandType='"Text"', CommandTimeout='0']
SELECT TOP(1) [e].[Id], [e].[CreatedByUserId], [e].[DepartmentId], [e].[Description], [e].[EndDate], [e].[IsLocked], [e].[MinTenureYears], [e].[StartDate], [e].[Status], [e].[Title]
FROM [Elections] AS [e]
WHERE [e].[Id] = @p
2026-09-28 13:59:27.515 +05:45 [INF] Executed DbCommand (1ms) [Parameters=[@electionId='?' (DbType = Int32)], CommandType='"Text"', CommandTimeout='0']
SELECT [v].[Id], [v].[CandidateId], [v].[ElectionId], [v].[Timestamp], [v].[VoterId], [c].[Id], [c].[ApplicationId], [c].[ElectionId], [c].[UserId], [u].[Id], [u].[DateJoined], [u].[DepartmentId], [u].[Email], [u].[Name], [u].[OtpCode], [u].[OtpExpiresAt], [u].[PasswordHash], [u].[Role], [u].[TokenVersion]
FROM [Votes] AS [v]
INNER JOIN [Candidates] AS [c] ON [v].[CandidateId] = [c].[Id]
INNER JOIN [Users] AS [u] ON [c].[UserId] = [u].[Id]
WHERE [v].[ElectionId] = @electionId
2026-09-28 13:59:27.521 +05:45 [INF] Executed action method PollAndVotingSystem.Controllers.VotesController.GetResults (PollAndVotingSystem), returned result Microsoft.AspNetCore.Mvc.OkObjectResult in 21.637ms.
2026-09-28 13:59:27.527 +05:45 [INF] Executing OkObjectResult, writing value of type 'PollAndVotingSystem.DTOs.Vote.ElectionResultsResponseDto'.
2026-09-28 13:59:27.533 +05:45 [INF] Executed action PollAndVotingSystem.Controllers.VotesController.GetResults (PollAndVotingSystem) in 37.0771ms
2026-09-28 13:59:27.536 +05:45 [INF] Executed endpoint 'PollAndVotingSystem.Controllers.VotesController.GetResults (PollAndVotingSystem)'
2026-09-28 13:59:27.539 +05:45 [INF] Request finished HTTP/1.1 GET http://localhost:5145/api/votes/election/3/results - 200 null application/json; charset=utf-8 75.3757ms
2026-09-28 13:59:27.695 +05:45 [INF] Request starting HTTP/1.1 OPTIONS http://localhost:5145/api/elections - null null
2026-09-28 13:59:27.724 +05:45 [INF] CORS policy execution successful.
2026-09-28 13:59:27.729 +05:45 [INF] Request finished HTTP/1.1 OPTIONS http://localhost:5145/api/elections - 204 null null 33.4206ms
2026-09-28 13:59:27.740 +05:45 [INF] Request starting HTTP/1.1 GET http://localhost:5145/api/elections - null null
2026-09-28 13:59:27.744 +05:45 [INF] CORS policy execution successful.
2026-09-28 13:59:27.755 +05:45 [INF] Executed DbCommand (1ms) [Parameters=[@p='?' (DbType = Int32)], CommandType='"Text"', CommandTimeout='0']
SELECT TOP(1) [u].[Id], [u].[DateJoined], [u].[DepartmentId], [u].[Email], [u].[Name], [u].[OtpCode], [u].[OtpExpiresAt], [u].[PasswordHash], [u].[Role], [u].[TokenVersion]
FROM [Users] AS [u]
WHERE [u].[Id] = @p
2026-09-28 13:59:27.759 +05:45 [INF] Executing endpoint 'PollAndVotingSystem.Controllers.ElectionsController.GetAll (PollAndVotingSystem)'
2026-09-28 13:59:27.763 +05:45 [INF] Route matched with {action = "GetAll", controller = "Elections"}. Executing controller action with signature System.Threading.Tasks.Task`1[Microsoft.AspNetCore.Mvc.IActionResult] GetAll() on controller PollAndVotingSystem.Controllers.ElectionsController (PollAndVotingSystem).
2026-09-28 13:59:27.768 +05:45 [INF] Executing action method PollAndVotingSystem.Controllers.ElectionsController.GetAll (PollAndVotingSystem) - Validation state: "Valid"
2026-09-28 13:59:27.782 +05:45 [INF] Executed DbCommand (2ms) [Parameters=[@departmentId='?' (DbType = Int32)], CommandType='"Text"', CommandTimeout='0']
SELECT [e].[Id], [e].[CreatedByUserId], [e].[DepartmentId], [e].[Description], [e].[EndDate], [e].[IsLocked], [e].[MinTenureYears], [e].[StartDate], [e].[Status], [e].[Title], [d].[Id], [d].[Name]
FROM [Elections] AS [e]
INNER JOIN [Departments] AS [d] ON [e].[DepartmentId] = [d].[Id]
WHERE [e].[DepartmentId] = @departmentId
ORDER BY [e].[StartDate] DESC
2026-09-28 13:59:27.787 +05:45 [INF] Executed action method PollAndVotingSystem.Controllers.ElectionsController.GetAll (PollAndVotingSystem), returned result Microsoft.AspNetCore.Mvc.OkObjectResult in 15.5406ms.
2026-09-28 13:59:27.791 +05:45 [INF] Executing OkObjectResult, writing value of type 'System.Collections.Generic.List`1[[PollAndVotingSystem.DTOs.Election.ElectionResponseDto, PollAndVotingSystem, Version=1.0.0.0, Culture=neutral, PublicKeyToken=null]]'.
2026-09-28 13:59:27.795 +05:45 [INF] Executed action PollAndVotingSystem.Controllers.ElectionsController.GetAll (PollAndVotingSystem) in 26.8266ms
2026-09-28 13:59:27.800 +05:45 [INF] Executed endpoint 'PollAndVotingSystem.Controllers.ElectionsController.GetAll (PollAndVotingSystem)'
2026-09-28 13:59:27.803 +05:45 [INF] Request finished HTTP/1.1 GET http://localhost:5145/api/elections - 200 null application/json; charset=utf-8 63.1799ms
2026-09-28 13:59:28.961 +05:45 [INF] Request starting HTTP/1.1 OPTIONS http://localhost:5145/api/elections/2 - null null
2026-09-28 13:59:28.970 +05:45 [INF] CORS policy execution successful.
2026-09-28 13:59:28.973 +05:45 [INF] Request finished HTTP/1.1 OPTIONS http://localhost:5145/api/elections/2 - 204 null null 11.9886ms
2026-09-28 13:59:28.982 +05:45 [INF] Request starting HTTP/1.1 GET http://localhost:5145/api/elections/2 - null null
2026-09-28 13:59:28.988 +05:45 [INF] CORS policy execution successful.
2026-09-28 13:59:28.996 +05:45 [INF] Executed DbCommand (1ms) [Parameters=[@p='?' (DbType = Int32)], CommandType='"Text"', CommandTimeout='0']
SELECT TOP(1) [u].[Id], [u].[DateJoined], [u].[DepartmentId], [u].[Email], [u].[Name], [u].[OtpCode], [u].[OtpExpiresAt], [u].[PasswordHash], [u].[Role], [u].[TokenVersion]
FROM [Users] AS [u]
WHERE [u].[Id] = @p
2026-09-28 13:59:29.001 +05:45 [INF] Executing endpoint 'PollAndVotingSystem.Controllers.ElectionsController.GetById (PollAndVotingSystem)'
2026-09-28 13:59:29.004 +05:45 [INF] Route matched with {action = "GetById", controller = "Elections"}. Executing controller action with signature System.Threading.Tasks.Task`1[Microsoft.AspNetCore.Mvc.IActionResult] GetById(Int32) on controller PollAndVotingSystem.Controllers.ElectionsController (PollAndVotingSystem).
2026-09-28 13:59:29.009 +05:45 [INF] Executing action method PollAndVotingSystem.Controllers.ElectionsController.GetById (PollAndVotingSystem) - Validation state: "Valid"
2026-09-28 13:59:29.027 +05:45 [INF] Executed DbCommand (1ms) [Parameters=[@id='?' (DbType = Int32)], CommandType='"Text"', CommandTimeout='0']
SELECT TOP(1) [e].[Id], [e].[CreatedByUserId], [e].[DepartmentId], [e].[Description], [e].[EndDate], [e].[IsLocked], [e].[MinTenureYears], [e].[StartDate], [e].[Status], [e].[Title], [d].[Id], [d].[Name]
FROM [Elections] AS [e]
INNER JOIN [Departments] AS [d] ON [e].[DepartmentId] = [d].[Id]
WHERE [e].[Id] = @id
2026-09-28 13:59:29.035 +05:45 [INF] Executed action method PollAndVotingSystem.Controllers.ElectionsController.GetById (PollAndVotingSystem), returned result Microsoft.AspNetCore.Mvc.OkObjectResult in 21.8165ms.
2026-09-28 13:59:29.039 +05:45 [INF] Executing OkObjectResult, writing value of type 'PollAndVotingSystem.DTOs.Election.ElectionResponseDto'.
2026-09-28 13:59:29.043 +05:45 [INF] Executed action PollAndVotingSystem.Controllers.ElectionsController.GetById (PollAndVotingSystem) in 34.5789ms
2026-09-28 13:59:29.047 +05:45 [INF] Executed endpoint 'PollAndVotingSystem.Controllers.ElectionsController.GetById (PollAndVotingSystem)'
2026-09-28 13:59:29.051 +05:45 [INF] Request finished HTTP/1.1 GET http://localhost:5145/api/elections/2 - 200 null application/json; charset=utf-8 68.3216ms
2026-09-28 13:59:29.062 +05:45 [INF] Request starting HTTP/1.1 OPTIONS http://localhost:5145/api/candidateapplications/election/2 - null null
2026-09-28 13:59:29.070 +05:45 [INF] CORS policy execution successful.
2026-09-28 13:59:29.074 +05:45 [INF] Request finished HTTP/1.1 OPTIONS http://localhost:5145/api/candidateapplications/election/2 - 204 null null 11.5704ms
2026-09-28 13:59:29.085 +05:45 [INF] Request starting HTTP/1.1 GET http://localhost:5145/api/candidateapplications/election/2 - null null
2026-09-28 13:59:29.096 +05:45 [INF] CORS policy execution successful.
2026-09-28 13:59:29.105 +05:45 [INF] Executed DbCommand (1ms) [Parameters=[@p='?' (DbType = Int32)], CommandType='"Text"', CommandTimeout='0']
SELECT TOP(1) [u].[Id], [u].[DateJoined], [u].[DepartmentId], [u].[Email], [u].[Name], [u].[OtpCode], [u].[OtpExpiresAt], [u].[PasswordHash], [u].[Role], [u].[TokenVersion]
FROM [Users] AS [u]
WHERE [u].[Id] = @p
2026-09-28 13:59:29.112 +05:45 [INF] Executing endpoint 'PollAndVotingSystem.Controllers.CandidateApplicationsController.GetByElection (PollAndVotingSystem)'
2026-09-28 13:59:29.115 +05:45 [INF] Route matched with {action = "GetByElection", controller = "CandidateApplications"}. Executing controller action with signature System.Threading.Tasks.Task`1[Microsoft.AspNetCore.Mvc.IActionResult] GetByElection(Int32) on controller PollAndVotingSystem.Controllers.CandidateApplicationsController (PollAndVotingSystem).
2026-09-28 13:59:29.120 +05:45 [INF] Executing action method PollAndVotingSystem.Controllers.CandidateApplicationsController.GetByElection (PollAndVotingSystem) - Validation state: "Valid"
2026-09-28 13:59:29.132 +05:45 [INF] Executed DbCommand (1ms) [Parameters=[@electionId='?' (DbType = Int32)], CommandType='"Text"', CommandTimeout='0']
SELECT [c].[Id], [c].[ElectionId], [c].[RejectionReason], [c].[ReviewedAt], [c].[ReviewedByUserId], [c].[Statement], [c].[Status], [c].[UserId], [u].[Id], [u].[DateJoined], [u].[DepartmentId], [u].[Email], [u].[Name], [u].[OtpCode], [u].[OtpExpiresAt], [u].[PasswordHash], [u].[Role], [u].[TokenVersion]
FROM [CandidateApplications] AS [c]
INNER JOIN [Users] AS [u] ON [c].[UserId] = [u].[Id]
WHERE [c].[ElectionId] = @electionId
2026-09-28 13:59:29.137 +05:45 [INF] Executed action method PollAndVotingSystem.Controllers.CandidateApplicationsController.GetByElection (PollAndVotingSystem), returned result Microsoft.AspNetCore.Mvc.OkObjectResult in 13.7577ms.
2026-09-28 13:59:29.141 +05:45 [INF] Executing OkObjectResult, writing value of type 'System.Collections.Generic.List`1[[PollAndVotingSystem.DTOs.CandidateApplication.CandidateApplicationResponseDto, PollAndVotingSystem, Version=1.0.0.0, Culture=neutral, PublicKeyToken=null]]'.
2026-09-28 13:59:29.150 +05:45 [INF] Executed action PollAndVotingSystem.Controllers.CandidateApplicationsController.GetByElection (PollAndVotingSystem) in 30.3526ms
2026-09-28 13:59:29.155 +05:45 [INF] Executed endpoint 'PollAndVotingSystem.Controllers.CandidateApplicationsController.GetByElection (PollAndVotingSystem)'
2026-09-28 13:59:29.161 +05:45 [INF] Request finished HTTP/1.1 GET http://localhost:5145/api/candidateapplications/election/2 - 200 null application/json; charset=utf-8 75.2448ms
2026-09-28 13:59:29.176 +05:45 [INF] Request starting HTTP/1.1 OPTIONS http://localhost:5145/api/votes/election/2/results - null null
2026-09-28 13:59:29.187 +05:45 [INF] CORS policy execution successful.
2026-09-28 13:59:29.189 +05:45 [INF] Request finished HTTP/1.1 OPTIONS http://localhost:5145/api/votes/election/2/results - 204 null null 13.8075ms
2026-09-28 13:59:29.204 +05:45 [INF] Request starting HTTP/1.1 GET http://localhost:5145/api/votes/election/2/results - null null
2026-09-28 13:59:29.215 +05:45 [INF] CORS policy execution successful.
2026-09-28 13:59:29.224 +05:45 [INF] Executed DbCommand (1ms) [Parameters=[@p='?' (DbType = Int32)], CommandType='"Text"', CommandTimeout='0']
SELECT TOP(1) [u].[Id], [u].[DateJoined], [u].[DepartmentId], [u].[Email], [u].[Name], [u].[OtpCode], [u].[OtpExpiresAt], [u].[PasswordHash], [u].[Role], [u].[TokenVersion]
FROM [Users] AS [u]
WHERE [u].[Id] = @p
2026-09-28 13:59:29.233 +05:45 [INF] Executing endpoint 'PollAndVotingSystem.Controllers.VotesController.GetResults (PollAndVotingSystem)'
2026-09-28 13:59:29.236 +05:45 [INF] Route matched with {action = "GetResults", controller = "Votes"}. Executing controller action with signature System.Threading.Tasks.Task`1[Microsoft.AspNetCore.Mvc.IActionResult] GetResults(Int32) on controller PollAndVotingSystem.Controllers.VotesController (PollAndVotingSystem).
2026-09-28 13:59:29.241 +05:45 [INF] Executing action method PollAndVotingSystem.Controllers.VotesController.GetResults (PollAndVotingSystem) - Validation state: "Valid"
2026-09-28 13:59:29.260 +05:45 [INF] Executed DbCommand (1ms) [Parameters=[@p='?' (DbType = Int32)], CommandType='"Text"', CommandTimeout='0']
SELECT TOP(1) [e].[Id], [e].[CreatedByUserId], [e].[DepartmentId], [e].[Description], [e].[EndDate], [e].[IsLocked], [e].[MinTenureYears], [e].[StartDate], [e].[Status], [e].[Title]
FROM [Elections] AS [e]
WHERE [e].[Id] = @p
2026-09-28 13:59:29.280 +05:45 [INF] Executed DbCommand (1ms) [Parameters=[@electionId='?' (DbType = Int32)], CommandType='"Text"', CommandTimeout='0']
SELECT [v].[Id], [v].[CandidateId], [v].[ElectionId], [v].[Timestamp], [v].[VoterId], [c].[Id], [c].[ApplicationId], [c].[ElectionId], [c].[UserId], [u].[Id], [u].[DateJoined], [u].[DepartmentId], [u].[Email], [u].[Name], [u].[OtpCode], [u].[OtpExpiresAt], [u].[PasswordHash], [u].[Role], [u].[TokenVersion]
FROM [Votes] AS [v]
INNER JOIN [Candidates] AS [c] ON [v].[CandidateId] = [c].[Id]
INNER JOIN [Users] AS [u] ON [c].[UserId] = [u].[Id]
WHERE [v].[ElectionId] = @electionId
2026-09-28 13:59:29.288 +05:45 [INF] Executed action method PollAndVotingSystem.Controllers.VotesController.GetResults (PollAndVotingSystem), returned result Microsoft.AspNetCore.Mvc.OkObjectResult in 38.8891ms.
2026-09-28 13:59:29.294 +05:45 [INF] Executing OkObjectResult, writing value of type 'PollAndVotingSystem.DTOs.Vote.ElectionResultsResponseDto'.
2026-09-28 13:59:29.300 +05:45 [INF] Executed action PollAndVotingSystem.Controllers.VotesController.GetResults (PollAndVotingSystem) in 58.9533ms
2026-09-28 13:59:29.304 +05:45 [INF] Executed endpoint 'PollAndVotingSystem.Controllers.VotesController.GetResults (PollAndVotingSystem)'
2026-09-28 13:59:29.310 +05:45 [INF] Request finished HTTP/1.1 GET http://localhost:5145/api/votes/election/2/results - 200 null application/json; charset=utf-8 106.4554ms
2026-09-28 13:59:31.576 +05:45 [INF] Request starting HTTP/1.1 OPTIONS http://localhost:5145/api/candidateapplications/22/reject - null null
2026-09-28 13:59:31.581 +05:45 [INF] CORS policy execution successful.
2026-09-28 13:59:31.583 +05:45 [INF] Request finished HTTP/1.1 OPTIONS http://localhost:5145/api/candidateapplications/22/reject - 204 null null 6.9207ms
2026-09-28 13:59:31.593 +05:45 [INF] Request starting HTTP/1.1 PUT http://localhost:5145/api/candidateapplications/22/reject - application/json 44
2026-09-28 13:59:31.604 +05:45 [INF] CORS policy execution successful.
2026-09-28 13:59:31.615 +05:45 [INF] Executed DbCommand (1ms) [Parameters=[@p='?' (DbType = Int32)], CommandType='"Text"', CommandTimeout='0']
SELECT TOP(1) [u].[Id], [u].[DateJoined], [u].[DepartmentId], [u].[Email], [u].[Name], [u].[OtpCode], [u].[OtpExpiresAt], [u].[PasswordHash], [u].[Role], [u].[TokenVersion]
FROM [Users] AS [u]
WHERE [u].[Id] = @p
2026-09-28 13:59:31.619 +05:45 [INF] Executing endpoint 'PollAndVotingSystem.Controllers.CandidateApplicationsController.Reject (PollAndVotingSystem)'
2026-09-28 13:59:31.635 +05:45 [INF] Route matched with {action = "Reject", controller = "CandidateApplications"}. Executing controller action with signature System.Threading.Tasks.Task`1[Microsoft.AspNetCore.Mvc.IActionResult] Reject(Int32, PollAndVotingSystem.DTOs.CandidateApplication.ReviewRequestDto) on controller PollAndVotingSystem.Controllers.CandidateApplicationsController (PollAndVotingSystem).
2026-09-28 13:59:31.649 +05:45 [INF] Executing action method PollAndVotingSystem.Controllers.CandidateApplicationsController.Reject (PollAndVotingSystem) - Validation state: "Valid"
2026-09-28 13:59:31.701 +05:45 [INF] Executed DbCommand (6ms) [Parameters=[@id='?' (DbType = Int32)], CommandType='"Text"', CommandTimeout='0']
SELECT TOP(1) [c].[Id], [c].[ElectionId], [c].[RejectionReason], [c].[ReviewedAt], [c].[ReviewedByUserId], [c].[Statement], [c].[Status], [c].[UserId], [u].[Id], [u].[DateJoined], [u].[DepartmentId], [u].[Email], [u].[Name], [u].[OtpCode], [u].[OtpExpiresAt], [u].[PasswordHash], [u].[Role], [u].[TokenVersion], [e].[Id], [e].[CreatedByUserId], [e].[DepartmentId], [e].[Description], [e].[EndDate], [e].[IsLocked], [e].[MinTenureYears], [e].[StartDate], [e].[Status], [e].[Title]
FROM [CandidateApplications] AS [c]
INNER JOIN [Users] AS [u] ON [c].[UserId] = [u].[Id]
INNER JOIN [Elections] AS [e] ON [c].[ElectionId] = [e].[Id]
WHERE [c].[Id] = @id
2026-09-28 13:59:31.764 +05:45 [INF] Executed DbCommand (5ms) [Parameters=[@p4='?' (DbType = Int32), @p0='?' (Size = 4000), @p1='?' (DbType = DateTime2), @p2='?' (DbType = Int32), @p3='?' (DbType = Int32)], CommandType='"Text"', CommandTimeout='0']
SET IMPLICIT_TRANSACTIONS OFF;
SET NOCOUNT ON;
UPDATE [CandidateApplications] SET [RejectionReason] = @p0, [ReviewedAt] = @p1, [ReviewedByUserId] = @p2, [Status] = @p3
OUTPUT 1
WHERE [Id] = @p4;
2026-09-28 13:59:31.812 +05:45 [INF] Executed DbCommand (5ms) [Parameters=[@p0='?' (Size = 4000), @p1='?' (Size = 4000), @p2='?' (DbType = Int32), @p3='?' (Size = 4000), @p4='?' (DbType = DateTime2), @p5='?' (DbType = Int32)], CommandType='"Text"', CommandTimeout='0']
SET IMPLICIT_TRANSACTIONS OFF;
SET NOCOUNT ON;
INSERT INTO [AuditLogs] ([Action], [Details], [EntityId], [EntityType], [Timestamp], [UserId])
OUTPUT INSERTED.[Id]
VALUES (@p0, @p1, @p2, @p3, @p4, @p5);
2026-09-28 13:59:31.827 +05:45 [INF] Executed action method PollAndVotingSystem.Controllers.CandidateApplicationsController.Reject (PollAndVotingSystem), returned result Microsoft.AspNetCore.Mvc.OkObjectResult in 176.2126ms.
2026-09-28 13:59:31.834 +05:45 [INF] Executing OkObjectResult, writing value of type 'PollAndVotingSystem.DTOs.CandidateApplication.CandidateApplicationResponseDto'.
2026-09-28 13:59:31.840 +05:45 [INF] Executed action PollAndVotingSystem.Controllers.CandidateApplicationsController.Reject (PollAndVotingSystem) in 199.4332ms
2026-09-28 13:59:31.845 +05:45 [INF] Executed endpoint 'PollAndVotingSystem.Controllers.CandidateApplicationsController.Reject (PollAndVotingSystem)'
2026-09-28 13:59:31.850 +05:45 [INF] Request finished HTTP/1.1 PUT http://localhost:5145/api/candidateapplications/22/reject - 200 null application/json; charset=utf-8 257.3306ms
2026-09-28 13:59:31.861 +05:45 [INF] Request starting HTTP/1.1 GET http://localhost:5145/api/elections/2 - null null
2026-09-28 13:59:31.872 +05:45 [INF] CORS policy execution successful.
2026-09-28 13:59:31.883 +05:45 [INF] Executed DbCommand (0ms) [Parameters=[@p='?' (DbType = Int32)], CommandType='"Text"', CommandTimeout='0']
SELECT TOP(1) [u].[Id], [u].[DateJoined], [u].[DepartmentId], [u].[Email], [u].[Name], [u].[OtpCode], [u].[OtpExpiresAt], [u].[PasswordHash], [u].[Role], [u].[TokenVersion]
FROM [Users] AS [u]
WHERE [u].[Id] = @p
2026-09-28 13:59:31.888 +05:45 [INF] Executing endpoint 'PollAndVotingSystem.Controllers.ElectionsController.GetById (PollAndVotingSystem)'
2026-09-28 13:59:31.892 +05:45 [INF] Route matched with {action = "GetById", controller = "Elections"}. Executing controller action with signature System.Threading.Tasks.Task`1[Microsoft.AspNetCore.Mvc.IActionResult] GetById(Int32) on controller PollAndVotingSystem.Controllers.ElectionsController (PollAndVotingSystem).
2026-09-28 13:59:31.899 +05:45 [INF] Executing action method PollAndVotingSystem.Controllers.ElectionsController.GetById (PollAndVotingSystem) - Validation state: "Valid"
2026-09-28 13:59:31.911 +05:45 [INF] Executed DbCommand (0ms) [Parameters=[@id='?' (DbType = Int32)], CommandType='"Text"', CommandTimeout='0']
SELECT TOP(1) [e].[Id], [e].[CreatedByUserId], [e].[DepartmentId], [e].[Description], [e].[EndDate], [e].[IsLocked], [e].[MinTenureYears], [e].[StartDate], [e].[Status], [e].[Title], [d].[Id], [d].[Name]
FROM [Elections] AS [e]
INNER JOIN [Departments] AS [d] ON [e].[DepartmentId] = [d].[Id]
WHERE [e].[Id] = @id
2026-09-28 13:59:31.915 +05:45 [INF] Executed action method PollAndVotingSystem.Controllers.ElectionsController.GetById (PollAndVotingSystem), returned result Microsoft.AspNetCore.Mvc.OkObjectResult in 12.4533ms.
2026-09-28 13:59:31.919 +05:45 [INF] Executing OkObjectResult, writing value of type 'PollAndVotingSystem.DTOs.Election.ElectionResponseDto'.
2026-09-28 13:59:31.923 +05:45 [INF] Executed action PollAndVotingSystem.Controllers.ElectionsController.GetById (PollAndVotingSystem) in 23.631ms
2026-09-28 13:59:31.927 +05:45 [INF] Executed endpoint 'PollAndVotingSystem.Controllers.ElectionsController.GetById (PollAndVotingSystem)'
2026-09-28 13:59:31.931 +05:45 [INF] Request finished HTTP/1.1 GET http://localhost:5145/api/elections/2 - 200 null application/json; charset=utf-8 69.3832ms
2026-09-28 13:59:31.942 +05:45 [INF] Request starting HTTP/1.1 GET http://localhost:5145/api/candidateapplications/election/2 - null null
2026-09-28 13:59:31.950 +05:45 [INF] CORS policy execution successful.
2026-09-28 13:59:31.960 +05:45 [INF] Executed DbCommand (1ms) [Parameters=[@p='?' (DbType = Int32)], CommandType='"Text"', CommandTimeout='0']
SELECT TOP(1) [u].[Id], [u].[DateJoined], [u].[DepartmentId], [u].[Email], [u].[Name], [u].[OtpCode], [u].[OtpExpiresAt], [u].[PasswordHash], [u].[Role], [u].[TokenVersion]
FROM [Users] AS [u]
WHERE [u].[Id] = @p
2026-09-28 13:59:31.965 +05:45 [INF] Executing endpoint 'PollAndVotingSystem.Controllers.CandidateApplicationsController.GetByElection (PollAndVotingSystem)'
2026-09-28 13:59:31.968 +05:45 [INF] Route matched with {action = "GetByElection", controller = "CandidateApplications"}. Executing controller action with signature System.Threading.Tasks.Task`1[Microsoft.AspNetCore.Mvc.IActionResult] GetByElection(Int32) on controller PollAndVotingSystem.Controllers.CandidateApplicationsController (PollAndVotingSystem).
2026-09-28 13:59:31.972 +05:45 [INF] Executing action method PollAndVotingSystem.Controllers.CandidateApplicationsController.GetByElection (PollAndVotingSystem) - Validation state: "Valid"
2026-09-28 13:59:31.983 +05:45 [INF] Executed DbCommand (1ms) [Parameters=[@electionId='?' (DbType = Int32)], CommandType='"Text"', CommandTimeout='0']
SELECT [c].[Id], [c].[ElectionId], [c].[RejectionReason], [c].[ReviewedAt], [c].[ReviewedByUserId], [c].[Statement], [c].[Status], [c].[UserId], [u].[Id], [u].[DateJoined], [u].[DepartmentId], [u].[Email], [u].[Name], [u].[OtpCode], [u].[OtpExpiresAt], [u].[PasswordHash], [u].[Role], [u].[TokenVersion]
FROM [CandidateApplications] AS [c]
INNER JOIN [Users] AS [u] ON [c].[UserId] = [u].[Id]
WHERE [c].[ElectionId] = @electionId
2026-09-28 13:59:31.989 +05:45 [INF] Executed action method PollAndVotingSystem.Controllers.CandidateApplicationsController.GetByElection (PollAndVotingSystem), returned result Microsoft.AspNetCore.Mvc.OkObjectResult in 14.8157ms.
2026-09-28 13:59:31.994 +05:45 [INF] Executing OkObjectResult, writing value of type 'System.Collections.Generic.List`1[[PollAndVotingSystem.DTOs.CandidateApplication.CandidateApplicationResponseDto, PollAndVotingSystem, Version=1.0.0.0, Culture=neutral, PublicKeyToken=null]]'.
2026-09-28 13:59:31.999 +05:45 [INF] Executed action PollAndVotingSystem.Controllers.CandidateApplicationsController.GetByElection (PollAndVotingSystem) in 26.7605ms
2026-09-28 13:59:32.003 +05:45 [INF] Executed endpoint 'PollAndVotingSystem.Controllers.CandidateApplicationsController.GetByElection (PollAndVotingSystem)'
2026-09-28 13:59:32.007 +05:45 [INF] Request finished HTTP/1.1 GET http://localhost:5145/api/candidateapplications/election/2 - 200 null application/json; charset=utf-8 65.38ms
2026-09-28 13:59:32.021 +05:45 [INF] Request starting HTTP/1.1 GET http://localhost:5145/api/votes/election/2/results - null null
2026-09-28 13:59:32.032 +05:45 [INF] CORS policy execution successful.
2026-09-28 13:59:32.041 +05:45 [INF] Executed DbCommand (1ms) [Parameters=[@p='?' (DbType = Int32)], CommandType='"Text"', CommandTimeout='0']
SELECT TOP(1) [u].[Id], [u].[DateJoined], [u].[DepartmentId], [u].[Email], [u].[Name], [u].[OtpCode], [u].[OtpExpiresAt], [u].[PasswordHash], [u].[Role], [u].[TokenVersion]
FROM [Users] AS [u]
WHERE [u].[Id] = @p
2026-09-28 13:59:32.048 +05:45 [INF] Executing endpoint 'PollAndVotingSystem.Controllers.VotesController.GetResults (PollAndVotingSystem)'
2026-09-28 13:59:32.051 +05:45 [INF] Route matched with {action = "GetResults", controller = "Votes"}. Executing controller action with signature System.Threading.Tasks.Task`1[Microsoft.AspNetCore.Mvc.IActionResult] GetResults(Int32) on controller PollAndVotingSystem.Controllers.VotesController (PollAndVotingSystem).
2026-09-28 13:59:32.056 +05:45 [INF] Executing action method PollAndVotingSystem.Controllers.VotesController.GetResults (PollAndVotingSystem) - Validation state: "Valid"
2026-09-28 13:59:32.068 +05:45 [INF] Executed DbCommand (1ms) [Parameters=[@p='?' (DbType = Int32)], CommandType='"Text"', CommandTimeout='0']
SELECT TOP(1) [e].[Id], [e].[CreatedByUserId], [e].[DepartmentId], [e].[Description], [e].[EndDate], [e].[IsLocked], [e].[MinTenureYears], [e].[StartDate], [e].[Status], [e].[Title]
FROM [Elections] AS [e]
WHERE [e].[Id] = @p
2026-09-28 13:59:32.082 +05:45 [INF] Executed DbCommand (4ms) [Parameters=[@electionId='?' (DbType = Int32)], CommandType='"Text"', CommandTimeout='0']
SELECT [v].[Id], [v].[CandidateId], [v].[ElectionId], [v].[Timestamp], [v].[VoterId], [c].[Id], [c].[ApplicationId], [c].[ElectionId], [c].[UserId], [u].[Id], [u].[DateJoined], [u].[DepartmentId], [u].[Email], [u].[Name], [u].[OtpCode], [u].[OtpExpiresAt], [u].[PasswordHash], [u].[Role], [u].[TokenVersion]
FROM [Votes] AS [v]
INNER JOIN [Candidates] AS [c] ON [v].[CandidateId] = [c].[Id]
INNER JOIN [Users] AS [u] ON [c].[UserId] = [u].[Id]
WHERE [v].[ElectionId] = @electionId
2026-09-28 13:59:32.089 +05:45 [INF] Executed action method PollAndVotingSystem.Controllers.VotesController.GetResults (PollAndVotingSystem), returned result Microsoft.AspNetCore.Mvc.OkObjectResult in 29.3594ms.
2026-09-28 13:59:32.094 +05:45 [INF] Executing OkObjectResult, writing value of type 'PollAndVotingSystem.DTOs.Vote.ElectionResultsResponseDto'.
2026-09-28 13:59:32.101 +05:45 [INF] Executed action PollAndVotingSystem.Controllers.VotesController.GetResults (PollAndVotingSystem) in 45.5254ms
2026-09-28 13:59:32.106 +05:45 [INF] Executed endpoint 'PollAndVotingSystem.Controllers.VotesController.GetResults (PollAndVotingSystem)'
2026-09-28 13:59:32.109 +05:45 [INF] Request finished HTTP/1.1 GET http://localhost:5145/api/votes/election/2/results - 200 null application/json; charset=utf-8 87.8535ms
2026-09-28 14:02:33.519 +05:45 [INF] Executed DbCommand (16ms) [Parameters=[], CommandType='"Text"', CommandTimeout='0']
SELECT [e].[Id], [e].[CreatedByUserId], [e].[DepartmentId], [e].[Description], [e].[EndDate], [e].[IsLocked], [e].[MinTenureYears], [e].[StartDate], [e].[Status], [e].[Title], [d].[Id], [d].[Name]
FROM [Elections] AS [e]
INNER JOIN [Departments] AS [d] ON [e].[DepartmentId] = [d].[Id]
ORDER BY [e].[StartDate] DESC
2026-09-28 14:02:33.538 +05:45 [INF] Executed DbCommand (3ms) [Parameters=[@electionId='?' (DbType = Int32), @type='?' (DbType = Int32)], CommandType='"Text"', CommandTimeout='0']
SELECT CASE
    WHEN EXISTS (
        SELECT 1
        FROM [Notifications] AS [n]
        WHERE [n].[ElectionId] = @electionId AND [n].[Type] = @type) THEN CAST(1 AS bit)
    ELSE CAST(0 AS bit)
END
2026-09-28 14:07:33.567 +05:45 [INF] Executed DbCommand (12ms) [Parameters=[], CommandType='"Text"', CommandTimeout='0']
SELECT [e].[Id], [e].[CreatedByUserId], [e].[DepartmentId], [e].[Description], [e].[EndDate], [e].[IsLocked], [e].[MinTenureYears], [e].[StartDate], [e].[Status], [e].[Title], [d].[Id], [d].[Name]
FROM [Elections] AS [e]
INNER JOIN [Departments] AS [d] ON [e].[DepartmentId] = [d].[Id]
ORDER BY [e].[StartDate] DESC
2026-09-28 14:07:33.588 +05:45 [INF] Executed DbCommand (5ms) [Parameters=[@electionId='?' (DbType = Int32), @type='?' (DbType = Int32)], CommandType='"Text"', CommandTimeout='0']
SELECT CASE
    WHEN EXISTS (
        SELECT 1
        FROM [Notifications] AS [n]
        WHERE [n].[ElectionId] = @electionId AND [n].[Type] = @type) THEN CAST(1 AS bit)
    ELSE CAST(0 AS bit)
END
2026-09-28 14:12:33.623 +05:45 [INF] Executed DbCommand (14ms) [Parameters=[], CommandType='"Text"', CommandTimeout='0']
SELECT [e].[Id], [e].[CreatedByUserId], [e].[DepartmentId], [e].[Description], [e].[EndDate], [e].[IsLocked], [e].[MinTenureYears], [e].[StartDate], [e].[Status], [e].[Title], [d].[Id], [d].[Name]
FROM [Elections] AS [e]
INNER JOIN [Departments] AS [d] ON [e].[DepartmentId] = [d].[Id]
ORDER BY [e].[StartDate] DESC
2026-09-28 14:12:33.638 +05:45 [INF] Executed DbCommand (5ms) [Parameters=[@electionId='?' (DbType = Int32), @type='?' (DbType = Int32)], CommandType='"Text"', CommandTimeout='0']
SELECT CASE
    WHEN EXISTS (
        SELECT 1
        FROM [Notifications] AS [n]
        WHERE [n].[ElectionId] = @electionId AND [n].[Type] = @type) THEN CAST(1 AS bit)
    ELSE CAST(0 AS bit)
END
2026-09-28 14:17:33.678 +05:45 [INF] Executed DbCommand (14ms) [Parameters=[], CommandType='"Text"', CommandTimeout='0']
SELECT [e].[Id], [e].[CreatedByUserId], [e].[DepartmentId], [e].[Description], [e].[EndDate], [e].[IsLocked], [e].[MinTenureYears], [e].[StartDate], [e].[Status], [e].[Title], [d].[Id], [d].[Name]
FROM [Elections] AS [e]
INNER JOIN [Departments] AS [d] ON [e].[DepartmentId] = [d].[Id]
ORDER BY [e].[StartDate] DESC
2026-09-28 14:17:33.707 +05:45 [INF] Executed DbCommand (6ms) [Parameters=[@electionId='?' (DbType = Int32), @type='?' (DbType = Int32)], CommandType='"Text"', CommandTimeout='0']
SELECT CASE
    WHEN EXISTS (
        SELECT 1
        FROM [Notifications] AS [n]
        WHERE [n].[ElectionId] = @electionId AND [n].[Type] = @type) THEN CAST(1 AS bit)
    ELSE CAST(0 AS bit)
END
2026-09-28 14:22:33.740 +05:45 [INF] Executed DbCommand (8ms) [Parameters=[], CommandType='"Text"', CommandTimeout='0']
SELECT [e].[Id], [e].[CreatedByUserId], [e].[DepartmentId], [e].[Description], [e].[EndDate], [e].[IsLocked], [e].[MinTenureYears], [e].[StartDate], [e].[Status], [e].[Title], [d].[Id], [d].[Name]
FROM [Elections] AS [e]
INNER JOIN [Departments] AS [d] ON [e].[DepartmentId] = [d].[Id]
ORDER BY [e].[StartDate] DESC
2026-09-28 14:22:33.771 +05:45 [INF] Executed DbCommand (8ms) [Parameters=[@electionId='?' (DbType = Int32), @type='?' (DbType = Int32)], CommandType='"Text"', CommandTimeout='0']
SELECT CASE
    WHEN EXISTS (
        SELECT 1
        FROM [Notifications] AS [n]
        WHERE [n].[ElectionId] = @electionId AND [n].[Type] = @type) THEN CAST(1 AS bit)
    ELSE CAST(0 AS bit)
END
2026-09-28 14:23:36.309 +05:45 [INF] Request starting HTTP/1.1 OPTIONS http://localhost:5145/api/elections/2 - null null
2026-09-28 14:23:36.315 +05:45 [INF] CORS policy execution successful.
2026-09-28 14:23:36.316 +05:45 [INF] Request finished HTTP/1.1 OPTIONS http://localhost:5145/api/elections/2 - 204 null null 7.1369ms
2026-09-28 14:23:36.333 +05:45 [INF] Request starting HTTP/1.1 GET http://localhost:5145/api/elections/2 - null null
2026-09-28 14:23:36.352 +05:45 [INF] CORS policy execution successful.
2026-09-28 14:23:36.367 +05:45 [INF] Executed DbCommand (4ms) [Parameters=[@p='?' (DbType = Int32)], CommandType='"Text"', CommandTimeout='0']
SELECT TOP(1) [u].[Id], [u].[DateJoined], [u].[DepartmentId], [u].[Email], [u].[Name], [u].[OtpCode], [u].[OtpExpiresAt], [u].[PasswordHash], [u].[Role], [u].[TokenVersion]
FROM [Users] AS [u]
WHERE [u].[Id] = @p
2026-09-28 14:23:36.375 +05:45 [INF] Executing endpoint 'PollAndVotingSystem.Controllers.ElectionsController.GetById (PollAndVotingSystem)'
2026-09-28 14:23:36.378 +05:45 [INF] Route matched with {action = "GetById", controller = "Elections"}. Executing controller action with signature System.Threading.Tasks.Task`1[Microsoft.AspNetCore.Mvc.IActionResult] GetById(Int32) on controller PollAndVotingSystem.Controllers.ElectionsController (PollAndVotingSystem).
2026-09-28 14:23:36.384 +05:45 [INF] Executing action method PollAndVotingSystem.Controllers.ElectionsController.GetById (PollAndVotingSystem) - Validation state: "Valid"
2026-09-28 14:23:36.406 +05:45 [INF] Executed DbCommand (6ms) [Parameters=[@id='?' (DbType = Int32)], CommandType='"Text"', CommandTimeout='0']
SELECT TOP(1) [e].[Id], [e].[CreatedByUserId], [e].[DepartmentId], [e].[Description], [e].[EndDate], [e].[IsLocked], [e].[MinTenureYears], [e].[StartDate], [e].[Status], [e].[Title], [d].[Id], [d].[Name]
FROM [Elections] AS [e]
INNER JOIN [Departments] AS [d] ON [e].[DepartmentId] = [d].[Id]
WHERE [e].[Id] = @id
2026-09-28 14:23:36.413 +05:45 [INF] Executed action method PollAndVotingSystem.Controllers.ElectionsController.GetById (PollAndVotingSystem), returned result Microsoft.AspNetCore.Mvc.OkObjectResult in 22.4861ms.
2026-09-28 14:23:36.431 +05:45 [INF] Executing OkObjectResult, writing value of type 'PollAndVotingSystem.DTOs.Election.ElectionResponseDto'.
2026-09-28 14:23:36.505 +05:45 [INF] Executed action PollAndVotingSystem.Controllers.ElectionsController.GetById (PollAndVotingSystem) in 121.6349ms
2026-09-28 14:23:36.512 +05:45 [INF] Executed endpoint 'PollAndVotingSystem.Controllers.ElectionsController.GetById (PollAndVotingSystem)'
2026-09-28 14:23:36.519 +05:45 [INF] Request finished HTTP/1.1 GET http://localhost:5145/api/elections/2 - 200 null application/json; charset=utf-8 185.9812ms
2026-09-28 14:23:36.536 +05:45 [INF] Request starting HTTP/1.1 OPTIONS http://localhost:5145/api/candidateapplications/election/2 - null null
2026-09-28 14:23:36.546 +05:45 [INF] CORS policy execution successful.
2026-09-28 14:23:36.550 +05:45 [INF] Request finished HTTP/1.1 OPTIONS http://localhost:5145/api/candidateapplications/election/2 - 204 null null 14.485ms
2026-09-28 14:23:36.563 +05:45 [INF] Request starting HTTP/1.1 GET http://localhost:5145/api/candidateapplications/election/2 - null null
2026-09-28 14:23:36.574 +05:45 [INF] CORS policy execution successful.
2026-09-28 14:23:36.584 +05:45 [INF] Executed DbCommand (0ms) [Parameters=[@p='?' (DbType = Int32)], CommandType='"Text"', CommandTimeout='0']
SELECT TOP(1) [u].[Id], [u].[DateJoined], [u].[DepartmentId], [u].[Email], [u].[Name], [u].[OtpCode], [u].[OtpExpiresAt], [u].[PasswordHash], [u].[Role], [u].[TokenVersion]
FROM [Users] AS [u]
WHERE [u].[Id] = @p
2026-09-28 14:23:36.590 +05:45 [INF] Executing endpoint 'PollAndVotingSystem.Controllers.CandidateApplicationsController.GetByElection (PollAndVotingSystem)'
2026-09-28 14:23:36.594 +05:45 [INF] Route matched with {action = "GetByElection", controller = "CandidateApplications"}. Executing controller action with signature System.Threading.Tasks.Task`1[Microsoft.AspNetCore.Mvc.IActionResult] GetByElection(Int32) on controller PollAndVotingSystem.Controllers.CandidateApplicationsController (PollAndVotingSystem).
2026-09-28 14:23:36.599 +05:45 [INF] Executing action method PollAndVotingSystem.Controllers.CandidateApplicationsController.GetByElection (PollAndVotingSystem) - Validation state: "Valid"
2026-09-28 14:23:36.616 +05:45 [INF] Executed DbCommand (5ms) [Parameters=[@electionId='?' (DbType = Int32)], CommandType='"Text"', CommandTimeout='0']
SELECT [c].[Id], [c].[ElectionId], [c].[RejectionReason], [c].[ReviewedAt], [c].[ReviewedByUserId], [c].[Statement], [c].[Status], [c].[UserId], [u].[Id], [u].[DateJoined], [u].[DepartmentId], [u].[Email], [u].[Name], [u].[OtpCode], [u].[OtpExpiresAt], [u].[PasswordHash], [u].[Role], [u].[TokenVersion]
FROM [CandidateApplications] AS [c]
INNER JOIN [Users] AS [u] ON [c].[UserId] = [u].[Id]
WHERE [c].[ElectionId] = @electionId
2026-09-28 14:23:36.621 +05:45 [INF] Executed action method PollAndVotingSystem.Controllers.CandidateApplicationsController.GetByElection (PollAndVotingSystem), returned result Microsoft.AspNetCore.Mvc.OkObjectResult in 18.424ms.
2026-09-28 14:23:36.627 +05:45 [INF] Executing OkObjectResult, writing value of type 'System.Collections.Generic.List`1[[PollAndVotingSystem.DTOs.CandidateApplication.CandidateApplicationResponseDto, PollAndVotingSystem, Version=1.0.0.0, Culture=neutral, PublicKeyToken=null]]'.
2026-09-28 14:23:36.632 +05:45 [INF] Executed action PollAndVotingSystem.Controllers.CandidateApplicationsController.GetByElection (PollAndVotingSystem) in 33.7428ms
2026-09-28 14:23:36.642 +05:45 [INF] Executed endpoint 'PollAndVotingSystem.Controllers.CandidateApplicationsController.GetByElection (PollAndVotingSystem)'
2026-09-28 14:23:36.651 +05:45 [INF] Request finished HTTP/1.1 GET http://localhost:5145/api/candidateapplications/election/2 - 200 null application/json; charset=utf-8 88.2221ms
2026-09-28 14:23:36.752 +05:45 [INF] Request starting HTTP/1.1 OPTIONS http://localhost:5145/api/votes/election/2/results - null null
2026-09-28 14:23:36.781 +05:45 [INF] CORS policy execution successful.
2026-09-28 14:23:36.786 +05:45 [INF] Request finished HTTP/1.1 OPTIONS http://localhost:5145/api/votes/election/2/results - 204 null null 34.1414ms
2026-09-28 14:23:36.806 +05:45 [INF] Request starting HTTP/1.1 GET http://localhost:5145/api/votes/election/2/results - null null
2026-09-28 14:23:36.815 +05:45 [INF] CORS policy execution successful.
2026-09-28 14:23:36.830 +05:45 [INF] Executed DbCommand (1ms) [Parameters=[@p='?' (DbType = Int32)], CommandType='"Text"', CommandTimeout='0']
SELECT TOP(1) [u].[Id], [u].[DateJoined], [u].[DepartmentId], [u].[Email], [u].[Name], [u].[OtpCode], [u].[OtpExpiresAt], [u].[PasswordHash], [u].[Role], [u].[TokenVersion]
FROM [Users] AS [u]
WHERE [u].[Id] = @p
2026-09-28 14:23:36.835 +05:45 [INF] Executing endpoint 'PollAndVotingSystem.Controllers.VotesController.GetResults (PollAndVotingSystem)'
2026-09-28 14:23:36.840 +05:45 [INF] Route matched with {action = "GetResults", controller = "Votes"}. Executing controller action with signature System.Threading.Tasks.Task`1[Microsoft.AspNetCore.Mvc.IActionResult] GetResults(Int32) on controller PollAndVotingSystem.Controllers.VotesController (PollAndVotingSystem).
2026-09-28 14:23:36.846 +05:45 [INF] Executing action method PollAndVotingSystem.Controllers.VotesController.GetResults (PollAndVotingSystem) - Validation state: "Valid"
2026-09-28 14:23:36.857 +05:45 [INF] Executed DbCommand (2ms) [Parameters=[@p='?' (DbType = Int32)], CommandType='"Text"', CommandTimeout='0']
SELECT TOP(1) [e].[Id], [e].[CreatedByUserId], [e].[DepartmentId], [e].[Description], [e].[EndDate], [e].[IsLocked], [e].[MinTenureYears], [e].[StartDate], [e].[Status], [e].[Title]
FROM [Elections] AS [e]
WHERE [e].[Id] = @p
2026-09-28 14:23:36.872 +05:45 [INF] Executed DbCommand (5ms) [Parameters=[@electionId='?' (DbType = Int32)], CommandType='"Text"', CommandTimeout='0']
SELECT [v].[Id], [v].[CandidateId], [v].[ElectionId], [v].[Timestamp], [v].[VoterId], [c].[Id], [c].[ApplicationId], [c].[ElectionId], [c].[UserId], [u].[Id], [u].[DateJoined], [u].[DepartmentId], [u].[Email], [u].[Name], [u].[OtpCode], [u].[OtpExpiresAt], [u].[PasswordHash], [u].[Role], [u].[TokenVersion]
FROM [Votes] AS [v]
INNER JOIN [Candidates] AS [c] ON [v].[CandidateId] = [c].[Id]
INNER JOIN [Users] AS [u] ON [c].[UserId] = [u].[Id]
WHERE [v].[ElectionId] = @electionId
2026-09-28 14:23:36.878 +05:45 [INF] Executed action method PollAndVotingSystem.Controllers.VotesController.GetResults (PollAndVotingSystem), returned result Microsoft.AspNetCore.Mvc.OkObjectResult in 28.9774ms.
2026-09-28 14:23:36.883 +05:45 [INF] Executing OkObjectResult, writing value of type 'PollAndVotingSystem.DTOs.Vote.ElectionResultsResponseDto'.
2026-09-28 14:23:36.888 +05:45 [INF] Executed action PollAndVotingSystem.Controllers.VotesController.GetResults (PollAndVotingSystem) in 42.4856ms
2026-09-28 14:23:36.898 +05:45 [INF] Executed endpoint 'PollAndVotingSystem.Controllers.VotesController.GetResults (PollAndVotingSystem)'
2026-09-28 14:23:36.901 +05:45 [INF] Request finished HTTP/1.1 GET http://localhost:5145/api/votes/election/2/results - 200 null application/json; charset=utf-8 94.8101ms
2026-09-28 14:23:40.159 +05:45 [INF] Request starting HTTP/1.1 GET http://localhost:5145/api/elections/2 - null null
2026-09-28 14:23:40.166 +05:45 [INF] CORS policy execution successful.
2026-09-28 14:23:40.175 +05:45 [INF] Executed DbCommand (1ms) [Parameters=[@p='?' (DbType = Int32)], CommandType='"Text"', CommandTimeout='0']
SELECT TOP(1) [u].[Id], [u].[DateJoined], [u].[DepartmentId], [u].[Email], [u].[Name], [u].[OtpCode], [u].[OtpExpiresAt], [u].[PasswordHash], [u].[Role], [u].[TokenVersion]
FROM [Users] AS [u]
WHERE [u].[Id] = @p
2026-09-28 14:23:40.180 +05:45 [INF] Executing endpoint 'PollAndVotingSystem.Controllers.ElectionsController.GetById (PollAndVotingSystem)'
2026-09-28 14:23:40.183 +05:45 [INF] Route matched with {action = "GetById", controller = "Elections"}. Executing controller action with signature System.Threading.Tasks.Task`1[Microsoft.AspNetCore.Mvc.IActionResult] GetById(Int32) on controller PollAndVotingSystem.Controllers.ElectionsController (PollAndVotingSystem).
2026-09-28 14:23:40.191 +05:45 [INF] Executing action method PollAndVotingSystem.Controllers.ElectionsController.GetById (PollAndVotingSystem) - Validation state: "Valid"
2026-09-28 14:23:40.203 +05:45 [INF] Executed DbCommand (1ms) [Parameters=[@id='?' (DbType = Int32)], CommandType='"Text"', CommandTimeout='0']
SELECT TOP(1) [e].[Id], [e].[CreatedByUserId], [e].[DepartmentId], [e].[Description], [e].[EndDate], [e].[IsLocked], [e].[MinTenureYears], [e].[StartDate], [e].[Status], [e].[Title], [d].[Id], [d].[Name]
FROM [Elections] AS [e]
INNER JOIN [Departments] AS [d] ON [e].[DepartmentId] = [d].[Id]
WHERE [e].[Id] = @id
2026-09-28 14:23:40.217 +05:45 [INF] Executed action method PollAndVotingSystem.Controllers.ElectionsController.GetById (PollAndVotingSystem), returned result Microsoft.AspNetCore.Mvc.OkObjectResult in 20.2415ms.
2026-09-28 14:23:40.222 +05:45 [INF] Executing OkObjectResult, writing value of type 'PollAndVotingSystem.DTOs.Election.ElectionResponseDto'.
2026-09-28 14:23:40.226 +05:45 [INF] Executed action PollAndVotingSystem.Controllers.ElectionsController.GetById (PollAndVotingSystem) in 34.6462ms
2026-09-28 14:23:40.235 +05:45 [INF] Executed endpoint 'PollAndVotingSystem.Controllers.ElectionsController.GetById (PollAndVotingSystem)'
2026-09-28 14:23:40.239 +05:45 [INF] Request finished HTTP/1.1 GET http://localhost:5145/api/elections/2 - 200 null application/json; charset=utf-8 79.6067ms
2026-09-28 14:23:40.275 +05:45 [INF] Request starting HTTP/1.1 GET http://localhost:5145/api/candidateapplications/election/2 - null null
2026-09-28 14:23:40.291 +05:45 [INF] CORS policy execution successful.
2026-09-28 14:23:40.315 +05:45 [INF] Executed DbCommand (1ms) [Parameters=[@p='?' (DbType = Int32)], CommandType='"Text"', CommandTimeout='0']
SELECT TOP(1) [u].[Id], [u].[DateJoined], [u].[DepartmentId], [u].[Email], [u].[Name], [u].[OtpCode], [u].[OtpExpiresAt], [u].[PasswordHash], [u].[Role], [u].[TokenVersion]
FROM [Users] AS [u]
WHERE [u].[Id] = @p
2026-09-28 14:23:40.325 +05:45 [INF] Executing endpoint 'PollAndVotingSystem.Controllers.CandidateApplicationsController.GetByElection (PollAndVotingSystem)'
2026-09-28 14:23:40.328 +05:45 [INF] Route matched with {action = "GetByElection", controller = "CandidateApplications"}. Executing controller action with signature System.Threading.Tasks.Task`1[Microsoft.AspNetCore.Mvc.IActionResult] GetByElection(Int32) on controller PollAndVotingSystem.Controllers.CandidateApplicationsController (PollAndVotingSystem).
2026-09-28 14:23:40.335 +05:45 [INF] Executing action method PollAndVotingSystem.Controllers.CandidateApplicationsController.GetByElection (PollAndVotingSystem) - Validation state: "Valid"
2026-09-28 14:23:40.366 +05:45 [INF] Executed DbCommand (1ms) [Parameters=[@electionId='?' (DbType = Int32)], CommandType='"Text"', CommandTimeout='0']
SELECT [c].[Id], [c].[ElectionId], [c].[RejectionReason], [c].[ReviewedAt], [c].[ReviewedByUserId], [c].[Statement], [c].[Status], [c].[UserId], [u].[Id], [u].[DateJoined], [u].[DepartmentId], [u].[Email], [u].[Name], [u].[OtpCode], [u].[OtpExpiresAt], [u].[PasswordHash], [u].[Role], [u].[TokenVersion]
FROM [CandidateApplications] AS [c]
INNER JOIN [Users] AS [u] ON [c].[UserId] = [u].[Id]
WHERE [c].[ElectionId] = @electionId
2026-09-28 14:23:40.374 +05:45 [INF] Executed action method PollAndVotingSystem.Controllers.CandidateApplicationsController.GetByElection (PollAndVotingSystem), returned result Microsoft.AspNetCore.Mvc.OkObjectResult in 21.7538ms.
2026-09-28 14:23:40.406 +05:45 [INF] Executing OkObjectResult, writing value of type 'System.Collections.Generic.List`1[[PollAndVotingSystem.DTOs.CandidateApplication.CandidateApplicationResponseDto, PollAndVotingSystem, Version=1.0.0.0, Culture=neutral, PublicKeyToken=null]]'.
2026-09-28 14:23:40.410 +05:45 [INF] Executed action PollAndVotingSystem.Controllers.CandidateApplicationsController.GetByElection (PollAndVotingSystem) in 74.5741ms
2026-09-28 14:23:40.417 +05:45 [INF] Executed endpoint 'PollAndVotingSystem.Controllers.CandidateApplicationsController.GetByElection (PollAndVotingSystem)'
2026-09-28 14:23:40.419 +05:45 [INF] Request finished HTTP/1.1 GET http://localhost:5145/api/candidateapplications/election/2 - 200 null application/json; charset=utf-8 144.4984ms
2026-09-28 14:23:40.441 +05:45 [INF] Request starting HTTP/1.1 GET http://localhost:5145/api/votes/election/2/results - null null
2026-09-28 14:23:40.452 +05:45 [INF] CORS policy execution successful.
2026-09-28 14:23:40.469 +05:45 [INF] Executed DbCommand (1ms) [Parameters=[@p='?' (DbType = Int32)], CommandType='"Text"', CommandTimeout='0']
SELECT TOP(1) [u].[Id], [u].[DateJoined], [u].[DepartmentId], [u].[Email], [u].[Name], [u].[OtpCode], [u].[OtpExpiresAt], [u].[PasswordHash], [u].[Role], [u].[TokenVersion]
FROM [Users] AS [u]
WHERE [u].[Id] = @p
2026-09-28 14:23:40.479 +05:45 [INF] Executing endpoint 'PollAndVotingSystem.Controllers.VotesController.GetResults (PollAndVotingSystem)'
2026-09-28 14:23:40.482 +05:45 [INF] Route matched with {action = "GetResults", controller = "Votes"}. Executing controller action with signature System.Threading.Tasks.Task`1[Microsoft.AspNetCore.Mvc.IActionResult] GetResults(Int32) on controller PollAndVotingSystem.Controllers.VotesController (PollAndVotingSystem).
2026-09-28 14:23:40.494 +05:45 [INF] Executing action method PollAndVotingSystem.Controllers.VotesController.GetResults (PollAndVotingSystem) - Validation state: "Valid"
2026-09-28 14:23:40.506 +05:45 [INF] Executed DbCommand (3ms) [Parameters=[@p='?' (DbType = Int32)], CommandType='"Text"', CommandTimeout='0']
SELECT TOP(1) [e].[Id], [e].[CreatedByUserId], [e].[DepartmentId], [e].[Description], [e].[EndDate], [e].[IsLocked], [e].[MinTenureYears], [e].[StartDate], [e].[Status], [e].[Title]
FROM [Elections] AS [e]
WHERE [e].[Id] = @p
2026-09-28 14:23:40.518 +05:45 [INF] Executed DbCommand (1ms) [Parameters=[@electionId='?' (DbType = Int32)], CommandType='"Text"', CommandTimeout='0']
SELECT [v].[Id], [v].[CandidateId], [v].[ElectionId], [v].[Timestamp], [v].[VoterId], [c].[Id], [c].[ApplicationId], [c].[ElectionId], [c].[UserId], [u].[Id], [u].[DateJoined], [u].[DepartmentId], [u].[Email], [u].[Name], [u].[OtpCode], [u].[OtpExpiresAt], [u].[PasswordHash], [u].[Role], [u].[TokenVersion]
FROM [Votes] AS [v]
INNER JOIN [Candidates] AS [c] ON [v].[CandidateId] = [c].[Id]
INNER JOIN [Users] AS [u] ON [c].[UserId] = [u].[Id]
WHERE [v].[ElectionId] = @electionId
2026-09-28 14:23:40.534 +05:45 [INF] Executed action method PollAndVotingSystem.Controllers.VotesController.GetResults (PollAndVotingSystem), returned result Microsoft.AspNetCore.Mvc.OkObjectResult in 36.2776ms.
2026-09-28 14:23:40.543 +05:45 [INF] Executing OkObjectResult, writing value of type 'PollAndVotingSystem.DTOs.Vote.ElectionResultsResponseDto'.
2026-09-28 14:23:40.546 +05:45 [INF] Executed action PollAndVotingSystem.Controllers.VotesController.GetResults (PollAndVotingSystem) in 52.8157ms
2026-09-28 14:23:40.550 +05:45 [INF] Executed endpoint 'PollAndVotingSystem.Controllers.VotesController.GetResults (PollAndVotingSystem)'
2026-09-28 14:23:40.552 +05:45 [INF] Request finished HTTP/1.1 GET http://localhost:5145/api/votes/election/2/results - 200 null application/json; charset=utf-8 111.9406ms
2026-09-28 14:23:46.484 +05:45 [INF] Request starting HTTP/1.1 OPTIONS http://localhost:5145/api/elections/7 - null null
2026-09-28 14:23:46.497 +05:45 [INF] CORS policy execution successful.
2026-09-28 14:23:46.499 +05:45 [INF] Request finished HTTP/1.1 OPTIONS http://localhost:5145/api/elections/7 - 204 null null 14.9736ms
2026-09-28 14:23:46.511 +05:45 [INF] Request starting HTTP/1.1 GET http://localhost:5145/api/elections/7 - null null
2026-09-28 14:23:46.518 +05:45 [INF] CORS policy execution successful.
2026-09-28 14:23:46.528 +05:45 [INF] Executed DbCommand (1ms) [Parameters=[@p='?' (DbType = Int32)], CommandType='"Text"', CommandTimeout='0']
SELECT TOP(1) [u].[Id], [u].[DateJoined], [u].[DepartmentId], [u].[Email], [u].[Name], [u].[OtpCode], [u].[OtpExpiresAt], [u].[PasswordHash], [u].[Role], [u].[TokenVersion]
FROM [Users] AS [u]
WHERE [u].[Id] = @p
2026-09-28 14:23:46.532 +05:45 [INF] Executing endpoint 'PollAndVotingSystem.Controllers.ElectionsController.GetById (PollAndVotingSystem)'
2026-09-28 14:23:46.535 +05:45 [INF] Route matched with {action = "GetById", controller = "Elections"}. Executing controller action with signature System.Threading.Tasks.Task`1[Microsoft.AspNetCore.Mvc.IActionResult] GetById(Int32) on controller PollAndVotingSystem.Controllers.ElectionsController (PollAndVotingSystem).
2026-09-28 14:23:46.543 +05:45 [INF] Executing action method PollAndVotingSystem.Controllers.ElectionsController.GetById (PollAndVotingSystem) - Validation state: "Valid"
2026-09-28 14:23:46.553 +05:45 [INF] Executed DbCommand (1ms) [Parameters=[@id='?' (DbType = Int32)], CommandType='"Text"', CommandTimeout='0']
SELECT TOP(1) [e].[Id], [e].[CreatedByUserId], [e].[DepartmentId], [e].[Description], [e].[EndDate], [e].[IsLocked], [e].[MinTenureYears], [e].[StartDate], [e].[Status], [e].[Title], [d].[Id], [d].[Name]
FROM [Elections] AS [e]
INNER JOIN [Departments] AS [d] ON [e].[DepartmentId] = [d].[Id]
WHERE [e].[Id] = @id
2026-09-28 14:23:46.557 +05:45 [INF] Executed action PollAndVotingSystem.Controllers.ElectionsController.GetById (PollAndVotingSystem) in 15.0853ms
2026-09-28 14:23:46.562 +05:45 [INF] Executed endpoint 'PollAndVotingSystem.Controllers.ElectionsController.GetById (PollAndVotingSystem)'
2026-09-28 14:23:46.565 +05:45 [ERR] Unhandled exception on /api/elections/7
System.UnauthorizedAccessException: You cannot view elections outside your department.
   at PollAndVotingSystem.Services.ElectionService.GetByIdAsync(Int32 id)
   at PollAndVotingSystem.Controllers.ElectionsController.GetById(Int32 id)
   at Microsoft.AspNetCore.Mvc.Infrastructure.ActionMethodExecutor.TaskOfIActionResultExecutor.Execute(ActionContext actionContext, IActionResultTypeMapper mapper, ObjectMethodExecutor executor, Object controller, Object[] arguments)
   at Microsoft.AspNetCore.Mvc.Infrastructure.ControllerActionInvoker.<InvokeActionMethodAsync>g__Logged|12_1(ControllerActionInvoker invoker)
   at Microsoft.AspNetCore.Mvc.Infrastructure.ControllerActionInvoker.<InvokeNextActionFilterAsync>g__Awaited|10_0(ControllerActionInvoker invoker, Task lastTask, State next, Scope scope, Object state, Boolean isCompleted)
   at Microsoft.AspNetCore.Mvc.Infrastructure.ControllerActionInvoker.Rethrow(ActionExecutedContextSealed context)
   at Microsoft.AspNetCore.Mvc.Infrastructure.ControllerActionInvoker.Next(State& next, Scope& scope, Object& state, Boolean& isCompleted)
   at Microsoft.AspNetCore.Mvc.Infrastructure.ControllerActionInvoker.<InvokeInnerFilterAsync>g__Awaited|13_0(ControllerActionInvoker invoker, Task lastTask, State next, Scope scope, Object state, Boolean isCompleted)
   at Microsoft.AspNetCore.Mvc.Infrastructure.ResourceInvoker.<InvokeFilterPipelineAsync>g__Awaited|20_0(ResourceInvoker invoker, Task lastTask, State next, Scope scope, Object state, Boolean isCompleted)
   at Microsoft.AspNetCore.Mvc.Infrastructure.ResourceInvoker.<InvokeAsync>g__Logged|17_1(ResourceInvoker invoker)
   at Microsoft.AspNetCore.Mvc.Infrastructure.ResourceInvoker.<InvokeAsync>g__Logged|17_1(ResourceInvoker invoker)
   at Microsoft.AspNetCore.Routing.EndpointMiddleware.<Invoke>g__AwaitRequestTask|7_0(Endpoint endpoint, Task requestTask, ILogger logger)
   at Microsoft.AspNetCore.Authorization.AuthorizationMiddleware.Invoke(HttpContext context)
   at Microsoft.AspNetCore.Authentication.AuthenticationMiddleware.Invoke(HttpContext context)
   at PollAndVotingSystem.Middleware.ExceptionHandlingMiddleware.InvokeAsync(HttpContext context, ApplicationDbContext dbContext)
2026-09-28 14:23:46.589 +05:45 [INF] Executed DbCommand (4ms) [Parameters=[@p0='?' (Size = 4000), @p1='?' (Size = 4000), @p2='?' (Size = 4000), @p3='?' (Size = 4000), @p4='?' (DbType = Int32), @p5='?' (DbType = DateTime2), @p6='?' (Size = 4000)], CommandType='"Text"', CommandTimeout='0']
SET IMPLICIT_TRANSACTIONS OFF;
SET NOCOUNT ON;
INSERT INTO [ErrorLogs] ([ExceptionType], [Message], [Path], [StackTrace], [StatusCode], [Timestamp], [UserId])
OUTPUT INSERTED.[Id]
VALUES (@p0, @p1, @p2, @p3, @p4, @p5, @p6);
2026-09-28 14:23:46.593 +05:45 [INF] Request finished HTTP/1.1 GET http://localhost:5145/api/elections/7 - 403 null application/json 81.9632ms
2026-09-28 14:23:50.950 +05:45 [INF] Request starting HTTP/1.1 GET http://localhost:5145/api/elections/7 - null null
2026-09-28 14:23:50.958 +05:45 [INF] CORS policy execution successful.
2026-09-28 14:23:50.966 +05:45 [INF] Executed DbCommand (1ms) [Parameters=[@p='?' (DbType = Int32)], CommandType='"Text"', CommandTimeout='0']
SELECT TOP(1) [u].[Id], [u].[DateJoined], [u].[DepartmentId], [u].[Email], [u].[Name], [u].[OtpCode], [u].[OtpExpiresAt], [u].[PasswordHash], [u].[Role], [u].[TokenVersion]
FROM [Users] AS [u]
WHERE [u].[Id] = @p
2026-09-28 14:23:50.972 +05:45 [INF] Executing endpoint 'PollAndVotingSystem.Controllers.ElectionsController.GetById (PollAndVotingSystem)'
2026-09-28 14:23:50.974 +05:45 [INF] Route matched with {action = "GetById", controller = "Elections"}. Executing controller action with signature System.Threading.Tasks.Task`1[Microsoft.AspNetCore.Mvc.IActionResult] GetById(Int32) on controller PollAndVotingSystem.Controllers.ElectionsController (PollAndVotingSystem).
2026-09-28 14:23:50.979 +05:45 [INF] Executing action method PollAndVotingSystem.Controllers.ElectionsController.GetById (PollAndVotingSystem) - Validation state: "Valid"
2026-09-28 14:23:50.992 +05:45 [INF] Executed DbCommand (1ms) [Parameters=[@id='?' (DbType = Int32)], CommandType='"Text"', CommandTimeout='0']
SELECT TOP(1) [e].[Id], [e].[CreatedByUserId], [e].[DepartmentId], [e].[Description], [e].[EndDate], [e].[IsLocked], [e].[MinTenureYears], [e].[StartDate], [e].[Status], [e].[Title], [d].[Id], [d].[Name]
FROM [Elections] AS [e]
INNER JOIN [Departments] AS [d] ON [e].[DepartmentId] = [d].[Id]
WHERE [e].[Id] = @id
2026-09-28 14:23:50.997 +05:45 [INF] Executed action PollAndVotingSystem.Controllers.ElectionsController.GetById (PollAndVotingSystem) in 18.0412ms
2026-09-28 14:23:51.001 +05:45 [INF] Executed endpoint 'PollAndVotingSystem.Controllers.ElectionsController.GetById (PollAndVotingSystem)'
2026-09-28 14:23:51.005 +05:45 [ERR] Unhandled exception on /api/elections/7
System.UnauthorizedAccessException: You cannot view elections outside your department.
   at PollAndVotingSystem.Services.ElectionService.GetByIdAsync(Int32 id)
   at PollAndVotingSystem.Controllers.ElectionsController.GetById(Int32 id)
   at Microsoft.AspNetCore.Mvc.Infrastructure.ActionMethodExecutor.TaskOfIActionResultExecutor.Execute(ActionContext actionContext, IActionResultTypeMapper mapper, ObjectMethodExecutor executor, Object controller, Object[] arguments)
   at Microsoft.AspNetCore.Mvc.Infrastructure.ControllerActionInvoker.<InvokeActionMethodAsync>g__Logged|12_1(ControllerActionInvoker invoker)
   at Microsoft.AspNetCore.Mvc.Infrastructure.ControllerActionInvoker.<InvokeNextActionFilterAsync>g__Awaited|10_0(ControllerActionInvoker invoker, Task lastTask, State next, Scope scope, Object state, Boolean isCompleted)
   at Microsoft.AspNetCore.Mvc.Infrastructure.ControllerActionInvoker.Rethrow(ActionExecutedContextSealed context)
   at Microsoft.AspNetCore.Mvc.Infrastructure.ControllerActionInvoker.Next(State& next, Scope& scope, Object& state, Boolean& isCompleted)
   at Microsoft.AspNetCore.Mvc.Infrastructure.ControllerActionInvoker.<InvokeInnerFilterAsync>g__Awaited|13_0(ControllerActionInvoker invoker, Task lastTask, State next, Scope scope, Object state, Boolean isCompleted)
   at Microsoft.AspNetCore.Mvc.Infrastructure.ResourceInvoker.<InvokeFilterPipelineAsync>g__Awaited|20_0(ResourceInvoker invoker, Task lastTask, State next, Scope scope, Object state, Boolean isCompleted)
   at Microsoft.AspNetCore.Mvc.Infrastructure.ResourceInvoker.<InvokeAsync>g__Logged|17_1(ResourceInvoker invoker)
   at Microsoft.AspNetCore.Mvc.Infrastructure.ResourceInvoker.<InvokeAsync>g__Logged|17_1(ResourceInvoker invoker)
   at Microsoft.AspNetCore.Routing.EndpointMiddleware.<Invoke>g__AwaitRequestTask|7_0(Endpoint endpoint, Task requestTask, ILogger logger)
   at Microsoft.AspNetCore.Authorization.AuthorizationMiddleware.Invoke(HttpContext context)
   at Microsoft.AspNetCore.Authentication.AuthenticationMiddleware.Invoke(HttpContext context)
   at PollAndVotingSystem.Middleware.ExceptionHandlingMiddleware.InvokeAsync(HttpContext context, ApplicationDbContext dbContext)
2026-09-28 14:23:51.048 +05:45 [INF] Executed DbCommand (4ms) [Parameters=[@p0='?' (Size = 4000), @p1='?' (Size = 4000), @p2='?' (Size = 4000), @p3='?' (Size = 4000), @p4='?' (DbType = Int32), @p5='?' (DbType = DateTime2), @p6='?' (Size = 4000)], CommandType='"Text"', CommandTimeout='0']
SET IMPLICIT_TRANSACTIONS OFF;
SET NOCOUNT ON;
INSERT INTO [ErrorLogs] ([ExceptionType], [Message], [Path], [StackTrace], [StatusCode], [Timestamp], [UserId])
OUTPUT INSERTED.[Id]
VALUES (@p0, @p1, @p2, @p3, @p4, @p5, @p6);
2026-09-28 14:23:51.063 +05:45 [INF] Request finished HTTP/1.1 GET http://localhost:5145/api/elections/7 - 403 null application/json 113.2797ms
2026-09-28 14:24:00.250 +05:45 [INF] Request starting HTTP/1.1 OPTIONS http://localhost:5145/api/departments - null null
2026-09-28 14:24:00.264 +05:45 [INF] CORS policy execution successful.
2026-09-28 14:24:00.266 +05:45 [INF] Request finished HTTP/1.1 OPTIONS http://localhost:5145/api/departments - 204 null null 15.4677ms
2026-09-28 14:24:00.271 +05:45 [INF] Request starting HTTP/1.1 GET http://localhost:5145/api/departments - null null
2026-09-28 14:24:00.276 +05:45 [INF] CORS policy execution successful.
2026-09-28 14:24:00.289 +05:45 [INF] Executed DbCommand (2ms) [Parameters=[@p='?' (DbType = Int32)], CommandType='"Text"', CommandTimeout='0']
SELECT TOP(1) [u].[Id], [u].[DateJoined], [u].[DepartmentId], [u].[Email], [u].[Name], [u].[OtpCode], [u].[OtpExpiresAt], [u].[PasswordHash], [u].[Role], [u].[TokenVersion]
FROM [Users] AS [u]
WHERE [u].[Id] = @p
2026-09-28 14:24:00.293 +05:45 [INF] Executing endpoint 'PollAndVotingSystem.Controllers.DepartmentsController.GetAll (PollAndVotingSystem)'
2026-09-28 14:24:00.296 +05:45 [INF] Route matched with {action = "GetAll", controller = "Departments"}. Executing controller action with signature System.Threading.Tasks.Task`1[Microsoft.AspNetCore.Mvc.IActionResult] GetAll() on controller PollAndVotingSystem.Controllers.DepartmentsController (PollAndVotingSystem).
2026-09-28 14:24:00.300 +05:45 [INF] Executing action method PollAndVotingSystem.Controllers.DepartmentsController.GetAll (PollAndVotingSystem) - Validation state: "Valid"
2026-09-28 14:24:00.312 +05:45 [INF] Executed DbCommand (2ms) [Parameters=[], CommandType='"Text"', CommandTimeout='0']
SELECT [d].[Id], [d].[Name]
FROM [Departments] AS [d]
2026-09-28 14:24:00.317 +05:45 [INF] Executed action method PollAndVotingSystem.Controllers.DepartmentsController.GetAll (PollAndVotingSystem), returned result Microsoft.AspNetCore.Mvc.OkObjectResult in 11.6782ms.
2026-09-28 14:24:00.322 +05:45 [INF] Executing OkObjectResult, writing value of type 'System.Linq.Enumerable+ListSelectIterator`2[[PollAndVotingSystem.Models.Department, PollAndVotingSystem, Version=1.0.0.0, Culture=neutral, PublicKeyToken=null],[PollAndVotingSystem.DTOs.Department.DepartmentResponseDto, PollAndVotingSystem, Version=1.0.0.0, Culture=neutral, PublicKeyToken=null]]'.
2026-09-28 14:24:00.326 +05:45 [INF] Executed action PollAndVotingSystem.Controllers.DepartmentsController.GetAll (PollAndVotingSystem) in 25.8392ms
2026-09-28 14:24:00.329 +05:45 [INF] Executed endpoint 'PollAndVotingSystem.Controllers.DepartmentsController.GetAll (PollAndVotingSystem)'
2026-09-28 14:24:00.332 +05:45 [INF] Request finished HTTP/1.1 GET http://localhost:5145/api/departments - 200 null application/json; charset=utf-8 60.2467ms
2026-09-28 14:24:00.343 +05:45 [INF] Request starting HTTP/1.1 OPTIONS http://localhost:5145/api/elections/2 - null null
2026-09-28 14:24:00.350 +05:45 [INF] CORS policy execution successful.
2026-09-28 14:24:00.356 +05:45 [INF] Request finished HTTP/1.1 OPTIONS http://localhost:5145/api/elections/2 - 204 null null 13.0172ms
2026-09-28 14:24:00.365 +05:45 [INF] Request starting HTTP/1.1 GET http://localhost:5145/api/elections/2 - null null
2026-09-28 14:24:00.372 +05:45 [INF] CORS policy execution successful.
2026-09-28 14:24:00.381 +05:45 [INF] Executed DbCommand (1ms) [Parameters=[@p='?' (DbType = Int32)], CommandType='"Text"', CommandTimeout='0']
SELECT TOP(1) [u].[Id], [u].[DateJoined], [u].[DepartmentId], [u].[Email], [u].[Name], [u].[OtpCode], [u].[OtpExpiresAt], [u].[PasswordHash], [u].[Role], [u].[TokenVersion]
FROM [Users] AS [u]
WHERE [u].[Id] = @p
2026-09-28 14:24:00.387 +05:45 [INF] Executing endpoint 'PollAndVotingSystem.Controllers.ElectionsController.GetById (PollAndVotingSystem)'
2026-09-28 14:24:00.390 +05:45 [INF] Route matched with {action = "GetById", controller = "Elections"}. Executing controller action with signature System.Threading.Tasks.Task`1[Microsoft.AspNetCore.Mvc.IActionResult] GetById(Int32) on controller PollAndVotingSystem.Controllers.ElectionsController (PollAndVotingSystem).
2026-09-28 14:24:00.395 +05:45 [INF] Executing action method PollAndVotingSystem.Controllers.ElectionsController.GetById (PollAndVotingSystem) - Validation state: "Valid"
2026-09-28 14:24:00.410 +05:45 [INF] Executed DbCommand (3ms) [Parameters=[@id='?' (DbType = Int32)], CommandType='"Text"', CommandTimeout='0']
SELECT TOP(1) [e].[Id], [e].[CreatedByUserId], [e].[DepartmentId], [e].[Description], [e].[EndDate], [e].[IsLocked], [e].[MinTenureYears], [e].[StartDate], [e].[Status], [e].[Title], [d].[Id], [d].[Name]
FROM [Elections] AS [e]
INNER JOIN [Departments] AS [d] ON [e].[DepartmentId] = [d].[Id]
WHERE [e].[Id] = @id
2026-09-28 14:24:00.415 +05:45 [INF] Executed action method PollAndVotingSystem.Controllers.ElectionsController.GetById (PollAndVotingSystem), returned result Microsoft.AspNetCore.Mvc.OkObjectResult in 16.8159ms.
2026-09-28 14:24:00.421 +05:45 [INF] Executing OkObjectResult, writing value of type 'PollAndVotingSystem.DTOs.Election.ElectionResponseDto'.
2026-09-28 14:24:00.424 +05:45 [INF] Executed action PollAndVotingSystem.Controllers.ElectionsController.GetById (PollAndVotingSystem) in 29.4976ms
2026-09-28 14:24:00.428 +05:45 [INF] Executed endpoint 'PollAndVotingSystem.Controllers.ElectionsController.GetById (PollAndVotingSystem)'
2026-09-28 14:24:00.430 +05:45 [INF] Request finished HTTP/1.1 GET http://localhost:5145/api/elections/2 - 200 null application/json; charset=utf-8 65.9292ms
2026-09-28 14:24:05.760 +05:45 [INF] Request starting HTTP/1.1 OPTIONS http://localhost:5145/api/elections/2 - null null
2026-09-28 14:24:05.797 +05:45 [INF] CORS policy execution successful.
2026-09-28 14:24:05.799 +05:45 [INF] Request finished HTTP/1.1 OPTIONS http://localhost:5145/api/elections/2 - 204 null null 39.271ms
2026-09-28 14:24:05.809 +05:45 [INF] Request starting HTTP/1.1 PUT http://localhost:5145/api/elections/2 - application/json 208
2026-09-28 14:24:05.815 +05:45 [INF] CORS policy execution successful.
2026-09-28 14:24:05.825 +05:45 [INF] Executed DbCommand (1ms) [Parameters=[@p='?' (DbType = Int32)], CommandType='"Text"', CommandTimeout='0']
SELECT TOP(1) [u].[Id], [u].[DateJoined], [u].[DepartmentId], [u].[Email], [u].[Name], [u].[OtpCode], [u].[OtpExpiresAt], [u].[PasswordHash], [u].[Role], [u].[TokenVersion]
FROM [Users] AS [u]
WHERE [u].[Id] = @p
2026-09-28 14:24:05.830 +05:45 [INF] Executing endpoint 'PollAndVotingSystem.Controllers.ElectionsController.Update (PollAndVotingSystem)'
2026-09-28 14:24:05.846 +05:45 [INF] Route matched with {action = "Update", controller = "Elections"}. Executing controller action with signature System.Threading.Tasks.Task`1[Microsoft.AspNetCore.Mvc.IActionResult] Update(Int32, PollAndVotingSystem.DTOs.Election.ElectionRequestDto) on controller PollAndVotingSystem.Controllers.ElectionsController (PollAndVotingSystem).
2026-09-28 14:24:05.868 +05:45 [INF] Executing action method PollAndVotingSystem.Controllers.ElectionsController.Update (PollAndVotingSystem) - Validation state: "Valid"
2026-09-28 14:24:05.881 +05:45 [INF] Executed DbCommand (2ms) [Parameters=[@p='?' (DbType = Int32)], CommandType='"Text"', CommandTimeout='0']
SELECT TOP(1) [e].[Id], [e].[CreatedByUserId], [e].[DepartmentId], [e].[Description], [e].[EndDate], [e].[IsLocked], [e].[MinTenureYears], [e].[StartDate], [e].[Status], [e].[Title]
FROM [Elections] AS [e]
WHERE [e].[Id] = @p
2026-09-28 14:24:05.914 +05:45 [INF] Executed DbCommand (10ms) [Parameters=[@p9='?' (DbType = Int32), @p0='?' (DbType = Int32), @p1='?' (DbType = Int32), @p2='?' (Size = 4000), @p3='?' (DbType = DateTime2), @p4='?' (DbType = Boolean), @p5='?' (DbType = Int32), @p6='?' (DbType = DateTime2), @p7='?' (DbType = Int32), @p8='?' (Size = 4000)], CommandType='"Text"', CommandTimeout='0']
SET IMPLICIT_TRANSACTIONS OFF;
SET NOCOUNT ON;
UPDATE [Elections] SET [CreatedByUserId] = @p0, [DepartmentId] = @p1, [Description] = @p2, [EndDate] = @p3, [IsLocked] = @p4, [MinTenureYears] = @p5, [StartDate] = @p6, [Status] = @p7, [Title] = @p8
OUTPUT 1
WHERE [Id] = @p9;
2026-09-28 14:24:05.930 +05:45 [INF] Executed DbCommand (1ms) [Parameters=[@id='?' (DbType = Int32)], CommandType='"Text"', CommandTimeout='0']
SELECT TOP(1) [e].[Id], [e].[CreatedByUserId], [e].[DepartmentId], [e].[Description], [e].[EndDate], [e].[IsLocked], [e].[MinTenureYears], [e].[StartDate], [e].[Status], [e].[Title], [d].[Id], [d].[Name]
FROM [Elections] AS [e]
INNER JOIN [Departments] AS [d] ON [e].[DepartmentId] = [d].[Id]
WHERE [e].[Id] = @id
2026-09-28 14:24:05.938 +05:45 [INF] Executed action method PollAndVotingSystem.Controllers.ElectionsController.Update (PollAndVotingSystem), returned result Microsoft.AspNetCore.Mvc.OkObjectResult in 66.5873ms.
2026-09-28 14:24:05.942 +05:45 [INF] Executing OkObjectResult, writing value of type 'PollAndVotingSystem.DTOs.Election.ElectionResponseDto'.
2026-09-28 14:24:05.948 +05:45 [INF] Executed action PollAndVotingSystem.Controllers.ElectionsController.Update (PollAndVotingSystem) in 92.9088ms
2026-09-28 14:24:05.958 +05:45 [INF] Executed endpoint 'PollAndVotingSystem.Controllers.ElectionsController.Update (PollAndVotingSystem)'
2026-09-28 14:24:05.964 +05:45 [INF] Request finished HTTP/1.1 PUT http://localhost:5145/api/elections/2 - 200 null application/json; charset=utf-8 155.3256ms
2026-09-28 14:24:06.043 +05:45 [INF] Request starting HTTP/1.1 GET http://localhost:5145/api/elections/2 - null null
2026-09-28 14:24:06.055 +05:45 [INF] CORS policy execution successful.
2026-09-28 14:24:06.065 +05:45 [INF] Executed DbCommand (0ms) [Parameters=[@p='?' (DbType = Int32)], CommandType='"Text"', CommandTimeout='0']
SELECT TOP(1) [u].[Id], [u].[DateJoined], [u].[DepartmentId], [u].[Email], [u].[Name], [u].[OtpCode], [u].[OtpExpiresAt], [u].[PasswordHash], [u].[Role], [u].[TokenVersion]
FROM [Users] AS [u]
WHERE [u].[Id] = @p
2026-09-28 14:24:06.071 +05:45 [INF] Executing endpoint 'PollAndVotingSystem.Controllers.ElectionsController.GetById (PollAndVotingSystem)'
2026-09-28 14:24:06.073 +05:45 [INF] Route matched with {action = "GetById", controller = "Elections"}. Executing controller action with signature System.Threading.Tasks.Task`1[Microsoft.AspNetCore.Mvc.IActionResult] GetById(Int32) on controller PollAndVotingSystem.Controllers.ElectionsController (PollAndVotingSystem).
2026-09-28 14:24:06.078 +05:45 [INF] Executing action method PollAndVotingSystem.Controllers.ElectionsController.GetById (PollAndVotingSystem) - Validation state: "Valid"
2026-09-28 14:24:06.088 +05:45 [INF] Executed DbCommand (1ms) [Parameters=[@id='?' (DbType = Int32)], CommandType='"Text"', CommandTimeout='0']
SELECT TOP(1) [e].[Id], [e].[CreatedByUserId], [e].[DepartmentId], [e].[Description], [e].[EndDate], [e].[IsLocked], [e].[MinTenureYears], [e].[StartDate], [e].[Status], [e].[Title], [d].[Id], [d].[Name]
FROM [Elections] AS [e]
INNER JOIN [Departments] AS [d] ON [e].[DepartmentId] = [d].[Id]
WHERE [e].[Id] = @id
2026-09-28 14:24:06.093 +05:45 [INF] Executed action method PollAndVotingSystem.Controllers.ElectionsController.GetById (PollAndVotingSystem), returned result Microsoft.AspNetCore.Mvc.OkObjectResult in 11.9655ms.
2026-09-28 14:24:06.097 +05:45 [INF] Executing OkObjectResult, writing value of type 'PollAndVotingSystem.DTOs.Election.ElectionResponseDto'.
2026-09-28 14:24:06.105 +05:45 [INF] Executed action PollAndVotingSystem.Controllers.ElectionsController.GetById (PollAndVotingSystem) in 26.9325ms
2026-09-28 14:24:06.109 +05:45 [INF] Executed endpoint 'PollAndVotingSystem.Controllers.ElectionsController.GetById (PollAndVotingSystem)'
2026-09-28 14:24:06.112 +05:45 [INF] Request finished HTTP/1.1 GET http://localhost:5145/api/elections/2 - 200 null application/json; charset=utf-8 69.1718ms
2026-09-28 14:24:06.124 +05:45 [INF] Request starting HTTP/1.1 OPTIONS http://localhost:5145/api/candidateapplications/election/2 - null null
2026-09-28 14:24:06.131 +05:45 [INF] CORS policy execution successful.
2026-09-28 14:24:06.134 +05:45 [INF] Request finished HTTP/1.1 OPTIONS http://localhost:5145/api/candidateapplications/election/2 - 204 null null 9.9138ms
2026-09-28 14:24:06.142 +05:45 [INF] Request starting HTTP/1.1 GET http://localhost:5145/api/candidateapplications/election/2 - null null
2026-09-28 14:24:06.149 +05:45 [INF] CORS policy execution successful.
2026-09-28 14:24:06.160 +05:45 [INF] Executed DbCommand (1ms) [Parameters=[@p='?' (DbType = Int32)], CommandType='"Text"', CommandTimeout='0']
SELECT TOP(1) [u].[Id], [u].[DateJoined], [u].[DepartmentId], [u].[Email], [u].[Name], [u].[OtpCode], [u].[OtpExpiresAt], [u].[PasswordHash], [u].[Role], [u].[TokenVersion]
FROM [Users] AS [u]
WHERE [u].[Id] = @p
2026-09-28 14:24:06.170 +05:45 [INF] Executing endpoint 'PollAndVotingSystem.Controllers.CandidateApplicationsController.GetByElection (PollAndVotingSystem)'
2026-09-28 14:24:06.174 +05:45 [INF] Route matched with {action = "GetByElection", controller = "CandidateApplications"}. Executing controller action with signature System.Threading.Tasks.Task`1[Microsoft.AspNetCore.Mvc.IActionResult] GetByElection(Int32) on controller PollAndVotingSystem.Controllers.CandidateApplicationsController (PollAndVotingSystem).
2026-09-28 14:24:06.188 +05:45 [INF] Executing action method PollAndVotingSystem.Controllers.CandidateApplicationsController.GetByElection (PollAndVotingSystem) - Validation state: "Valid"
2026-09-28 14:24:06.204 +05:45 [INF] Executed DbCommand (7ms) [Parameters=[@electionId='?' (DbType = Int32)], CommandType='"Text"', CommandTimeout='0']
SELECT [c].[Id], [c].[ElectionId], [c].[RejectionReason], [c].[ReviewedAt], [c].[ReviewedByUserId], [c].[Statement], [c].[Status], [c].[UserId], [u].[Id], [u].[DateJoined], [u].[DepartmentId], [u].[Email], [u].[Name], [u].[OtpCode], [u].[OtpExpiresAt], [u].[PasswordHash], [u].[Role], [u].[TokenVersion]
FROM [CandidateApplications] AS [c]
INNER JOIN [Users] AS [u] ON [c].[UserId] = [u].[Id]
WHERE [c].[ElectionId] = @electionId
2026-09-28 14:24:06.209 +05:45 [INF] Executed action method PollAndVotingSystem.Controllers.CandidateApplicationsController.GetByElection (PollAndVotingSystem), returned result Microsoft.AspNetCore.Mvc.OkObjectResult in 18.232ms.
2026-09-28 14:24:06.215 +05:45 [INF] Executing OkObjectResult, writing value of type 'System.Collections.Generic.List`1[[PollAndVotingSystem.DTOs.CandidateApplication.CandidateApplicationResponseDto, PollAndVotingSystem, Version=1.0.0.0, Culture=neutral, PublicKeyToken=null]]'.
2026-09-28 14:24:06.220 +05:45 [INF] Executed action PollAndVotingSystem.Controllers.CandidateApplicationsController.GetByElection (PollAndVotingSystem) in 32.6158ms
2026-09-28 14:24:06.226 +05:45 [INF] Executed endpoint 'PollAndVotingSystem.Controllers.CandidateApplicationsController.GetByElection (PollAndVotingSystem)'
2026-09-28 14:24:06.229 +05:45 [INF] Request finished HTTP/1.1 GET http://localhost:5145/api/candidateapplications/election/2 - 200 null application/json; charset=utf-8 87.3341ms
2026-09-28 14:24:06.251 +05:45 [INF] Request starting HTTP/1.1 OPTIONS http://localhost:5145/api/votes/election/2/results - null null
2026-09-28 14:24:06.263 +05:45 [INF] CORS policy execution successful.
2026-09-28 14:24:06.265 +05:45 [INF] Request finished HTTP/1.1 OPTIONS http://localhost:5145/api/votes/election/2/results - 204 null null 14.8326ms
2026-09-28 14:24:06.277 +05:45 [INF] Request starting HTTP/1.1 GET http://localhost:5145/api/votes/election/2/results - null null
2026-09-28 14:24:06.283 +05:45 [INF] CORS policy execution successful.
2026-09-28 14:24:06.306 +05:45 [INF] Executed DbCommand (3ms) [Parameters=[@p='?' (DbType = Int32)], CommandType='"Text"', CommandTimeout='0']
SELECT TOP(1) [u].[Id], [u].[DateJoined], [u].[DepartmentId], [u].[Email], [u].[Name], [u].[OtpCode], [u].[OtpExpiresAt], [u].[PasswordHash], [u].[Role], [u].[TokenVersion]
FROM [Users] AS [u]
WHERE [u].[Id] = @p
2026-09-28 14:24:06.311 +05:45 [INF] Executing endpoint 'PollAndVotingSystem.Controllers.VotesController.GetResults (PollAndVotingSystem)'
2026-09-28 14:24:06.314 +05:45 [INF] Route matched with {action = "GetResults", controller = "Votes"}. Executing controller action with signature System.Threading.Tasks.Task`1[Microsoft.AspNetCore.Mvc.IActionResult] GetResults(Int32) on controller PollAndVotingSystem.Controllers.VotesController (PollAndVotingSystem).
2026-09-28 14:24:06.321 +05:45 [INF] Executing action method PollAndVotingSystem.Controllers.VotesController.GetResults (PollAndVotingSystem) - Validation state: "Valid"
2026-09-28 14:24:06.330 +05:45 [INF] Executed DbCommand (1ms) [Parameters=[@p='?' (DbType = Int32)], CommandType='"Text"', CommandTimeout='0']
SELECT TOP(1) [e].[Id], [e].[CreatedByUserId], [e].[DepartmentId], [e].[Description], [e].[EndDate], [e].[IsLocked], [e].[MinTenureYears], [e].[StartDate], [e].[Status], [e].[Title]
FROM [Elections] AS [e]
WHERE [e].[Id] = @p
2026-09-28 14:24:06.344 +05:45 [INF] Executed DbCommand (4ms) [Parameters=[@electionId='?' (DbType = Int32)], CommandType='"Text"', CommandTimeout='0']
SELECT [v].[Id], [v].[CandidateId], [v].[ElectionId], [v].[Timestamp], [v].[VoterId], [c].[Id], [c].[ApplicationId], [c].[ElectionId], [c].[UserId], [u].[Id], [u].[DateJoined], [u].[DepartmentId], [u].[Email], [u].[Name], [u].[OtpCode], [u].[OtpExpiresAt], [u].[PasswordHash], [u].[Role], [u].[TokenVersion]
FROM [Votes] AS [v]
INNER JOIN [Candidates] AS [c] ON [v].[CandidateId] = [c].[Id]
INNER JOIN [Users] AS [u] ON [c].[UserId] = [u].[Id]
WHERE [v].[ElectionId] = @electionId
2026-09-28 14:24:06.349 +05:45 [INF] Executed action method PollAndVotingSystem.Controllers.VotesController.GetResults (PollAndVotingSystem), returned result Microsoft.AspNetCore.Mvc.OkObjectResult in 24.6211ms.
2026-09-28 14:24:06.354 +05:45 [INF] Executing OkObjectResult, writing value of type 'PollAndVotingSystem.DTOs.Vote.ElectionResultsResponseDto'.
2026-09-28 14:24:06.358 +05:45 [INF] Executed action PollAndVotingSystem.Controllers.VotesController.GetResults (PollAndVotingSystem) in 37.1501ms
2026-09-28 14:24:06.361 +05:45 [INF] Executed endpoint 'PollAndVotingSystem.Controllers.VotesController.GetResults (PollAndVotingSystem)'
2026-09-28 14:24:06.364 +05:45 [INF] Request finished HTTP/1.1 GET http://localhost:5145/api/votes/election/2/results - 200 null application/json; charset=utf-8 87.2162ms
2026-09-28 14:27:33.807 +05:45 [INF] Executed DbCommand (15ms) [Parameters=[], CommandType='"Text"', CommandTimeout='0']
SELECT [e].[Id], [e].[CreatedByUserId], [e].[DepartmentId], [e].[Description], [e].[EndDate], [e].[IsLocked], [e].[MinTenureYears], [e].[StartDate], [e].[Status], [e].[Title], [d].[Id], [d].[Name]
FROM [Elections] AS [e]
INNER JOIN [Departments] AS [d] ON [e].[DepartmentId] = [d].[Id]
ORDER BY [e].[StartDate] DESC
2026-09-28 14:27:33.823 +05:45 [INF] Executed DbCommand (5ms) [Parameters=[@electionId='?' (DbType = Int32), @type='?' (DbType = Int32)], CommandType='"Text"', CommandTimeout='0']
SELECT CASE
    WHEN EXISTS (
        SELECT 1
        FROM [Notifications] AS [n]
        WHERE [n].[ElectionId] = @electionId AND [n].[Type] = @type) THEN CAST(1 AS bit)
    ELSE CAST(0 AS bit)
END
2026-09-28 14:32:33.854 +05:45 [INF] Executed DbCommand (13ms) [Parameters=[], CommandType='"Text"', CommandTimeout='0']
SELECT [e].[Id], [e].[CreatedByUserId], [e].[DepartmentId], [e].[Description], [e].[EndDate], [e].[IsLocked], [e].[MinTenureYears], [e].[StartDate], [e].[Status], [e].[Title], [d].[Id], [d].[Name]
FROM [Elections] AS [e]
INNER JOIN [Departments] AS [d] ON [e].[DepartmentId] = [d].[Id]
ORDER BY [e].[StartDate] DESC
2026-09-28 14:32:33.870 +05:45 [INF] Executed DbCommand (5ms) [Parameters=[@electionId='?' (DbType = Int32), @type='?' (DbType = Int32)], CommandType='"Text"', CommandTimeout='0']
SELECT CASE
    WHEN EXISTS (
        SELECT 1
        FROM [Notifications] AS [n]
        WHERE [n].[ElectionId] = @electionId AND [n].[Type] = @type) THEN CAST(1 AS bit)
    ELSE CAST(0 AS bit)
END
2026-09-28 14:34:47.932 +05:45 [INF] Request starting HTTP/1.1 OPTIONS http://localhost:5145/api/departments - null null
2026-09-28 14:34:47.944 +05:45 [INF] CORS policy execution successful.
2026-09-28 14:34:47.946 +05:45 [INF] Request finished HTTP/1.1 OPTIONS http://localhost:5145/api/departments - 204 null null 13.6863ms
2026-09-28 14:34:47.952 +05:45 [INF] Request starting HTTP/1.1 GET http://localhost:5145/api/departments - null null
2026-09-28 14:34:47.959 +05:45 [INF] CORS policy execution successful.
2026-09-28 14:34:47.980 +05:45 [INF] Executed DbCommand (7ms) [Parameters=[@p='?' (DbType = Int32)], CommandType='"Text"', CommandTimeout='0']
SELECT TOP(1) [u].[Id], [u].[DateJoined], [u].[DepartmentId], [u].[Email], [u].[Name], [u].[OtpCode], [u].[OtpExpiresAt], [u].[PasswordHash], [u].[Role], [u].[TokenVersion]
FROM [Users] AS [u]
WHERE [u].[Id] = @p
2026-09-28 14:34:47.986 +05:45 [INF] Executing endpoint 'PollAndVotingSystem.Controllers.DepartmentsController.GetAll (PollAndVotingSystem)'
2026-09-28 14:34:47.990 +05:45 [INF] Route matched with {action = "GetAll", controller = "Departments"}. Executing controller action with signature System.Threading.Tasks.Task`1[Microsoft.AspNetCore.Mvc.IActionResult] GetAll() on controller PollAndVotingSystem.Controllers.DepartmentsController (PollAndVotingSystem).
2026-09-28 14:34:47.995 +05:45 [INF] Executing action method PollAndVotingSystem.Controllers.DepartmentsController.GetAll (PollAndVotingSystem) - Validation state: "Valid"
2026-09-28 14:34:48.008 +05:45 [INF] Executed DbCommand (3ms) [Parameters=[], CommandType='"Text"', CommandTimeout='0']
SELECT [d].[Id], [d].[Name]
FROM [Departments] AS [d]
2026-09-28 14:34:48.013 +05:45 [INF] Executed action method PollAndVotingSystem.Controllers.DepartmentsController.GetAll (PollAndVotingSystem), returned result Microsoft.AspNetCore.Mvc.OkObjectResult in 15.7872ms.
2026-09-28 14:34:48.018 +05:45 [INF] Executing OkObjectResult, writing value of type 'System.Linq.Enumerable+ListSelectIterator`2[[PollAndVotingSystem.Models.Department, PollAndVotingSystem, Version=1.0.0.0, Culture=neutral, PublicKeyToken=null],[PollAndVotingSystem.DTOs.Department.DepartmentResponseDto, PollAndVotingSystem, Version=1.0.0.0, Culture=neutral, PublicKeyToken=null]]'.
2026-09-28 14:34:48.025 +05:45 [INF] Executed action PollAndVotingSystem.Controllers.DepartmentsController.GetAll (PollAndVotingSystem) in 30.7324ms
2026-09-28 14:34:48.029 +05:45 [INF] Executed endpoint 'PollAndVotingSystem.Controllers.DepartmentsController.GetAll (PollAndVotingSystem)'
2026-09-28 14:34:48.031 +05:45 [INF] Request finished HTTP/1.1 GET http://localhost:5145/api/departments - 200 null application/json; charset=utf-8 79.2078ms
2026-09-28 14:34:48.049 +05:45 [INF] Request starting HTTP/1.1 OPTIONS http://localhost:5145/api/elections/2 - null null
2026-09-28 14:34:48.062 +05:45 [INF] CORS policy execution successful.
2026-09-28 14:34:48.065 +05:45 [INF] Request finished HTTP/1.1 OPTIONS http://localhost:5145/api/elections/2 - 204 null null 16.3589ms
2026-09-28 14:34:48.078 +05:45 [INF] Request starting HTTP/1.1 GET http://localhost:5145/api/elections/2 - null null
2026-09-28 14:34:48.088 +05:45 [INF] CORS policy execution successful.
2026-09-28 14:34:48.097 +05:45 [INF] Executed DbCommand (1ms) [Parameters=[@p='?' (DbType = Int32)], CommandType='"Text"', CommandTimeout='0']
SELECT TOP(1) [u].[Id], [u].[DateJoined], [u].[DepartmentId], [u].[Email], [u].[Name], [u].[OtpCode], [u].[OtpExpiresAt], [u].[PasswordHash], [u].[Role], [u].[TokenVersion]
FROM [Users] AS [u]
WHERE [u].[Id] = @p
2026-09-28 14:34:48.103 +05:45 [INF] Executing endpoint 'PollAndVotingSystem.Controllers.ElectionsController.GetById (PollAndVotingSystem)'
2026-09-28 14:34:48.106 +05:45 [INF] Route matched with {action = "GetById", controller = "Elections"}. Executing controller action with signature System.Threading.Tasks.Task`1[Microsoft.AspNetCore.Mvc.IActionResult] GetById(Int32) on controller PollAndVotingSystem.Controllers.ElectionsController (PollAndVotingSystem).
2026-09-28 14:34:48.110 +05:45 [INF] Executing action method PollAndVotingSystem.Controllers.ElectionsController.GetById (PollAndVotingSystem) - Validation state: "Valid"
2026-09-28 14:34:48.126 +05:45 [INF] Executed DbCommand (5ms) [Parameters=[@id='?' (DbType = Int32)], CommandType='"Text"', CommandTimeout='0']
SELECT TOP(1) [e].[Id], [e].[CreatedByUserId], [e].[DepartmentId], [e].[Description], [e].[EndDate], [e].[IsLocked], [e].[MinTenureYears], [e].[StartDate], [e].[Status], [e].[Title], [d].[Id], [d].[Name]
FROM [Elections] AS [e]
INNER JOIN [Departments] AS [d] ON [e].[DepartmentId] = [d].[Id]
WHERE [e].[Id] = @id
2026-09-28 14:34:48.131 +05:45 [INF] Executed action method PollAndVotingSystem.Controllers.ElectionsController.GetById (PollAndVotingSystem), returned result Microsoft.AspNetCore.Mvc.OkObjectResult in 17.4873ms.
2026-09-28 14:34:48.138 +05:45 [INF] Executing OkObjectResult, writing value of type 'PollAndVotingSystem.DTOs.Election.ElectionResponseDto'.
2026-09-28 14:34:48.142 +05:45 [INF] Executed action PollAndVotingSystem.Controllers.ElectionsController.GetById (PollAndVotingSystem) in 32.2069ms
2026-09-28 14:34:48.146 +05:45 [INF] Executed endpoint 'PollAndVotingSystem.Controllers.ElectionsController.GetById (PollAndVotingSystem)'
2026-09-28 14:34:48.149 +05:45 [INF] Request finished HTTP/1.1 GET http://localhost:5145/api/elections/2 - 200 null application/json; charset=utf-8 70.8334ms
2026-09-28 14:34:50.233 +05:45 [INF] Request starting HTTP/1.1 OPTIONS http://localhost:5145/api/elections - null null
2026-09-28 14:34:50.242 +05:45 [INF] CORS policy execution successful.
2026-09-28 14:34:50.246 +05:45 [INF] Request finished HTTP/1.1 OPTIONS http://localhost:5145/api/elections - 204 null null 12.8875ms
2026-09-28 14:34:50.262 +05:45 [INF] Request starting HTTP/1.1 GET http://localhost:5145/api/elections - null null
2026-09-28 14:34:50.267 +05:45 [INF] CORS policy execution successful.
2026-09-28 14:34:50.280 +05:45 [INF] Executed DbCommand (1ms) [Parameters=[@p='?' (DbType = Int32)], CommandType='"Text"', CommandTimeout='0']
SELECT TOP(1) [u].[Id], [u].[DateJoined], [u].[DepartmentId], [u].[Email], [u].[Name], [u].[OtpCode], [u].[OtpExpiresAt], [u].[PasswordHash], [u].[Role], [u].[TokenVersion]
FROM [Users] AS [u]
WHERE [u].[Id] = @p
2026-09-28 14:34:50.287 +05:45 [INF] Executing endpoint 'PollAndVotingSystem.Controllers.ElectionsController.GetAll (PollAndVotingSystem)'
2026-09-28 14:34:50.290 +05:45 [INF] Route matched with {action = "GetAll", controller = "Elections"}. Executing controller action with signature System.Threading.Tasks.Task`1[Microsoft.AspNetCore.Mvc.IActionResult] GetAll() on controller PollAndVotingSystem.Controllers.ElectionsController (PollAndVotingSystem).
2026-09-28 14:34:50.295 +05:45 [INF] Executing action method PollAndVotingSystem.Controllers.ElectionsController.GetAll (PollAndVotingSystem) - Validation state: "Valid"
2026-09-28 14:34:50.309 +05:45 [INF] Executed DbCommand (3ms) [Parameters=[@departmentId='?' (DbType = Int32)], CommandType='"Text"', CommandTimeout='0']
SELECT [e].[Id], [e].[CreatedByUserId], [e].[DepartmentId], [e].[Description], [e].[EndDate], [e].[IsLocked], [e].[MinTenureYears], [e].[StartDate], [e].[Status], [e].[Title], [d].[Id], [d].[Name]
FROM [Elections] AS [e]
INNER JOIN [Departments] AS [d] ON [e].[DepartmentId] = [d].[Id]
WHERE [e].[DepartmentId] = @departmentId
ORDER BY [e].[StartDate] DESC
2026-09-28 14:34:50.315 +05:45 [INF] Executed action method PollAndVotingSystem.Controllers.ElectionsController.GetAll (PollAndVotingSystem), returned result Microsoft.AspNetCore.Mvc.OkObjectResult in 16.6408ms.
2026-09-28 14:34:50.322 +05:45 [INF] Executing OkObjectResult, writing value of type 'System.Collections.Generic.List`1[[PollAndVotingSystem.DTOs.Election.ElectionResponseDto, PollAndVotingSystem, Version=1.0.0.0, Culture=neutral, PublicKeyToken=null]]'.
2026-09-28 14:34:50.328 +05:45 [INF] Executed action PollAndVotingSystem.Controllers.ElectionsController.GetAll (PollAndVotingSystem) in 33.1274ms
2026-09-28 14:34:50.334 +05:45 [INF] Executed endpoint 'PollAndVotingSystem.Controllers.ElectionsController.GetAll (PollAndVotingSystem)'
2026-09-28 14:34:50.341 +05:45 [INF] Request finished HTTP/1.1 GET http://localhost:5145/api/elections - 200 null application/json; charset=utf-8 78.3894ms
2026-09-28 14:37:33.930 +05:45 [INF] Executed DbCommand (23ms) [Parameters=[], CommandType='"Text"', CommandTimeout='0']
SELECT [e].[Id], [e].[CreatedByUserId], [e].[DepartmentId], [e].[Description], [e].[EndDate], [e].[IsLocked], [e].[MinTenureYears], [e].[StartDate], [e].[Status], [e].[Title], [d].[Id], [d].[Name]
FROM [Elections] AS [e]
INNER JOIN [Departments] AS [d] ON [e].[DepartmentId] = [d].[Id]
ORDER BY [e].[StartDate] DESC
2026-09-28 14:37:33.952 +05:45 [INF] Executed DbCommand (6ms) [Parameters=[@electionId='?' (DbType = Int32), @type='?' (DbType = Int32)], CommandType='"Text"', CommandTimeout='0']
SELECT CASE
    WHEN EXISTS (
        SELECT 1
        FROM [Notifications] AS [n]
        WHERE [n].[ElectionId] = @electionId AND [n].[Type] = @type) THEN CAST(1 AS bit)
    ELSE CAST(0 AS bit)
END
2026-09-28 14:42:33.996 +05:45 [INF] Executed DbCommand (20ms) [Parameters=[], CommandType='"Text"', CommandTimeout='0']
SELECT [e].[Id], [e].[CreatedByUserId], [e].[DepartmentId], [e].[Description], [e].[EndDate], [e].[IsLocked], [e].[MinTenureYears], [e].[StartDate], [e].[Status], [e].[Title], [d].[Id], [d].[Name]
FROM [Elections] AS [e]
INNER JOIN [Departments] AS [d] ON [e].[DepartmentId] = [d].[Id]
ORDER BY [e].[StartDate] DESC
2026-09-28 14:42:34.019 +05:45 [INF] Executed DbCommand (8ms) [Parameters=[@electionId='?' (DbType = Int32), @type='?' (DbType = Int32)], CommandType='"Text"', CommandTimeout='0']
SELECT CASE
    WHEN EXISTS (
        SELECT 1
        FROM [Notifications] AS [n]
        WHERE [n].[ElectionId] = @electionId AND [n].[Type] = @type) THEN CAST(1 AS bit)
    ELSE CAST(0 AS bit)
END
2026-09-28 14:47:34.060 +05:45 [INF] Executed DbCommand (15ms) [Parameters=[], CommandType='"Text"', CommandTimeout='0']
SELECT [e].[Id], [e].[CreatedByUserId], [e].[DepartmentId], [e].[Description], [e].[EndDate], [e].[IsLocked], [e].[MinTenureYears], [e].[StartDate], [e].[Status], [e].[Title], [d].[Id], [d].[Name]
FROM [Elections] AS [e]
INNER JOIN [Departments] AS [d] ON [e].[DepartmentId] = [d].[Id]
ORDER BY [e].[StartDate] DESC
2026-09-28 14:47:34.076 +05:45 [INF] Executed DbCommand (5ms) [Parameters=[@electionId='?' (DbType = Int32), @type='?' (DbType = Int32)], CommandType='"Text"', CommandTimeout='0']
SELECT CASE
    WHEN EXISTS (
        SELECT 1
        FROM [Notifications] AS [n]
        WHERE [n].[ElectionId] = @electionId AND [n].[Type] = @type) THEN CAST(1 AS bit)
    ELSE CAST(0 AS bit)
END
2026-09-28 14:52:34.117 +05:45 [INF] Executed DbCommand (17ms) [Parameters=[], CommandType='"Text"', CommandTimeout='0']
SELECT [e].[Id], [e].[CreatedByUserId], [e].[DepartmentId], [e].[Description], [e].[EndDate], [e].[IsLocked], [e].[MinTenureYears], [e].[StartDate], [e].[Status], [e].[Title], [d].[Id], [d].[Name]
FROM [Elections] AS [e]
INNER JOIN [Departments] AS [d] ON [e].[DepartmentId] = [d].[Id]
ORDER BY [e].[StartDate] DESC
2026-09-28 14:52:34.134 +05:45 [INF] Executed DbCommand (5ms) [Parameters=[@electionId='?' (DbType = Int32), @type='?' (DbType = Int32)], CommandType='"Text"', CommandTimeout='0']
SELECT CASE
    WHEN EXISTS (
        SELECT 1
        FROM [Notifications] AS [n]
        WHERE [n].[ElectionId] = @electionId AND [n].[Type] = @type) THEN CAST(1 AS bit)
    ELSE CAST(0 AS bit)
END
2026-09-28 14:57:34.190 +05:45 [INF] Executed DbCommand (15ms) [Parameters=[], CommandType='"Text"', CommandTimeout='0']
SELECT [e].[Id], [e].[CreatedByUserId], [e].[DepartmentId], [e].[Description], [e].[EndDate], [e].[IsLocked], [e].[MinTenureYears], [e].[StartDate], [e].[Status], [e].[Title], [d].[Id], [d].[Name]
FROM [Elections] AS [e]
INNER JOIN [Departments] AS [d] ON [e].[DepartmentId] = [d].[Id]
ORDER BY [e].[StartDate] DESC
2026-09-28 14:57:34.207 +05:45 [INF] Executed DbCommand (5ms) [Parameters=[@electionId='?' (DbType = Int32), @type='?' (DbType = Int32)], CommandType='"Text"', CommandTimeout='0']
SELECT CASE
    WHEN EXISTS (
        SELECT 1
        FROM [Notifications] AS [n]
        WHERE [n].[ElectionId] = @electionId AND [n].[Type] = @type) THEN CAST(1 AS bit)
    ELSE CAST(0 AS bit)
END
2026-09-28 15:02:34.256 +05:45 [INF] Executed DbCommand (28ms) [Parameters=[], CommandType='"Text"', CommandTimeout='0']
SELECT [e].[Id], [e].[CreatedByUserId], [e].[DepartmentId], [e].[Description], [e].[EndDate], [e].[IsLocked], [e].[MinTenureYears], [e].[StartDate], [e].[Status], [e].[Title], [d].[Id], [d].[Name]
FROM [Elections] AS [e]
INNER JOIN [Departments] AS [d] ON [e].[DepartmentId] = [d].[Id]
ORDER BY [e].[StartDate] DESC
2026-09-28 15:02:34.288 +05:45 [INF] Executed DbCommand (10ms) [Parameters=[@electionId='?' (DbType = Int32), @type='?' (DbType = Int32)], CommandType='"Text"', CommandTimeout='0']
SELECT CASE
    WHEN EXISTS (
        SELECT 1
        FROM [Notifications] AS [n]
        WHERE [n].[ElectionId] = @electionId AND [n].[Type] = @type) THEN CAST(1 AS bit)
    ELSE CAST(0 AS bit)
END
2026-09-28 15:07:33.297 +05:45 [INF] Executed DbCommand (20ms) [Parameters=[], CommandType='"Text"', CommandTimeout='0']
SELECT [e].[Id], [e].[CreatedByUserId], [e].[DepartmentId], [e].[Description], [e].[EndDate], [e].[IsLocked], [e].[MinTenureYears], [e].[StartDate], [e].[Status], [e].[Title], [d].[Id], [d].[Name]
FROM [Elections] AS [e]
INNER JOIN [Departments] AS [d] ON [e].[DepartmentId] = [d].[Id]
ORDER BY [e].[StartDate] DESC
2026-09-28 15:07:33.325 +05:45 [INF] Executed DbCommand (9ms) [Parameters=[@electionId='?' (DbType = Int32), @type='?' (DbType = Int32)], CommandType='"Text"', CommandTimeout='0']
SELECT CASE
    WHEN EXISTS (
        SELECT 1
        FROM [Notifications] AS [n]
        WHERE [n].[ElectionId] = @electionId AND [n].[Type] = @type) THEN CAST(1 AS bit)
    ELSE CAST(0 AS bit)
END
2026-09-28 15:12:33.460 +05:45 [INF] Executed DbCommand (74ms) [Parameters=[], CommandType='"Text"', CommandTimeout='0']
SELECT [e].[Id], [e].[CreatedByUserId], [e].[DepartmentId], [e].[Description], [e].[EndDate], [e].[IsLocked], [e].[MinTenureYears], [e].[StartDate], [e].[Status], [e].[Title], [d].[Id], [d].[Name]
FROM [Elections] AS [e]
INNER JOIN [Departments] AS [d] ON [e].[DepartmentId] = [d].[Id]
ORDER BY [e].[StartDate] DESC
2026-09-28 15:12:33.519 +05:45 [INF] Executed DbCommand (9ms) [Parameters=[@electionId='?' (DbType = Int32), @type='?' (DbType = Int32)], CommandType='"Text"', CommandTimeout='0']
SELECT CASE
    WHEN EXISTS (
        SELECT 1
        FROM [Notifications] AS [n]
        WHERE [n].[ElectionId] = @electionId AND [n].[Type] = @type) THEN CAST(1 AS bit)
    ELSE CAST(0 AS bit)
END
2026-09-28 15:17:33.680 +05:45 [INF] Executed DbCommand (23ms) [Parameters=[], CommandType='"Text"', CommandTimeout='0']
SELECT [e].[Id], [e].[CreatedByUserId], [e].[DepartmentId], [e].[Description], [e].[EndDate], [e].[IsLocked], [e].[MinTenureYears], [e].[StartDate], [e].[Status], [e].[Title], [d].[Id], [d].[Name]
FROM [Elections] AS [e]
INNER JOIN [Departments] AS [d] ON [e].[DepartmentId] = [d].[Id]
ORDER BY [e].[StartDate] DESC
2026-09-28 15:17:33.708 +05:45 [INF] Executed DbCommand (9ms) [Parameters=[@electionId='?' (DbType = Int32), @type='?' (DbType = Int32)], CommandType='"Text"', CommandTimeout='0']
SELECT CASE
    WHEN EXISTS (
        SELECT 1
        FROM [Notifications] AS [n]
        WHERE [n].[ElectionId] = @electionId AND [n].[Type] = @type) THEN CAST(1 AS bit)
    ELSE CAST(0 AS bit)
END
2026-09-28 15:21:51.528 +05:45 [INF] Request starting HTTP/1.1 OPTIONS http://localhost:5145/api/elections/2 - null null
2026-09-28 15:21:51.536 +05:45 [INF] CORS policy execution successful.
2026-09-28 15:21:51.538 +05:45 [INF] Request finished HTTP/1.1 OPTIONS http://localhost:5145/api/elections/2 - 204 null null 9.8516ms
2026-09-28 15:21:51.549 +05:45 [INF] Request starting HTTP/1.1 GET http://localhost:5145/api/elections/2 - null null
2026-09-28 15:21:51.556 +05:45 [INF] CORS policy execution successful.
2026-09-28 15:21:51.564 +05:45 [INF] Failed to validate the token.
Microsoft.IdentityModel.Tokens.SecurityTokenExpiredException: IDX10223: Lifetime validation failed. The token is expired. ValidTo (UTC): '9/28/2026 8:54:37 AM', Current time (UTC): '9/28/2026 9:36:51 AM'.
   at Microsoft.IdentityModel.Tokens.ValidatorUtilities.ValidateLifetime(Nullable`1 notBefore, Nullable`1 expires, SecurityToken securityToken, TokenValidationParameters validationParameters)
   at Microsoft.IdentityModel.JsonWebTokens.JsonWebTokenHandler.ValidateTokenPayloadAsync(JsonWebToken jsonWebToken, TokenValidationParameters validationParameters, BaseConfiguration configuration)
   at Microsoft.IdentityModel.JsonWebTokens.JsonWebTokenHandler.ValidateJWSAsync(JsonWebToken jsonWebToken, TokenValidationParameters validationParameters, BaseConfiguration configuration)
2026-09-28 15:21:51.572 +05:45 [INF] Bearer was not authenticated. Failure message: IDX10223: Lifetime validation failed. The token is expired. ValidTo (UTC): '9/28/2026 8:54:37 AM', Current time (UTC): '9/28/2026 9:36:51 AM'.
2026-09-28 15:21:51.577 +05:45 [INF] Authorization failed. These requirements were not met:
DenyAnonymousAuthorizationRequirement: Requires an authenticated user.
2026-09-28 15:21:51.580 +05:45 [INF] AuthenticationScheme: Bearer was challenged.
2026-09-28 15:21:51.583 +05:45 [INF] Request finished HTTP/1.1 GET http://localhost:5145/api/elections/2 - 401 0 null 33.7414ms
2026-09-28 15:22:33.766 +05:45 [INF] Executed DbCommand (18ms) [Parameters=[], CommandType='"Text"', CommandTimeout='0']
SELECT [e].[Id], [e].[CreatedByUserId], [e].[DepartmentId], [e].[Description], [e].[EndDate], [e].[IsLocked], [e].[MinTenureYears], [e].[StartDate], [e].[Status], [e].[Title], [d].[Id], [d].[Name]
FROM [Elections] AS [e]
INNER JOIN [Departments] AS [d] ON [e].[DepartmentId] = [d].[Id]
ORDER BY [e].[StartDate] DESC
2026-09-28 15:22:33.787 +05:45 [INF] Executed DbCommand (9ms) [Parameters=[@electionId='?' (DbType = Int32), @type='?' (DbType = Int32)], CommandType='"Text"', CommandTimeout='0']
SELECT CASE
    WHEN EXISTS (
        SELECT 1
        FROM [Notifications] AS [n]
        WHERE [n].[ElectionId] = @electionId AND [n].[Type] = @type) THEN CAST(1 AS bit)
    ELSE CAST(0 AS bit)
END
2026-09-28 15:27:33.837 +05:45 [INF] Executed DbCommand (20ms) [Parameters=[], CommandType='"Text"', CommandTimeout='0']
SELECT [e].[Id], [e].[CreatedByUserId], [e].[DepartmentId], [e].[Description], [e].[EndDate], [e].[IsLocked], [e].[MinTenureYears], [e].[StartDate], [e].[Status], [e].[Title], [d].[Id], [d].[Name]
FROM [Elections] AS [e]
INNER JOIN [Departments] AS [d] ON [e].[DepartmentId] = [d].[Id]
ORDER BY [e].[StartDate] DESC
2026-09-28 15:27:33.864 +05:45 [INF] Executed DbCommand (8ms) [Parameters=[@electionId='?' (DbType = Int32), @type='?' (DbType = Int32)], CommandType='"Text"', CommandTimeout='0']
SELECT CASE
    WHEN EXISTS (
        SELECT 1
        FROM [Notifications] AS [n]
        WHERE [n].[ElectionId] = @electionId AND [n].[Type] = @type) THEN CAST(1 AS bit)
    ELSE CAST(0 AS bit)
END
2026-09-28 15:32:33.897 +05:45 [INF] Executed DbCommand (15ms) [Parameters=[], CommandType='"Text"', CommandTimeout='0']
SELECT [e].[Id], [e].[CreatedByUserId], [e].[DepartmentId], [e].[Description], [e].[EndDate], [e].[IsLocked], [e].[MinTenureYears], [e].[StartDate], [e].[Status], [e].[Title], [d].[Id], [d].[Name]
FROM [Elections] AS [e]
INNER JOIN [Departments] AS [d] ON [e].[DepartmentId] = [d].[Id]
ORDER BY [e].[StartDate] DESC
2026-09-28 15:32:33.921 +05:45 [INF] Executed DbCommand (7ms) [Parameters=[@electionId='?' (DbType = Int32), @type='?' (DbType = Int32)], CommandType='"Text"', CommandTimeout='0']
SELECT CASE
    WHEN EXISTS (
        SELECT 1
        FROM [Notifications] AS [n]
        WHERE [n].[ElectionId] = @electionId AND [n].[Type] = @type) THEN CAST(1 AS bit)
    ELSE CAST(0 AS bit)
END
2026-09-28 15:37:33.955 +05:45 [INF] Executed DbCommand (15ms) [Parameters=[], CommandType='"Text"', CommandTimeout='0']
SELECT [e].[Id], [e].[CreatedByUserId], [e].[DepartmentId], [e].[Description], [e].[EndDate], [e].[IsLocked], [e].[MinTenureYears], [e].[StartDate], [e].[Status], [e].[Title], [d].[Id], [d].[Name]
FROM [Elections] AS [e]
INNER JOIN [Departments] AS [d] ON [e].[DepartmentId] = [d].[Id]
ORDER BY [e].[StartDate] DESC
2026-09-28 15:37:33.973 +05:45 [INF] Executed DbCommand (5ms) [Parameters=[@electionId='?' (DbType = Int32), @type='?' (DbType = Int32)], CommandType='"Text"', CommandTimeout='0']
SELECT CASE
    WHEN EXISTS (
        SELECT 1
        FROM [Notifications] AS [n]
        WHERE [n].[ElectionId] = @electionId AND [n].[Type] = @type) THEN CAST(1 AS bit)
    ELSE CAST(0 AS bit)
END
2026-09-28 15:40:25.732 +05:45 [INF] Request starting HTTP/1.1 OPTIONS http://localhost:5145/api/auth/login - null null
2026-09-28 15:40:25.742 +05:45 [INF] CORS policy execution successful.
2026-09-28 15:40:25.748 +05:45 [INF] Request finished HTTP/1.1 OPTIONS http://localhost:5145/api/auth/login - 204 null null 16.2753ms
2026-09-28 15:40:25.758 +05:45 [INF] Request starting HTTP/1.1 POST http://localhost:5145/api/auth/login - application/json 57
2026-09-28 15:40:25.772 +05:45 [INF] CORS policy execution successful.
2026-09-28 15:40:25.774 +05:45 [INF] Executing endpoint 'PollAndVotingSystem.Controllers.AuthController.Login (PollAndVotingSystem)'
2026-09-28 15:40:25.788 +05:45 [INF] Route matched with {action = "Login", controller = "Auth"}. Executing controller action with signature System.Threading.Tasks.Task`1[Microsoft.AspNetCore.Mvc.IActionResult] Login(PollAndVotingSystem.DTOs.Auth.LoginRequestDto) on controller PollAndVotingSystem.Controllers.AuthController (PollAndVotingSystem).
2026-09-28 15:40:25.801 +05:45 [INF] Executing action method PollAndVotingSystem.Controllers.AuthController.Login (PollAndVotingSystem) - Validation state: "Valid"
2026-09-28 15:40:25.824 +05:45 [INF] Executed DbCommand (10ms) [Parameters=[@ToLower='?' (Size = 450)], CommandType='"Text"', CommandTimeout='0']
SELECT TOP(1) [u].[Id], [u].[DateJoined], [u].[DepartmentId], [u].[Email], [u].[Name], [u].[OtpCode], [u].[OtpExpiresAt], [u].[PasswordHash], [u].[Role], [u].[TokenVersion]
FROM [Users] AS [u]
WHERE LOWER([u].[Email]) = @ToLower
2026-09-28 15:40:25.833 +05:45 [INF] Executed action method PollAndVotingSystem.Controllers.AuthController.Login (PollAndVotingSystem), returned result Microsoft.AspNetCore.Mvc.UnauthorizedObjectResult in 28.8104ms.
2026-09-28 15:40:25.838 +05:45 [INF] Executing UnauthorizedObjectResult, writing value of type '<>f__AnonymousType1`1[[System.String, System.Private.CoreLib, Version=10.0.0.0, Culture=neutral, PublicKeyToken=7cec85d7bea7798e]]'.
2026-09-28 15:40:25.846 +05:45 [INF] Executed action PollAndVotingSystem.Controllers.AuthController.Login (PollAndVotingSystem) in 48.8302ms
2026-09-28 15:40:25.852 +05:45 [INF] Executed endpoint 'PollAndVotingSystem.Controllers.AuthController.Login (PollAndVotingSystem)'
2026-09-28 15:40:25.855 +05:45 [INF] Request finished HTTP/1.1 POST http://localhost:5145/api/auth/login - 401 null application/json; charset=utf-8 96.9133ms
2026-09-28 15:40:29.389 +05:45 [INF] Request starting HTTP/1.1 GET http://localhost:5145/api/departments - null null
2026-09-28 15:40:29.395 +05:45 [INF] CORS policy execution successful.
2026-09-28 15:40:29.398 +05:45 [INF] Executing endpoint 'PollAndVotingSystem.Controllers.DepartmentsController.GetAll (PollAndVotingSystem)'
2026-09-28 15:40:29.400 +05:45 [INF] Route matched with {action = "GetAll", controller = "Departments"}. Executing controller action with signature System.Threading.Tasks.Task`1[Microsoft.AspNetCore.Mvc.IActionResult] GetAll() on controller PollAndVotingSystem.Controllers.DepartmentsController (PollAndVotingSystem).
2026-09-28 15:40:29.404 +05:45 [INF] Executing action method PollAndVotingSystem.Controllers.DepartmentsController.GetAll (PollAndVotingSystem) - Validation state: "Valid"
2026-09-28 15:40:29.415 +05:45 [INF] Executed DbCommand (3ms) [Parameters=[], CommandType='"Text"', CommandTimeout='0']
SELECT [d].[Id], [d].[Name]
FROM [Departments] AS [d]
2026-09-28 15:40:29.422 +05:45 [INF] Executed action method PollAndVotingSystem.Controllers.DepartmentsController.GetAll (PollAndVotingSystem), returned result Microsoft.AspNetCore.Mvc.OkObjectResult in 13.346ms.
2026-09-28 15:40:29.428 +05:45 [INF] Executing OkObjectResult, writing value of type 'System.Linq.Enumerable+ListSelectIterator`2[[PollAndVotingSystem.Models.Department, PollAndVotingSystem, Version=1.0.0.0, Culture=neutral, PublicKeyToken=null],[PollAndVotingSystem.DTOs.Department.DepartmentResponseDto, PollAndVotingSystem, Version=1.0.0.0, Culture=neutral, PublicKeyToken=null]]'.
2026-09-28 15:40:29.436 +05:45 [INF] Executed action PollAndVotingSystem.Controllers.DepartmentsController.GetAll (PollAndVotingSystem) in 32.0565ms
2026-09-28 15:40:29.440 +05:45 [INF] Executed endpoint 'PollAndVotingSystem.Controllers.DepartmentsController.GetAll (PollAndVotingSystem)'
2026-09-28 15:40:29.446 +05:45 [INF] Request finished HTTP/1.1 GET http://localhost:5145/api/departments - 200 null application/json; charset=utf-8 57.2638ms
2026-09-28 15:42:34.037 +05:45 [INF] Executed DbCommand (25ms) [Parameters=[], CommandType='"Text"', CommandTimeout='0']
SELECT [e].[Id], [e].[CreatedByUserId], [e].[DepartmentId], [e].[Description], [e].[EndDate], [e].[IsLocked], [e].[MinTenureYears], [e].[StartDate], [e].[Status], [e].[Title], [d].[Id], [d].[Name]
FROM [Elections] AS [e]
INNER JOIN [Departments] AS [d] ON [e].[DepartmentId] = [d].[Id]
ORDER BY [e].[StartDate] DESC
2026-09-28 15:42:34.069 +05:45 [INF] Executed DbCommand (10ms) [Parameters=[@electionId='?' (DbType = Int32), @type='?' (DbType = Int32)], CommandType='"Text"', CommandTimeout='0']
SELECT CASE
    WHEN EXISTS (
        SELECT 1
        FROM [Notifications] AS [n]
        WHERE [n].[ElectionId] = @electionId AND [n].[Type] = @type) THEN CAST(1 AS bit)
    ELSE CAST(0 AS bit)
END
2026-09-28 15:43:01.835 +05:45 [INF] Application is shutting down...
